,time_stats.send_recv.min,time_stats.send_recv.max,time_stats.send_recv.mean,time_stats.send_recv.median,time_stats.send_recv.std,rank,num_workers,size,collective,devices_per_node,max_devices_per_node
0,0.005,0.005,0.005,0.005,0.0,0,2,2048,send_recv,2,8
1,0.005,0.005,0.005,0.005,0.0,0,2,10240,send_recv,2,8
2,0.009000000000000001,0.009000000000000001,0.009000000000000001,0.009000000000000001,0.0,0,2,18432,send_recv,2,8
3,0.009000000000000001,0.01,0.009333333333333334,0.009000000000000001,0.00047140452079103126,0,2,26624,send_recv,2,8
4,0.01,0.01,0.01,0.01,0.0,0,2,34816,send_recv,2,8
5,0.01,0.01,0.01,0.01,0.0,0,2,43008,send_recv,2,8
6,0.01,0.01,0.01,0.01,0.0,0,2,51200,send_recv,2,8
7,0.01,0.01,0.01,0.01,0.0,0,2,59392,send_recv,2,8
8,0.01,0.011,0.010666666666666666,0.011,0.00047140452079103126,0,2,67584,send_recv,2,8
9,0.011,0.011,0.011000000000000001,0.011,1.734723475976807e-18,0,2,75776,send_recv,2,8
10,0.011,0.011,0.011000000000000001,0.011,1.734723475976807e-18,0,2,83968,send_recv,2,8
11,0.01,0.011,0.010333333333333333,0.01,0.00047140452079103126,0,2,92160,send_recv,2,8
12,0.01,0.011,0.010666666666666666,0.011,0.00047140452079103126,0,2,100352,send_recv,2,8
13,0.011,0.011,0.011000000000000001,0.011,1.734723475976807e-18,0,2,108544,send_recv,2,8
14,0.011,0.011,0.011000000000000001,0.011,1.734723475976807e-18,0,2,116736,send_recv,2,8
15,0.011,0.011,0.011000000000000001,0.011,1.734723475976807e-18,0,2,124928,send_recv,2,8
16,0.012,0.012,0.012000000000000002,0.012,1.734723475976807e-18,0,2,133120,send_recv,2,8
17,0.012,0.012,0.012000000000000002,0.012,1.734723475976807e-18,0,2,141312,send_recv,2,8
18,0.012,0.012,0.012000000000000002,0.012,1.734723475976807e-18,0,2,149504,send_recv,2,8
19,0.012,0.012,0.012000000000000002,0.012,1.734723475976807e-18,0,2,157696,send_recv,2,8
20,0.012,0.012,0.012000000000000002,0.012,1.734723475976807e-18,0,2,165888,send_recv,2,8
21,0.012,0.012,0.012000000000000002,0.012,1.734723475976807e-18,0,2,174080,send_recv,2,8
22,0.012,0.012,0.012000000000000002,0.012,1.734723475976807e-18,0,2,182272,send_recv,2,8
23,0.012,0.012,0.012000000000000002,0.012,1.734723475976807e-18,0,2,190464,send_recv,2,8
24,0.013000000000000001,0.013000000000000001,0.013000000000000003,0.013000000000000001,1.734723475976807e-18,0,2,198656,send_recv,2,8
25,0.013000000000000001,0.013000000000000001,0.013000000000000003,0.013000000000000001,1.734723475976807e-18,0,2,206848,send_recv,2,8
26,0.013000000000000001,0.013000000000000001,0.013000000000000003,0.013000000000000001,1.734723475976807e-18,0,2,215040,send_recv,2,8
27,0.013000000000000001,0.013000000000000001,0.013000000000000003,0.013000000000000001,1.734723475976807e-18,0,2,223232,send_recv,2,8
28,0.013000000000000001,0.013000000000000001,0.013000000000000003,0.013000000000000001,1.734723475976807e-18,0,2,231424,send_recv,2,8
29,0.013000000000000001,0.013000000000000001,0.013000000000000003,0.013000000000000001,1.734723475976807e-18,0,2,239616,send_recv,2,8
30,0.013000000000000001,0.013000000000000001,0.013000000000000003,0.013000000000000001,1.734723475976807e-18,0,2,247808,send_recv,2,8
31,0.014,0.014,0.014,0.014,0.0,0,2,256000,send_recv,2,8
32,0.014,0.014,0.014,0.014,0.0,0,2,264192,send_recv,2,8
33,0.014,0.014,0.014,0.014,0.0,0,2,272384,send_recv,2,8
34,0.014,0.014,0.014,0.014,0.0,0,2,280576,send_recv,2,8
35,0.014,0.014,0.014,0.014,0.0,0,2,288768,send_recv,2,8
36,0.014,0.014,0.014,0.014,0.0,0,2,296960,send_recv,2,8
37,0.015,0.015,0.015,0.015,0.0,0,2,305152,send_recv,2,8
38,0.015,0.015,0.015,0.015,0.0,0,2,313344,send_recv,2,8
39,0.015,0.015,0.015,0.015,0.0,0,2,321536,send_recv,2,8
40,0.015,0.015,0.015,0.015,0.0,0,2,329728,send_recv,2,8
41,0.015,0.016,0.015666666666666666,0.016,0.00047140452079103207,0,2,337920,send_recv,2,8
42,0.016,0.016,0.016,0.016,0.0,0,2,346112,send_recv,2,8
43,0.015,0.016,0.015666666666666666,0.016,0.00047140452079103207,0,2,354304,send_recv,2,8
44,0.016,0.016,0.016,0.016,0.0,0,2,362496,send_recv,2,8
45,0.016,0.016,0.016,0.016,0.0,0,2,370688,send_recv,2,8
46,0.016,0.016,0.016,0.016,0.0,0,2,378880,send_recv,2,8
47,0.016,0.016,0.016,0.016,0.0,0,2,387072,send_recv,2,8
48,0.017,0.017,0.017,0.017,0.0,0,2,395264,send_recv,2,8
49,0.017,0.017,0.017,0.017,0.0,0,2,403456,send_recv,2,8
50,0.017,0.017,0.017,0.017,0.0,0,2,411648,send_recv,2,8
51,0.017,0.017,0.017,0.017,0.0,0,2,419840,send_recv,2,8
52,0.017,0.017,0.017,0.017,0.0,0,2,428032,send_recv,2,8
53,0.017,0.017,0.017,0.017,0.0,0,2,436224,send_recv,2,8
54,0.017,0.017,0.017,0.017,0.0,0,2,444416,send_recv,2,8
55,0.018000000000000002,0.018000000000000002,0.018000000000000002,0.018000000000000002,0.0,0,2,452608,send_recv,2,8
56,0.018000000000000002,0.018000000000000002,0.018000000000000002,0.018000000000000002,0.0,0,2,460800,send_recv,2,8
57,0.018000000000000002,0.018000000000000002,0.018000000000000002,0.018000000000000002,0.0,0,2,468992,send_recv,2,8
58,0.018000000000000002,0.018000000000000002,0.018000000000000002,0.018000000000000002,0.0,0,2,477184,send_recv,2,8
59,0.018000000000000002,0.018000000000000002,0.018000000000000002,0.018000000000000002,0.0,0,2,485376,send_recv,2,8
60,0.018000000000000002,0.018000000000000002,0.018000000000000002,0.018000000000000002,0.0,0,2,493568,send_recv,2,8
61,0.018000000000000002,0.019,0.018666666666666668,0.019,0.0004714045207910305,0,2,501760,send_recv,2,8
62,0.019,0.019,0.019,0.019,0.0,0,2,509952,send_recv,2,8
63,0.019,0.019,0.019,0.019,0.0,0,2,518144,send_recv,2,8
64,0.019,0.019,0.019,0.019,0.0,0,2,526336,send_recv,2,8
65,0.019,0.019,0.019,0.019,0.0,0,2,534528,send_recv,2,8
66,0.019,0.02,0.01933333333333333,0.019,0.00047140452079103207,0,2,542720,send_recv,2,8
67,0.02,0.02,0.02,0.02,0.0,0,2,550912,send_recv,2,8
68,0.02,0.02,0.02,0.02,0.0,0,2,559104,send_recv,2,8
69,0.02,0.02,0.02,0.02,0.0,0,2,567296,send_recv,2,8
70,0.02,0.02,0.02,0.02,0.0,0,2,575488,send_recv,2,8
71,0.02,0.02,0.02,0.02,0.0,0,2,583680,send_recv,2,8
72,0.021,0.021,0.021,0.021,0.0,0,2,591872,send_recv,2,8
73,0.021,0.021,0.021,0.021,0.0,0,2,600064,send_recv,2,8
74,0.021,0.021,0.021,0.021,0.0,0,2,608256,send_recv,2,8
75,0.021,0.021,0.021,0.021,0.0,0,2,616448,send_recv,2,8
76,0.021,0.021,0.021,0.021,0.0,0,2,624640,send_recv,2,8
77,0.021,0.021,0.021,0.021,0.0,0,2,632832,send_recv,2,8
78,0.021,0.021,0.021,0.021,0.0,0,2,641024,send_recv,2,8
79,0.021,0.022,0.021666666666666667,0.022,0.00047140452079103045,0,2,649216,send_recv,2,8
80,0.022,0.022,0.022000000000000002,0.022,3.469446951953614e-18,0,2,657408,send_recv,2,8
81,0.022,0.022,0.022000000000000002,0.022,3.469446951953614e-18,0,2,665600,send_recv,2,8
82,0.022,0.022,0.022000000000000002,0.022,3.469446951953614e-18,0,2,673792,send_recv,2,8
83,0.022,0.022,0.022000000000000002,0.022,3.469446951953614e-18,0,2,681984,send_recv,2,8
84,0.022,0.022,0.022000000000000002,0.022,3.469446951953614e-18,0,2,690176,send_recv,2,8
85,0.022,0.022,0.022000000000000002,0.022,3.469446951953614e-18,0,2,698368,send_recv,2,8
86,0.023,0.023,0.023000000000000003,0.023,3.469446951953614e-18,0,2,706560,send_recv,2,8
87,0.023,0.023,0.023000000000000003,0.023,3.469446951953614e-18,0,2,714752,send_recv,2,8
88,0.023,0.023,0.023000000000000003,0.023,3.469446951953614e-18,0,2,722944,send_recv,2,8
89,0.023,0.023,0.023000000000000003,0.023,3.469446951953614e-18,0,2,731136,send_recv,2,8
90,0.024,0.024,0.024000000000000004,0.024,3.469446951953614e-18,0,2,739328,send_recv,2,8
91,0.023,0.024,0.02366666666666667,0.024,0.00047140452079103207,0,2,747520,send_recv,2,8
92,0.024,0.024,0.024000000000000004,0.024,3.469446951953614e-18,0,2,755712,send_recv,2,8
93,0.024,0.024,0.024000000000000004,0.024,3.469446951953614e-18,0,2,763904,send_recv,2,8
94,0.024,0.024,0.024000000000000004,0.024,3.469446951953614e-18,0,2,772096,send_recv,2,8
95,0.024,0.024,0.024000000000000004,0.024,3.469446951953614e-18,0,2,780288,send_recv,2,8
96,0.024,0.024,0.024000000000000004,0.024,3.469446951953614e-18,0,2,788480,send_recv,2,8
97,0.025,0.025,0.025000000000000005,0.025,3.469446951953614e-18,0,2,796672,send_recv,2,8
98,0.025,0.025,0.025000000000000005,0.025,3.469446951953614e-18,0,2,804864,send_recv,2,8
99,0.025,0.025,0.025000000000000005,0.025,3.469446951953614e-18,0,2,813056,send_recv,2,8
100,0.025,0.025,0.025000000000000005,0.025,3.469446951953614e-18,0,2,821248,send_recv,2,8
101,0.025,0.025,0.025000000000000005,0.025,3.469446951953614e-18,0,2,829440,send_recv,2,8
102,0.025,0.025,0.025000000000000005,0.025,3.469446951953614e-18,0,2,837632,send_recv,2,8
103,0.025,0.026000000000000002,0.02566666666666667,0.026000000000000002,0.00047140452079103207,0,2,845824,send_recv,2,8
104,0.026000000000000002,0.026000000000000002,0.026000000000000006,0.026000000000000002,3.469446951953614e-18,0,2,854016,send_recv,2,8
105,0.026000000000000002,0.026000000000000002,0.026000000000000006,0.026000000000000002,3.469446951953614e-18,0,2,862208,send_recv,2,8
106,0.026000000000000002,0.026000000000000002,0.026000000000000006,0.026000000000000002,3.469446951953614e-18,0,2,870400,send_recv,2,8
107,0.026000000000000002,0.026000000000000002,0.026000000000000006,0.026000000000000002,3.469446951953614e-18,0,2,878592,send_recv,2,8
108,0.026000000000000002,0.026000000000000002,0.026000000000000006,0.026000000000000002,3.469446951953614e-18,0,2,886784,send_recv,2,8
109,0.026000000000000002,0.026000000000000002,0.026000000000000006,0.026000000000000002,3.469446951953614e-18,0,2,894976,send_recv,2,8
110,0.027,0.027,0.027,0.027,0.0,0,2,903168,send_recv,2,8
111,0.027,0.027,0.027,0.027,0.0,0,2,911360,send_recv,2,8
112,0.027,0.027,0.027,0.027,0.0,0,2,919552,send_recv,2,8
113,0.027,0.027,0.027,0.027,0.0,0,2,927744,send_recv,2,8
114,0.027,0.027,0.027,0.027,0.0,0,2,935936,send_recv,2,8
115,0.028,0.028,0.028,0.028,0.0,0,2,944128,send_recv,2,8
116,0.028,0.028,0.028,0.028,0.0,0,2,952320,send_recv,2,8
117,0.028,0.028,0.028,0.028,0.0,0,2,960512,send_recv,2,8
118,0.028,0.028,0.028,0.028,0.0,0,2,968704,send_recv,2,8
119,0.028,0.028,0.028,0.028,0.0,0,2,976896,send_recv,2,8
120,0.028,0.028,0.028,0.028,0.0,0,2,985088,send_recv,2,8
121,0.028,0.028,0.028,0.028,0.0,0,2,993280,send_recv,2,8
122,0.029,0.029,0.029,0.029,0.0,0,2,1001472,send_recv,2,8
123,0.029,0.029,0.029,0.029,0.0,0,2,1009664,send_recv,2,8
124,0.029,0.029,0.029,0.029,0.0,0,2,1017856,send_recv,2,8
125,0.029,0.029,0.029,0.029,0.0,0,2,1026048,send_recv,2,8
126,0.029,0.029,0.029,0.029,0.0,0,2,1034240,send_recv,2,8
127,0.029,0.029,0.029,0.029,0.0,0,2,1042432,send_recv,2,8
128,0.029,0.029,0.029,0.029,0.0,0,2,1048576,send_recv,2,8
129,0.033,0.033,0.033,0.033,0.0,0,2,1081344,send_recv,2,8
130,0.033,0.034,0.03333333333333333,0.033,0.00047140452079103207,0,2,1114112,send_recv,2,8
131,0.033,0.034,0.03366666666666667,0.034,0.00047140452079103207,0,2,1146880,send_recv,2,8
132,0.034,0.034,0.034,0.034,0.0,0,2,1179648,send_recv,2,8
133,0.035,0.035,0.035,0.035,0.0,0,2,1212416,send_recv,2,8
134,0.035,0.036000000000000004,0.035333333333333335,0.035,0.00047140452079103207,0,2,1245184,send_recv,2,8
135,0.036000000000000004,0.036000000000000004,0.036000000000000004,0.036000000000000004,0.0,0,2,1277952,send_recv,2,8
136,0.037,0.037,0.037,0.037,0.0,0,2,1310720,send_recv,2,8
137,0.037,0.056,0.043333333333333335,0.037,0.008956685895029603,0,2,1343488,send_recv,2,8
138,0.038,0.056,0.044000000000000004,0.038,0.008485281374238571,0,2,1376256,send_recv,2,8
139,0.039,0.039,0.039,0.039,0.0,0,2,1409024,send_recv,2,8
140,0.039,0.039,0.039,0.039,0.0,0,2,1441792,send_recv,2,8
141,0.04,0.04,0.04,0.04,0.0,0,2,1474560,send_recv,2,8
142,0.041,0.041,0.041,0.041,0.0,0,2,1507328,send_recv,2,8
143,0.041,0.042,0.041666666666666664,0.042,0.00047140452079103207,0,2,1540096,send_recv,2,8
144,0.042,0.042,0.042,0.042,0.0,0,2,1572864,send_recv,2,8
145,0.043000000000000003,0.107,0.06433333333333334,0.043000000000000003,0.030169889330626025,0,2,1605632,send_recv,2,8
146,0.043000000000000003,0.043000000000000003,0.043000000000000003,0.043000000000000003,0.0,0,2,1638400,send_recv,2,8
147,0.044,0.044,0.044000000000000004,0.044,6.938893903907228e-18,0,2,1671168,send_recv,2,8
148,0.045,0.045,0.045000000000000005,0.045,6.938893903907228e-18,0,2,1703936,send_recv,2,8
149,0.045,0.045,0.045000000000000005,0.045,6.938893903907228e-18,0,2,1736704,send_recv,2,8
150,0.046,0.046,0.046000000000000006,0.046,6.938893903907228e-18,0,2,1769472,send_recv,2,8
151,0.047,0.047,0.04700000000000001,0.047,6.938893903907228e-18,0,2,1802240,send_recv,2,8
152,0.047,0.047,0.04700000000000001,0.047,6.938893903907228e-18,0,2,1835008,send_recv,2,8
153,0.048,0.048,0.04800000000000001,0.048,6.938893903907228e-18,0,2,1867776,send_recv,2,8
154,0.048,0.049,0.04866666666666667,0.049,0.00047140452079103207,0,2,1900544,send_recv,2,8
155,0.049,0.049,0.04900000000000001,0.049,6.938893903907228e-18,0,2,1933312,send_recv,2,8
156,0.05,0.05,0.05000000000000001,0.05,6.938893903907228e-18,0,2,1966080,send_recv,2,8
157,0.051000000000000004,0.051000000000000004,0.05100000000000001,0.051000000000000004,6.938893903907228e-18,0,2,1998848,send_recv,2,8
158,0.051000000000000004,0.051000000000000004,0.05100000000000001,0.051000000000000004,6.938893903907228e-18,0,2,2031616,send_recv,2,8
159,0.052000000000000005,0.052000000000000005,0.05200000000000001,0.052000000000000005,6.938893903907228e-18,0,2,2064384,send_recv,2,8
160,0.052000000000000005,0.053,0.05266666666666667,0.053,0.0004714045207910288,0,2,2097152,send_recv,2,8
161,0.056,0.056,0.056,0.056,0.0,0,2,2129920,send_recv,2,8
162,0.056,0.057,0.05633333333333334,0.056,0.00047140452079103207,0,2,2162688,send_recv,2,8
163,0.056,0.057,0.05666666666666667,0.057,0.00047140452079103207,0,2,2195456,send_recv,2,8
164,0.057,0.057,0.057,0.057,0.0,0,2,2228224,send_recv,2,8
165,0.058,0.058,0.058,0.058,0.0,0,2,2260992,send_recv,2,8
166,0.058,0.058,0.058,0.058,0.0,0,2,2293760,send_recv,2,8
167,0.059000000000000004,0.059000000000000004,0.059000000000000004,0.059000000000000004,0.0,0,2,2326528,send_recv,2,8
168,0.06,0.06,0.06,0.06,0.0,0,2,2359296,send_recv,2,8
169,0.06,0.06,0.06,0.06,0.0,0,2,2392064,send_recv,2,8
170,0.061,0.061,0.061,0.061,0.0,0,2,2424832,send_recv,2,8
171,0.061,0.062,0.06166666666666667,0.062,0.00047140452079103207,0,2,2457600,send_recv,2,8
172,0.062,0.062,0.062,0.062,0.0,0,2,2490368,send_recv,2,8
173,0.063,0.063,0.063,0.063,0.0,0,2,2523136,send_recv,2,8
174,0.064,0.064,0.064,0.064,0.0,0,2,2555904,send_recv,2,8
175,0.064,0.064,0.064,0.064,0.0,0,2,2588672,send_recv,2,8
176,0.065,0.065,0.065,0.065,0.0,0,2,2621440,send_recv,2,8
177,0.066,0.066,0.066,0.066,0.0,0,2,2654208,send_recv,2,8
178,0.066,0.066,0.066,0.066,0.0,0,2,2686976,send_recv,2,8
179,0.067,0.067,0.067,0.067,0.0,0,2,2719744,send_recv,2,8
180,0.068,0.068,0.068,0.068,0.0,0,2,2752512,send_recv,2,8
181,0.068,0.068,0.068,0.068,0.0,0,2,2785280,send_recv,2,8
182,0.069,0.069,0.069,0.069,0.0,0,2,2818048,send_recv,2,8
183,0.069,0.07,0.06966666666666667,0.07,0.00047140452079103207,0,2,2850816,send_recv,2,8
184,0.07,0.07,0.07,0.07,0.0,0,2,2883584,send_recv,2,8
185,0.07100000000000001,0.07100000000000001,0.07100000000000001,0.07100000000000001,0.0,0,2,2916352,send_recv,2,8
186,0.07200000000000001,0.07200000000000001,0.07200000000000001,0.07200000000000001,0.0,0,2,2949120,send_recv,2,8
187,0.07200000000000001,0.07200000000000001,0.07200000000000001,0.07200000000000001,0.0,0,2,2981888,send_recv,2,8
188,0.073,0.073,0.073,0.073,0.0,0,2,3014656,send_recv,2,8
189,0.073,0.074,0.07333333333333332,0.073,0.00047140452079103207,0,2,3047424,send_recv,2,8
190,0.074,0.074,0.074,0.074,0.0,0,2,3080192,send_recv,2,8
191,0.075,0.075,0.075,0.075,0.0,0,2,3112960,send_recv,2,8
192,0.075,0.075,0.075,0.075,0.0,0,2,3145728,send_recv,2,8
193,0.079,0.079,0.079,0.079,0.0,0,2,3178496,send_recv,2,8
194,0.079,0.079,0.079,0.079,0.0,0,2,3211264,send_recv,2,8
195,0.079,0.08,0.07933333333333333,0.079,0.00047140452079103207,0,2,3244032,send_recv,2,8
196,0.08,0.08,0.08,0.08,0.0,0,2,3276800,send_recv,2,8
197,0.081,0.081,0.081,0.081,0.0,0,2,3309568,send_recv,2,8
198,0.081,0.081,0.081,0.081,0.0,0,2,3342336,send_recv,2,8
199,0.081,0.082,0.08166666666666667,0.082,0.00047140452079103207,0,2,3375104,send_recv,2,8
200,0.083,0.083,0.083,0.083,0.0,0,2,3407872,send_recv,2,8
201,0.083,0.083,0.083,0.083,0.0,0,2,3440640,send_recv,2,8
202,0.084,0.084,0.084,0.084,0.0,0,2,3473408,send_recv,2,8
203,0.084,0.085,0.08433333333333333,0.084,0.00047140452079103207,0,2,3506176,send_recv,2,8
204,0.085,0.085,0.085,0.085,0.0,0,2,3538944,send_recv,2,8
205,0.08600000000000001,0.08600000000000001,0.08600000000000001,0.08600000000000001,0.0,0,2,3571712,send_recv,2,8
206,0.08600000000000001,0.08700000000000001,0.08666666666666667,0.08700000000000001,0.00047140452079103207,0,2,3604480,send_recv,2,8
207,0.08700000000000001,0.08700000000000001,0.08700000000000001,0.08700000000000001,0.0,0,2,3637248,send_recv,2,8
208,0.088,0.088,0.08800000000000001,0.088,1.3877787807814457e-17,0,2,3670016,send_recv,2,8
209,0.088,0.089,0.08866666666666667,0.089,0.00047140452079103207,0,2,3702784,send_recv,2,8
210,0.089,0.089,0.08900000000000001,0.089,1.3877787807814457e-17,0,2,3735552,send_recv,2,8
211,0.089,0.09,0.08933333333333333,0.089,0.00047140452079103207,0,2,3768320,send_recv,2,8
212,0.09,0.091,0.09033333333333333,0.09,0.00047140452079103207,0,2,3801088,send_recv,2,8
213,0.091,0.091,0.09100000000000001,0.091,1.3877787807814457e-17,0,2,3833856,send_recv,2,8
214,0.092,0.092,0.09200000000000001,0.092,1.3877787807814457e-17,0,2,3866624,send_recv,2,8
215,0.092,0.092,0.09200000000000001,0.092,1.3877787807814457e-17,0,2,3899392,send_recv,2,8
216,0.093,0.093,0.09300000000000001,0.093,1.3877787807814457e-17,0,2,3932160,send_recv,2,8
217,0.094,0.094,0.09400000000000001,0.094,1.3877787807814457e-17,0,2,3964928,send_recv,2,8
218,0.094,0.094,0.09400000000000001,0.094,1.3877787807814457e-17,0,2,3997696,send_recv,2,8
219,0.095,0.095,0.09500000000000001,0.095,1.3877787807814457e-17,0,2,4030464,send_recv,2,8
220,0.096,0.096,0.09600000000000002,0.096,1.3877787807814457e-17,0,2,4063232,send_recv,2,8
221,0.096,0.097,0.09633333333333334,0.096,0.00047140452079103207,0,2,4096000,send_recv,2,8
222,0.097,0.097,0.09700000000000002,0.097,1.3877787807814457e-17,0,2,4128768,send_recv,2,8
223,0.097,0.098,0.09733333333333334,0.097,0.00047140452079103207,0,2,4161536,send_recv,2,8
224,0.098,0.098,0.09800000000000002,0.098,1.3877787807814457e-17,0,2,4194304,send_recv,2,8
225,0.10200000000000001,0.10200000000000001,0.10200000000000002,0.10200000000000001,1.3877787807814457e-17,0,2,4227072,send_recv,2,8
226,0.10200000000000001,0.10200000000000001,0.10200000000000002,0.10200000000000001,1.3877787807814457e-17,0,2,4259840,send_recv,2,8
227,0.10200000000000001,0.10200000000000001,0.10200000000000002,0.10200000000000001,1.3877787807814457e-17,0,2,4292608,send_recv,2,8
228,0.10200000000000001,0.10300000000000001,0.10233333333333335,0.10200000000000001,0.00047140452079103207,0,2,4325376,send_recv,2,8
229,0.10400000000000001,0.10400000000000001,0.10400000000000002,0.10400000000000001,1.3877787807814457e-17,0,2,4358144,send_recv,2,8
230,0.10400000000000001,0.10400000000000001,0.10400000000000002,0.10400000000000001,1.3877787807814457e-17,0,2,4390912,send_recv,2,8
231,0.10400000000000001,0.105,0.10433333333333335,0.10400000000000001,0.00047140452079102557,0,2,4423680,send_recv,2,8
232,0.105,0.105,0.105,0.105,0.0,0,2,4456448,send_recv,2,8
233,0.105,0.107,0.106,0.106,0.0008164965809277268,0,2,4489216,send_recv,2,8
234,0.106,0.107,0.10666666666666667,0.107,0.00047140452079103207,0,2,4521984,send_recv,2,8
235,0.107,0.107,0.107,0.107,0.0,0,2,4554752,send_recv,2,8
236,0.108,0.108,0.108,0.108,0.0,0,2,4587520,send_recv,2,8
237,0.108,0.108,0.108,0.108,0.0,0,2,4620288,send_recv,2,8
238,0.109,0.11,0.10966666666666668,0.11,0.00047140452079103207,0,2,4653056,send_recv,2,8
239,0.109,0.11,0.10966666666666668,0.11,0.00047140452079103207,0,2,4685824,send_recv,2,8
240,0.111,0.111,0.111,0.111,0.0,0,2,4718592,send_recv,2,8
241,0.111,0.112,0.11133333333333334,0.111,0.00047140452079103207,0,2,4751360,send_recv,2,8
242,0.112,0.112,0.112,0.112,0.0,0,2,4784128,send_recv,2,8
243,0.112,0.112,0.112,0.112,0.0,0,2,4816896,send_recv,2,8
244,0.113,0.113,0.113,0.113,0.0,0,2,4849664,send_recv,2,8
245,0.114,0.115,0.11433333333333334,0.114,0.00047140452079103207,0,2,4882432,send_recv,2,8
246,0.114,0.115,0.11433333333333334,0.114,0.00047140452079103207,0,2,4915200,send_recv,2,8
247,0.115,0.115,0.115,0.115,0.0,0,2,4947968,send_recv,2,8
248,0.116,0.116,0.116,0.116,0.0,0,2,4980736,send_recv,2,8
249,0.116,0.117,0.11633333333333334,0.116,0.00047140452079103207,0,2,5013504,send_recv,2,8
250,0.117,0.117,0.117,0.117,0.0,0,2,5046272,send_recv,2,8
251,0.117,0.11800000000000001,0.11733333333333335,0.117,0.00047140452079103207,0,2,5079040,send_recv,2,8
252,0.11800000000000001,0.11900000000000001,0.11833333333333335,0.11800000000000001,0.00047140452079103207,0,2,5111808,send_recv,2,8
253,0.11900000000000001,0.11900000000000001,0.11900000000000001,0.11900000000000001,0.0,0,2,5144576,send_recv,2,8
254,0.12,0.12,0.12,0.12,0.0,0,2,5177344,send_recv,2,8
255,0.12,0.12,0.12,0.12,0.0,0,2,5210112,send_recv,2,8
256,0.121,0.121,0.121,0.121,0.0,0,2,5242880,send_recv,2,8
257,0.124,0.125,0.12433333333333334,0.124,0.00047140452079103207,0,2,5275648,send_recv,2,8
258,0.124,0.125,0.12466666666666666,0.125,0.00047140452079103207,0,2,5308416,send_recv,2,8
259,0.125,0.125,0.125,0.125,0.0,0,2,5341184,send_recv,2,8
260,0.125,0.126,0.12533333333333332,0.125,0.00047140452079103207,0,2,5373952,send_recv,2,8
261,0.126,0.127,0.12633333333333333,0.126,0.00047140452079103207,0,2,5406720,send_recv,2,8
262,0.127,0.127,0.127,0.127,0.0,0,2,5439488,send_recv,2,8
263,0.127,0.127,0.127,0.127,0.0,0,2,5472256,send_recv,2,8
264,0.128,0.128,0.128,0.128,0.0,0,2,5505024,send_recv,2,8
265,0.128,0.129,0.12833333333333333,0.128,0.00047140452079103207,0,2,5537792,send_recv,2,8
266,0.129,0.13,0.12933333333333333,0.129,0.00047140452079103207,0,2,5570560,send_recv,2,8
267,0.129,0.13,0.12966666666666668,0.13,0.00047140452079103207,0,2,5603328,send_recv,2,8
268,0.13,0.131,0.13066666666666668,0.131,0.00047140452079103207,0,2,5636096,send_recv,2,8
269,0.131,0.131,0.131,0.131,0.0,0,2,5668864,send_recv,2,8
270,0.131,0.132,0.13166666666666668,0.132,0.00047140452079103207,0,2,5701632,send_recv,2,8
271,0.132,0.133,0.13266666666666668,0.133,0.00047140452079103207,0,2,5734400,send_recv,2,8
272,0.133,0.133,0.133,0.133,0.0,0,2,5767168,send_recv,2,8
273,0.134,0.134,0.134,0.134,0.0,0,2,5799936,send_recv,2,8
274,0.134,0.135,0.13433333333333333,0.134,0.00047140452079103207,0,2,5832704,send_recv,2,8
275,0.135,0.135,0.135,0.135,0.0,0,2,5865472,send_recv,2,8
276,0.136,0.137,0.13633333333333333,0.136,0.00047140452079103207,0,2,5898240,send_recv,2,8
277,0.136,0.137,0.1366666666666667,0.137,0.00047140452079103207,0,2,5931008,send_recv,2,8
278,0.137,0.138,0.13733333333333334,0.137,0.00047140452079103207,0,2,5963776,send_recv,2,8
279,0.138,0.138,0.138,0.138,0.0,0,2,5996544,send_recv,2,8
280,0.138,0.139,0.13833333333333334,0.138,0.00047140452079103207,0,2,6029312,send_recv,2,8
281,0.14,0.14,0.14,0.14,0.0,0,2,6062080,send_recv,2,8
282,0.14,0.14100000000000001,0.14033333333333334,0.14,0.00047140452079103207,0,2,6094848,send_recv,2,8
283,0.14,0.14200000000000002,0.14133333333333334,0.14200000000000002,0.0009428090415820641,0,2,6127616,send_recv,2,8
284,0.14100000000000001,0.14200000000000002,0.1416666666666667,0.14200000000000002,0.00047140452079103207,0,2,6160384,send_recv,2,8
285,0.14200000000000002,0.14300000000000002,0.1426666666666667,0.14300000000000002,0.00047140452079103207,0,2,6193152,send_recv,2,8
286,0.14300000000000002,0.14400000000000002,0.14333333333333334,0.14300000000000002,0.00047140452079103207,0,2,6225920,send_recv,2,8
287,0.14400000000000002,0.14400000000000002,0.14400000000000002,0.14400000000000002,0.0,0,2,6258688,send_recv,2,8
288,0.145,0.145,0.145,0.145,0.0,0,2,6291456,send_recv,2,8
289,0.149,0.149,0.149,0.149,0.0,0,2,6324224,send_recv,2,8
290,0.149,0.15,0.14966666666666664,0.15,0.00047140452079103207,0,2,6356992,send_recv,2,8
291,0.149,0.15,0.14966666666666664,0.15,0.00047140452079103207,0,2,6389760,send_recv,2,8
292,0.149,0.15,0.14966666666666664,0.15,0.00047140452079103207,0,2,6422528,send_recv,2,8
293,0.151,0.151,0.151,0.151,0.0,0,2,6455296,send_recv,2,8
294,0.151,0.152,0.15133333333333332,0.151,0.00047140452079103207,0,2,6488064,send_recv,2,8
295,0.151,0.152,0.15166666666666664,0.152,0.00047140452079103207,0,2,6520832,send_recv,2,8
296,0.152,0.154,0.153,0.153,0.0008164965809277268,0,2,6553600,send_recv,2,8
297,0.153,0.154,0.15333333333333332,0.153,0.00047140452079103207,0,2,6586368,send_recv,2,8
298,0.154,0.155,0.15433333333333332,0.154,0.00047140452079103207,0,2,6619136,send_recv,2,8
299,0.154,0.155,0.15466666666666665,0.155,0.00047140452079103207,0,2,6651904,send_recv,2,8
300,0.155,0.155,0.155,0.155,0.0,0,2,6684672,send_recv,2,8
301,0.155,0.156,0.15566666666666665,0.156,0.00047140452079103207,0,2,6717440,send_recv,2,8
302,0.156,0.157,0.15666666666666665,0.157,0.00047140452079103207,0,2,6750208,send_recv,2,8
303,0.156,0.157,0.15666666666666665,0.157,0.00047140452079103207,0,2,6782976,send_recv,2,8
304,0.158,0.159,0.15833333333333333,0.158,0.00047140452079103207,0,2,6815744,send_recv,2,8
305,0.158,0.159,0.15866666666666665,0.159,0.00047140452079103207,0,2,6848512,send_recv,2,8
306,0.159,0.16,0.15966666666666665,0.16,0.00047140452079103207,0,2,6881280,send_recv,2,8
307,0.16,0.161,0.16033333333333333,0.16,0.00047140452079103207,0,2,6914048,send_recv,2,8
308,0.16,0.161,0.16033333333333333,0.16,0.00047140452079103207,0,2,6946816,send_recv,2,8
309,0.161,0.162,0.16166666666666665,0.162,0.00047140452079103207,0,2,6979584,send_recv,2,8
310,0.161,0.162,0.16166666666666665,0.162,0.00047140452079103207,0,2,7012352,send_recv,2,8
311,0.162,0.163,0.16266666666666665,0.163,0.00047140452079103207,0,2,7045120,send_recv,2,8
312,0.163,0.164,0.16333333333333333,0.163,0.00047140452079103207,0,2,7077888,send_recv,2,8
313,0.164,0.165,0.16433333333333333,0.164,0.00047140452079103207,0,2,7110656,send_recv,2,8
314,0.164,0.166,0.165,0.165,0.0008164965809277268,0,2,7143424,send_recv,2,8
315,0.165,0.166,0.16533333333333333,0.165,0.00047140452079103207,0,2,7176192,send_recv,2,8
316,0.166,0.167,0.16633333333333333,0.166,0.00047140452079103207,0,2,7208960,send_recv,2,8
317,0.167,0.168,0.16733333333333333,0.167,0.00047140452079103207,0,2,7241728,send_recv,2,8
318,0.168,0.168,0.168,0.168,0.0,0,2,7274496,send_recv,2,8
319,0.168,0.168,0.168,0.168,0.0,0,2,7307264,send_recv,2,8
320,0.168,0.169,0.16833333333333333,0.168,0.00047140452079103207,0,2,7340032,send_recv,2,8
321,0.17200000000000001,0.17300000000000001,0.17233333333333334,0.17200000000000001,0.00047140452079103207,0,2,7372800,send_recv,2,8
322,0.17300000000000001,0.17400000000000002,0.17333333333333334,0.17300000000000001,0.00047140452079103207,0,2,7405568,send_recv,2,8
323,0.17300000000000001,0.17300000000000001,0.17300000000000001,0.17300000000000001,0.0,0,2,7438336,send_recv,2,8
324,0.17400000000000002,0.17400000000000002,0.17400000000000002,0.17400000000000002,0.0,0,2,7471104,send_recv,2,8
325,0.17500000000000002,0.176,0.17533333333333334,0.17500000000000002,0.000471404520791019,0,2,7503872,send_recv,2,8
326,0.17500000000000002,0.176,0.17533333333333334,0.17500000000000002,0.000471404520791019,0,2,7536640,send_recv,2,8
327,0.17500000000000002,0.176,0.17566666666666664,0.176,0.00047140452079101906,0,2,7569408,send_recv,2,8
328,0.17500000000000002,0.176,0.17566666666666664,0.176,0.00047140452079101906,0,2,7602176,send_recv,2,8
329,0.177,0.178,0.17733333333333334,0.177,0.00047140452079103207,0,2,7634944,send_recv,2,8
330,0.177,0.178,0.17766666666666664,0.178,0.00047140452079103207,0,2,7667712,send_recv,2,8
331,0.177,0.178,0.17733333333333334,0.177,0.00047140452079103207,0,2,7700480,send_recv,2,8
332,0.178,0.178,0.17800000000000002,0.178,2.7755575615628914e-17,0,2,7733248,send_recv,2,8
333,0.179,0.18,0.17933333333333334,0.179,0.00047140452079103207,0,2,7766016,send_recv,2,8
334,0.18,0.182,0.18099999999999997,0.181,0.0008164965809277268,0,2,7798784,send_recv,2,8
335,0.179,0.182,0.18066666666666667,0.181,0.0012472191289246482,0,2,7831552,send_recv,2,8
336,0.181,0.182,0.18133333333333335,0.181,0.00047140452079103207,0,2,7864320,send_recv,2,8
337,0.182,0.182,0.18200000000000002,0.182,2.7755575615628914e-17,0,2,7897088,send_recv,2,8
338,0.182,0.184,0.18333333333333335,0.184,0.0009428090415820641,0,2,7929856,send_recv,2,8
339,0.183,0.184,0.18333333333333335,0.183,0.00047140452079103207,0,2,7962624,send_recv,2,8
340,0.183,0.184,0.18366666666666664,0.184,0.00047140452079103207,0,2,7995392,send_recv,2,8
341,0.184,0.185,0.18433333333333332,0.184,0.00047140452079103207,0,2,8028160,send_recv,2,8
342,0.185,0.186,0.18566666666666665,0.186,0.00047140452079103207,0,2,8060928,send_recv,2,8
343,0.185,0.187,0.18600000000000003,0.186,0.0008164965809277268,0,2,8093696,send_recv,2,8
344,0.186,0.187,0.18633333333333332,0.186,0.00047140452079103207,0,2,8126464,send_recv,2,8
345,0.188,0.188,0.18800000000000003,0.188,2.7755575615628914e-17,0,2,8159232,send_recv,2,8
346,0.187,0.189,0.18800000000000003,0.188,0.0008164965809277268,0,2,8192000,send_recv,2,8
347,0.189,0.189,0.18899999999999997,0.189,2.7755575615628914e-17,0,2,8224768,send_recv,2,8
348,0.188,0.19,0.18899999999999997,0.189,0.0008164965809277268,0,2,8257536,send_recv,2,8
349,0.189,0.19,0.18966666666666665,0.19,0.00047140452079103207,0,2,8290304,send_recv,2,8
350,0.19,0.191,0.19066666666666668,0.191,0.00047140452079103207,0,2,8323072,send_recv,2,8
351,0.191,0.191,0.19099999999999998,0.191,2.7755575615628914e-17,0,2,8355840,send_recv,2,8
352,0.191,0.193,0.19233333333333333,0.193,0.0009428090415820641,0,2,8388608,send_recv,2,8
353,0.195,0.197,0.19600000000000004,0.196,0.0008164965809277268,0,2,8421376,send_recv,2,8
354,0.195,0.196,0.19566666666666666,0.196,0.00047140452079103207,0,2,8454144,send_recv,2,8
355,0.196,0.196,0.19600000000000004,0.196,2.7755575615628914e-17,0,2,8486912,send_recv,2,8
356,0.196,0.197,0.19633333333333333,0.196,0.00047140452079103207,0,2,8519680,send_recv,2,8
357,0.197,0.198,0.19733333333333336,0.197,0.00047140452079103207,0,2,8552448,send_recv,2,8
358,0.197,0.198,0.19766666666666666,0.198,0.00047140452079103207,0,2,8585216,send_recv,2,8
359,0.198,0.198,0.19800000000000004,0.198,2.7755575615628914e-17,0,2,8617984,send_recv,2,8
360,0.198,0.2,0.19899999999999998,0.199,0.0008164965809277268,0,2,8650752,send_recv,2,8
361,0.199,0.201,0.19966666666666666,0.199,0.0009428090415820641,0,2,8683520,send_recv,2,8
362,0.2,0.201,0.20033333333333334,0.2,0.00047140452079103207,0,2,8716288,send_recv,2,8
363,0.199,0.201,0.20000000000000004,0.2,0.0008164965809277268,0,2,8749056,send_recv,2,8
364,0.2,0.201,0.2006666666666667,0.201,0.00047140452079103207,0,2,8781824,send_recv,2,8
365,0.2,0.202,0.20099999999999998,0.201,0.0008164965809277268,0,2,8814592,send_recv,2,8
366,0.201,0.203,0.20233333333333334,0.203,0.0009428090415820641,0,2,8847360,send_recv,2,8
367,0.203,0.20500000000000002,0.20400000000000004,0.20400000000000001,0.0008164965809277268,0,2,8880128,send_recv,2,8
368,0.20400000000000001,0.20400000000000001,0.20400000000000004,0.20400000000000001,2.7755575615628914e-17,0,2,8912896,send_recv,2,8
369,0.203,0.20600000000000002,0.20433333333333334,0.20400000000000001,0.0012472191289246482,0,2,8945664,send_recv,2,8
370,0.20500000000000002,0.20600000000000002,0.20566666666666666,0.20600000000000002,0.00047140452079103207,0,2,8978432,send_recv,2,8
371,0.20500000000000002,0.20700000000000002,0.20600000000000004,0.20600000000000002,0.0008164965809277268,0,2,9011200,send_recv,2,8
372,0.20500000000000002,0.20800000000000002,0.2066666666666667,0.20700000000000002,0.0012472191289246482,0,2,9043968,send_recv,2,8
373,0.20600000000000002,0.20800000000000002,0.207,0.20700000000000002,0.0008164965809277268,0,2,9076736,send_recv,2,8
374,0.20800000000000002,0.209,0.20833333333333334,0.20800000000000002,0.000471404520791019,0,2,9109504,send_recv,2,8
375,0.20800000000000002,0.209,0.20833333333333334,0.20800000000000002,0.000471404520791019,0,2,9142272,send_recv,2,8
376,0.20800000000000002,0.21,0.209,0.209,0.0008164965809277153,0,2,9175040,send_recv,2,8
377,0.21,0.211,0.21033333333333334,0.21,0.00047140452079103207,0,2,9207808,send_recv,2,8
378,0.21,0.211,0.21066666666666667,0.211,0.00047140452079103207,0,2,9240576,send_recv,2,8
379,0.211,0.212,0.21166666666666667,0.212,0.00047140452079103207,0,2,9273344,send_recv,2,8
380,0.21,0.213,0.21133333333333335,0.211,0.0012472191289246482,0,2,9306112,send_recv,2,8
381,0.212,0.213,0.21266666666666667,0.213,0.00047140452079103207,0,2,9338880,send_recv,2,8
382,0.213,0.214,0.21333333333333335,0.213,0.00047140452079103207,0,2,9371648,send_recv,2,8
383,0.214,0.214,0.214,0.214,0.0,0,2,9404416,send_recv,2,8
384,0.214,0.216,0.21466666666666667,0.214,0.0009428090415820641,0,2,9437184,send_recv,2,8
385,0.218,0.218,0.218,0.218,0.0,0,2,9469952,send_recv,2,8
386,0.217,0.22,0.21866666666666668,0.219,0.0012472191289246482,0,2,9502720,send_recv,2,8
387,0.218,0.219,0.21833333333333335,0.218,0.00047140452079103207,0,2,9535488,send_recv,2,8
388,0.218,0.219,0.21866666666666668,0.219,0.00047140452079103207,0,2,9568256,send_recv,2,8
389,0.219,0.22,0.21966666666666668,0.22,0.00047140452079103207,0,2,9601024,send_recv,2,8
390,0.22,0.222,0.22133333333333335,0.222,0.0009428090415820641,0,2,9633792,send_recv,2,8
391,0.221,0.222,0.22133333333333335,0.221,0.00047140452079103207,0,2,9666560,send_recv,2,8
392,0.22,0.222,0.221,0.221,0.0008164965809277268,0,2,9699328,send_recv,2,8
393,0.222,0.223,0.22233333333333336,0.222,0.00047140452079103207,0,2,9732096,send_recv,2,8
394,0.222,0.223,0.22266666666666668,0.223,0.00047140452079103207,0,2,9764864,send_recv,2,8
395,0.223,0.224,0.22366666666666668,0.224,0.00047140452079103207,0,2,9797632,send_recv,2,8
396,0.224,0.225,0.22466666666666668,0.225,0.00047140452079103207,0,2,9830400,send_recv,2,8
397,0.222,0.224,0.22333333333333336,0.224,0.0009428090415820641,0,2,9863168,send_recv,2,8
398,0.225,0.226,0.22533333333333336,0.225,0.00047140452079103207,0,2,9895936,send_recv,2,8
399,0.225,0.226,0.22566666666666668,0.226,0.00047140452079103207,0,2,9928704,send_recv,2,8
400,0.225,0.227,0.226,0.226,0.0008164965809277268,0,2,9961472,send_recv,2,8
401,0.227,0.228,0.22733333333333336,0.227,0.00047140452079103207,0,2,9994240,send_recv,2,8
402,0.227,0.229,0.22833333333333336,0.229,0.0009428090415820641,0,2,10027008,send_recv,2,8
403,0.229,0.23,0.22933333333333336,0.229,0.00047140452079103207,0,2,10059776,send_recv,2,8
404,0.229,0.23,0.22933333333333336,0.229,0.00047140452079103207,0,2,10092544,send_recv,2,8
405,0.228,0.231,0.229,0.228,0.0014142135623730965,0,2,10125312,send_recv,2,8
406,0.229,0.231,0.22966666666666669,0.229,0.0009428090415820641,0,2,10158080,send_recv,2,8
407,0.229,0.231,0.23033333333333336,0.231,0.0009428090415820641,0,2,10190848,send_recv,2,8
408,0.231,0.233,0.23233333333333336,0.233,0.0009428090415820641,0,2,10223616,send_recv,2,8
409,0.232,0.233,0.23233333333333336,0.232,0.00047140452079103207,0,2,10256384,send_recv,2,8
410,0.232,0.234,0.233,0.233,0.0008164965809277268,0,2,10289152,send_recv,2,8
411,0.232,0.233,0.23233333333333336,0.232,0.00047140452079103207,0,2,10321920,send_recv,2,8
412,0.234,0.234,0.234,0.234,0.0,0,2,10354688,send_recv,2,8
413,0.233,0.23500000000000001,0.23433333333333337,0.23500000000000001,0.0009428090415820641,0,2,10387456,send_recv,2,8
414,0.234,0.23600000000000002,0.23533333333333337,0.23600000000000002,0.0009428090415820641,0,2,10420224,send_recv,2,8
415,0.23500000000000001,0.23700000000000002,0.23633333333333337,0.23700000000000002,0.0009428090415820641,0,2,10452992,send_recv,2,8
416,0.23600000000000002,0.23800000000000002,0.2366666666666667,0.23600000000000002,0.0009428090415820641,0,2,10485760,send_recv,2,8
417,0.24,0.242,0.241,0.241,0.0008164965809277268,0,2,10518528,send_recv,2,8
418,0.241,0.241,0.241,0.241,0.0,0,2,10551296,send_recv,2,8
419,0.24,0.242,0.24066666666666667,0.24,0.0009428090415820641,0,2,10584064,send_recv,2,8
420,0.24,0.242,0.241,0.241,0.0008164965809277268,0,2,10616832,send_recv,2,8
421,0.242,0.243,0.24266666666666667,0.243,0.00047140452079103207,0,2,10649600,send_recv,2,8
422,0.241,0.243,0.24166666666666667,0.241,0.0009428090415820641,0,2,10682368,send_recv,2,8
423,0.241,0.245,0.243,0.243,0.0016329931618554536,0,2,10715136,send_recv,2,8
424,0.241,0.244,0.24266666666666667,0.243,0.0012472191289246482,0,2,10747904,send_recv,2,8
425,0.243,0.245,0.244,0.244,0.0008164965809277268,0,2,10780672,send_recv,2,8
426,0.244,0.244,0.244,0.244,0.0,0,2,10813440,send_recv,2,8
427,0.242,0.245,0.24366666666666667,0.244,0.0012472191289246482,0,2,10846208,send_recv,2,8
428,0.245,0.246,0.24566666666666667,0.246,0.00047140452079103207,0,2,10878976,send_recv,2,8
429,0.246,0.247,0.24633333333333332,0.246,0.00047140452079103207,0,2,10911744,send_recv,2,8
430,0.247,0.249,0.248,0.248,0.0008164965809277268,0,2,10944512,send_recv,2,8
431,0.247,0.25,0.248,0.247,0.0014142135623730965,0,2,10977280,send_recv,2,8
432,0.248,0.251,0.24933333333333332,0.249,0.0012472191289246482,0,2,11010048,send_recv,2,8
433,0.248,0.249,0.24866666666666667,0.249,0.00047140452079103207,0,2,11042816,send_recv,2,8
434,0.248,0.252,0.25033333333333335,0.251,0.0016996731711975965,0,2,11075584,send_recv,2,8
435,0.249,0.252,0.25066666666666665,0.251,0.0012472191289246482,0,2,11108352,send_recv,2,8
436,0.25,0.251,0.25066666666666665,0.251,0.00047140452079103207,0,2,11141120,send_recv,2,8
437,0.251,0.254,0.252,0.251,0.0014142135623730963,0,2,11173888,send_recv,2,8
438,0.252,0.254,0.253,0.253,0.0008164965809277268,0,2,11206656,send_recv,2,8
439,0.251,0.255,0.253,0.253,0.0016329931618554536,0,2,11239424,send_recv,2,8
440,0.252,0.254,0.253,0.253,0.0008164965809277268,0,2,11272192,send_recv,2,8
441,0.253,0.256,0.25466666666666665,0.255,0.0012472191289246482,0,2,11304960,send_recv,2,8
442,0.254,0.255,0.25466666666666665,0.255,0.00047140452079103207,0,2,11337728,send_recv,2,8
443,0.256,0.258,0.25666666666666665,0.256,0.0009428090415820641,0,2,11370496,send_recv,2,8
444,0.255,0.258,0.257,0.258,0.0014142135623730965,0,2,11403264,send_recv,2,8
445,0.257,0.259,0.258,0.258,0.0008164965809277268,0,2,11436032,send_recv,2,8
446,0.257,0.259,0.25766666666666665,0.257,0.0009428090415820641,0,2,11468800,send_recv,2,8
447,0.258,0.259,0.25833333333333336,0.258,0.00047140452079103207,0,2,11501568,send_recv,2,8
448,0.257,0.259,0.25766666666666665,0.257,0.0009428090415820641,0,2,11534336,send_recv,2,8
449,0.26,0.263,0.26166666666666666,0.262,0.0012472191289246482,0,2,11567104,send_recv,2,8
450,0.261,0.263,0.26233333333333336,0.263,0.0009428090415820641,0,2,11599872,send_recv,2,8
451,0.263,0.265,0.264,0.264,0.0008164965809277268,0,2,11632640,send_recv,2,8
452,0.262,0.263,0.26233333333333336,0.262,0.00047140452079103207,0,2,11665408,send_recv,2,8
453,0.263,0.266,0.264,0.263,0.0014142135623730965,0,2,11698176,send_recv,2,8
454,0.264,0.266,0.265,0.265,0.0008164965809277268,0,2,11730944,send_recv,2,8
455,0.265,0.268,0.26633333333333337,0.266,0.0012472191289246482,0,2,11763712,send_recv,2,8
456,0.264,0.267,0.26566666666666666,0.266,0.0012472191289246482,0,2,11796480,send_recv,2,8
457,0.265,0.267,0.26633333333333337,0.267,0.0009428090415820641,0,2,11829248,send_recv,2,8
458,0.266,0.267,0.26666666666666666,0.267,0.00047140452079103207,0,2,11862016,send_recv,2,8
459,0.264,0.27,0.26766666666666666,0.269,0.002624669291337273,0,2,11894784,send_recv,2,8
460,0.266,0.267,0.26666666666666666,0.267,0.00047140452079103207,0,2,11927552,send_recv,2,8
461,0.267,0.27,0.268,0.267,0.0014142135623730965,0,2,11960320,send_recv,2,8
462,0.27,0.271,0.27033333333333337,0.27,0.00047140452079103207,0,2,11993088,send_recv,2,8
463,0.269,0.272,0.27066666666666667,0.271,0.0012472191289246482,0,2,12025856,send_recv,2,8
464,0.269,0.271,0.27,0.27,0.0008164965809277268,0,2,12058624,send_recv,2,8
465,0.271,0.271,0.271,0.271,0.0,0,2,12091392,send_recv,2,8
466,0.27,0.273,0.27166666666666667,0.272,0.0012472191289246482,0,2,12124160,send_recv,2,8
467,0.271,0.274,0.27266666666666667,0.273,0.0012472191289246482,0,2,12156928,send_recv,2,8
468,0.271,0.275,0.2733333333333334,0.274,0.0016996731711975965,0,2,12189696,send_recv,2,8
469,0.271,0.275,0.273,0.273,0.0016329931618554536,0,2,12222464,send_recv,2,8
470,0.273,0.276,0.2743333333333334,0.274,0.0012472191289246482,0,2,12255232,send_recv,2,8
471,0.274,0.277,0.2753333333333334,0.275,0.0012472191289246482,0,2,12288000,send_recv,2,8
472,0.272,0.276,0.2743333333333334,0.275,0.0016996731711975965,0,2,12320768,send_recv,2,8
473,0.275,0.277,0.276,0.276,0.0008164965809277268,0,2,12353536,send_recv,2,8
474,0.276,0.28,0.2773333333333334,0.276,0.0018856180831641283,0,2,12386304,send_recv,2,8
475,0.276,0.279,0.277,0.276,0.0014142135623730965,0,2,12419072,send_recv,2,8
476,0.278,0.279,0.2786666666666667,0.279,0.00047140452079103207,0,2,12451840,send_recv,2,8
477,0.278,0.28,0.279,0.279,0.0008164965809277268,0,2,12484608,send_recv,2,8
478,0.28,0.281,0.2803333333333334,0.28,0.00047140452079103207,0,2,12517376,send_recv,2,8
479,0.279,0.28200000000000003,0.2806666666666667,0.281,0.0012472191289246482,0,2,12550144,send_recv,2,8
480,0.281,0.28400000000000003,0.28300000000000003,0.28400000000000003,0.0014142135623730963,0,2,12582912,send_recv,2,8
481,0.28500000000000003,0.28700000000000003,0.2863333333333334,0.28700000000000003,0.0009428090415820641,0,2,12615680,send_recv,2,8
482,0.28600000000000003,0.28600000000000003,0.28600000000000003,0.28600000000000003,0.0,0,2,12648448,send_recv,2,8
483,0.28700000000000003,0.29,0.288,0.28700000000000003,0.00141421356237307,0,2,12681216,send_recv,2,8
484,0.28600000000000003,0.289,0.28733333333333333,0.28700000000000003,0.0012472191289246235,0,2,12713984,send_recv,2,8
485,0.28700000000000003,0.289,0.28800000000000003,0.28800000000000003,0.0008164965809277042,0,2,12746752,send_recv,2,8
486,0.28700000000000003,0.28800000000000003,0.2873333333333334,0.28700000000000003,0.00047140452079103207,0,2,12779520,send_recv,2,8
487,0.28400000000000003,0.289,0.2866666666666667,0.28700000000000003,0.0020548046676563065,0,2,12812288,send_recv,2,8
488,0.28600000000000003,0.28800000000000003,0.28700000000000003,0.28700000000000003,0.0008164965809277268,0,2,12845056,send_recv,2,8
489,0.28600000000000003,0.289,0.2873333333333334,0.28700000000000003,0.0012472191289246235,0,2,12877824,send_recv,2,8
490,0.28800000000000003,0.291,0.2893333333333333,0.289,0.0012472191289246283,0,2,12910592,send_recv,2,8
491,0.289,0.29,0.2893333333333333,0.289,0.00047140452079103207,0,2,12943360,send_recv,2,8
492,0.289,0.29,0.2896666666666667,0.29,0.00047140452079103207,0,2,12976128,send_recv,2,8
493,0.28800000000000003,0.293,0.29,0.289,0.0021602468994692714,0,2,13008896,send_recv,2,8
494,0.29,0.293,0.292,0.293,0.0014142135623730963,0,2,13041664,send_recv,2,8
495,0.291,0.296,0.2933333333333333,0.293,0.0020548046676563273,0,2,13074432,send_recv,2,8
496,0.292,0.295,0.2933333333333333,0.293,0.0012472191289246482,0,2,13107200,send_recv,2,8
497,0.291,0.294,0.29266666666666663,0.293,0.0012472191289246482,0,2,13139968,send_recv,2,8
498,0.294,0.298,0.2956666666666667,0.295,0.0016996731711975965,0,2,13172736,send_recv,2,8
499,0.295,0.297,0.2956666666666667,0.295,0.0009428090415820641,0,2,13205504,send_recv,2,8
500,0.295,0.296,0.2956666666666667,0.296,0.00047140452079103207,0,2,13238272,send_recv,2,8
501,0.295,0.296,0.2953333333333333,0.295,0.00047140452079103207,0,2,13271040,send_recv,2,8
502,0.296,0.299,0.2973333333333333,0.297,0.0012472191289246482,0,2,13303808,send_recv,2,8
503,0.295,0.297,0.29633333333333334,0.297,0.0009428090415820641,0,2,13336576,send_recv,2,8
504,0.296,0.299,0.298,0.299,0.0014142135623730965,0,2,13369344,send_recv,2,8
505,0.295,0.3,0.2976666666666667,0.298,0.0020548046676563273,0,2,13402112,send_recv,2,8
506,0.298,0.3,0.299,0.299,0.0008164965809277268,0,2,13434880,send_recv,2,8
507,0.299,0.302,0.3,0.299,0.0014142135623730965,0,2,13467648,send_recv,2,8
508,0.297,0.301,0.2993333333333333,0.3,0.0016996731711975963,0,2,13500416,send_recv,2,8
509,0.299,0.301,0.2996666666666667,0.299,0.0009428090415820641,0,2,13533184,send_recv,2,8
510,0.299,0.304,0.3016666666666667,0.302,0.0020548046676563273,0,2,13565952,send_recv,2,8
511,0.3,0.304,0.30233333333333334,0.303,0.0016996731711975965,0,2,13598720,send_recv,2,8
512,0.302,0.305,0.3036666666666667,0.304,0.0012472191289246482,0,2,13631488,send_recv,2,8
513,0.305,0.308,0.30666666666666664,0.307,0.0012472191289246482,0,2,13664256,send_recv,2,8
514,0.305,0.312,0.3076666666666667,0.306,0.0030912061651652374,0,2,13697024,send_recv,2,8
515,0.307,0.308,0.3073333333333333,0.307,0.00047140452079103207,0,2,13729792,send_recv,2,8
516,0.307,0.309,0.308,0.308,0.0008164965809277268,0,2,13762560,send_recv,2,8
517,0.31,0.311,0.31033333333333335,0.31,0.00047140452079103207,0,2,13795328,send_recv,2,8
518,0.306,0.31,0.30833333333333335,0.309,0.0016996731711975965,0,2,13828096,send_recv,2,8
519,0.308,0.311,0.3093333333333333,0.309,0.0012472191289246482,0,2,13860864,send_recv,2,8
520,0.308,0.311,0.309,0.308,0.0014142135623730965,0,2,13893632,send_recv,2,8
521,0.308,0.313,0.31033333333333335,0.31,0.0020548046676563273,0,2,13926400,send_recv,2,8
522,0.311,0.313,0.312,0.312,0.0008164965809277268,0,2,13959168,send_recv,2,8
523,0.308,0.312,0.31,0.31,0.0016329931618554536,0,2,13991936,send_recv,2,8
524,0.311,0.312,0.3116666666666667,0.312,0.00047140452079103207,0,2,14024704,send_recv,2,8
525,0.312,0.313,0.31233333333333335,0.312,0.00047140452079103207,0,2,14057472,send_recv,2,8
526,0.311,0.317,0.31466666666666665,0.316,0.002624669291337273,0,2,14090240,send_recv,2,8
527,0.313,0.316,0.315,0.316,0.0014142135623730963,0,2,14123008,send_recv,2,8
528,0.311,0.316,0.3133333333333333,0.313,0.0020548046676563273,0,2,14155776,send_recv,2,8
529,0.312,0.315,0.3136666666666667,0.314,0.0012472191289246482,0,2,14188544,send_recv,2,8
530,0.313,0.319,0.316,0.316,0.00244948974278318,0,2,14221312,send_recv,2,8
531,0.313,0.318,0.31633333333333336,0.318,0.0023570226039551605,0,2,14254080,send_recv,2,8
532,0.316,0.319,0.3176666666666667,0.318,0.0012472191289246482,0,2,14286848,send_recv,2,8
533,0.317,0.318,0.3176666666666667,0.318,0.00047140452079103207,0,2,14319616,send_recv,2,8
534,0.317,0.319,0.318,0.318,0.0008164965809277268,0,2,14352384,send_recv,2,8
535,0.318,0.32,0.319,0.319,0.0008164965809277268,0,2,14385152,send_recv,2,8
536,0.316,0.324,0.3196666666666667,0.319,0.003299831645537225,0,2,14417920,send_recv,2,8
537,0.319,0.322,0.32033333333333336,0.32,0.0012472191289246482,0,2,14450688,send_recv,2,8
538,0.319,0.322,0.32,0.319,0.0014142135623730965,0,2,14483456,send_recv,2,8
539,0.321,0.324,0.32233333333333336,0.322,0.0012472191289246482,0,2,14516224,send_recv,2,8
540,0.323,0.324,0.3233333333333333,0.323,0.00047140452079103207,0,2,14548992,send_recv,2,8
541,0.32,0.324,0.322,0.322,0.0016329931618554536,0,2,14581760,send_recv,2,8
542,0.324,0.325,0.32433333333333336,0.324,0.00047140452079103207,0,2,14614528,send_recv,2,8
543,0.322,0.325,0.3233333333333333,0.323,0.0012472191289246482,0,2,14647296,send_recv,2,8
544,0.324,0.325,0.32433333333333336,0.324,0.00047140452079103207,0,2,14680064,send_recv,2,8
545,0.327,0.329,0.328,0.328,0.0008164965809277268,0,2,14712832,send_recv,2,8
546,0.329,0.333,0.331,0.331,0.0016329931618554536,0,2,14745600,send_recv,2,8
547,0.329,0.33,0.3296666666666667,0.33,0.00047140452079103207,0,2,14778368,send_recv,2,8
548,0.328,0.331,0.329,0.328,0.0014142135623730965,0,2,14811136,send_recv,2,8
549,0.331,0.332,0.3313333333333333,0.331,0.00047140452079103207,0,2,14843904,send_recv,2,8
550,0.328,0.335,0.3313333333333333,0.331,0.002867441755680878,0,2,14876672,send_recv,2,8
551,0.329,0.333,0.3316666666666667,0.333,0.0018856180831641283,0,2,14909440,send_recv,2,8
552,0.33,0.332,0.33066666666666666,0.33,0.0009428090415820641,0,2,14942208,send_recv,2,8
553,0.33,0.333,0.331,0.33,0.0014142135623730965,0,2,14974976,send_recv,2,8
554,0.332,0.334,0.333,0.333,0.0008164965809277268,0,2,15007744,send_recv,2,8
555,0.33,0.336,0.3333333333333333,0.334,0.0024944382578492965,0,2,15040512,send_recv,2,8
556,0.332,0.339,0.3353333333333333,0.335,0.002867441755680878,0,2,15073280,send_recv,2,8
557,0.332,0.336,0.33433333333333337,0.335,0.0016996731711975965,0,2,15106048,send_recv,2,8
558,0.335,0.339,0.33666666666666667,0.336,0.0016996731711975965,0,2,15138816,send_recv,2,8
559,0.335,0.338,0.3363333333333334,0.336,0.0012472191289246482,0,2,15171584,send_recv,2,8
560,0.337,0.34,0.3383333333333334,0.338,0.0012472191289246482,0,2,15204352,send_recv,2,8
561,0.337,0.339,0.338,0.338,0.0008164965809277268,0,2,15237120,send_recv,2,8
562,0.336,0.34,0.338,0.338,0.0016329931618554536,0,2,15269888,send_recv,2,8
563,0.337,0.34,0.33866666666666667,0.339,0.0012472191289246482,0,2,15302656,send_recv,2,8
564,0.339,0.341,0.34,0.34,0.0008164965809277268,0,2,15335424,send_recv,2,8
565,0.34,0.341,0.3403333333333334,0.34,0.00047140452079103207,0,2,15368192,send_recv,2,8
566,0.34,0.343,0.34166666666666673,0.342,0.0012472191289246482,0,2,15400960,send_recv,2,8
567,0.341,0.342,0.34166666666666673,0.342,0.00047140452079103207,0,2,15433728,send_recv,2,8
568,0.34,0.343,0.34166666666666673,0.342,0.0012472191289246482,0,2,15466496,send_recv,2,8
569,0.34,0.341,0.3406666666666667,0.341,0.00047140452079103207,0,2,15499264,send_recv,2,8
570,0.342,0.34400000000000003,0.3433333333333333,0.34400000000000003,0.0009428090415820641,0,2,15532032,send_recv,2,8
571,0.343,0.34400000000000003,0.34366666666666673,0.34400000000000003,0.00047140452079103207,0,2,15564800,send_recv,2,8
572,0.341,0.34400000000000003,0.3426666666666667,0.343,0.0012472191289246482,0,2,15597568,send_recv,2,8
573,0.343,0.34400000000000003,0.34366666666666673,0.34400000000000003,0.00047140452079103207,0,2,15630336,send_recv,2,8
574,0.342,0.34600000000000003,0.3446666666666667,0.34600000000000003,0.0018856180831641283,0,2,15663104,send_recv,2,8
575,0.34500000000000003,0.34800000000000003,0.3466666666666667,0.34700000000000003,0.0012472191289246482,0,2,15695872,send_recv,2,8
576,0.34400000000000003,0.34800000000000003,0.34600000000000003,0.34600000000000003,0.0016329931618554536,0,2,15728640,send_recv,2,8
577,0.34800000000000003,0.354,0.3513333333333333,0.352,0.0024944382578492717,0,2,15761408,send_recv,2,8
578,0.35000000000000003,0.352,0.351,0.35100000000000003,0.0008164965809277042,0,2,15794176,send_recv,2,8
579,0.34900000000000003,0.353,0.351,0.35100000000000003,0.0016329931618554307,0,2,15826944,send_recv,2,8
580,0.34700000000000003,0.353,0.3503333333333334,0.35100000000000003,0.002494438257849277,0,2,15859712,send_recv,2,8
581,0.35100000000000003,0.353,0.35200000000000004,0.352,0.0008164965809277042,0,2,15892480,send_recv,2,8
582,0.353,0.356,0.3539999999999999,0.353,0.0014142135623730961,0,2,15925248,send_recv,2,8
583,0.353,0.354,0.35366666666666663,0.354,0.00047140452079103207,0,2,15958016,send_recv,2,8
584,0.35000000000000003,0.359,0.35333333333333333,0.35100000000000003,0.004027681991198168,0,2,15990784,send_recv,2,8
585,0.34900000000000003,0.358,0.35366666666666663,0.354,0.0036817870057290663,0,2,16023552,send_recv,2,8
586,0.35000000000000003,0.355,0.35333333333333333,0.355,0.002357022603955134,0,2,16056320,send_recv,2,8
587,0.353,0.356,0.35433333333333333,0.354,0.0012472191289246482,0,2,16089088,send_recv,2,8
588,0.353,0.356,0.3546666666666667,0.355,0.0012472191289246482,0,2,16121856,send_recv,2,8
589,0.356,0.356,0.35600000000000004,0.356,5.551115123125783e-17,0,2,16154624,send_recv,2,8
590,0.352,0.36,0.35600000000000004,0.356,0.0032659863237109073,0,2,16187392,send_recv,2,8
591,0.357,0.358,0.35733333333333334,0.357,0.00047140452079103207,0,2,16220160,send_recv,2,8
592,0.356,0.359,0.35766666666666663,0.358,0.0012472191289246482,0,2,16252928,send_recv,2,8
593,0.357,0.359,0.35799999999999993,0.358,0.0008164965809277268,0,2,16285696,send_recv,2,8
594,0.355,0.361,0.3586666666666667,0.36,0.002624669291337273,0,2,16318464,send_recv,2,8
595,0.357,0.361,0.35966666666666663,0.361,0.0018856180831641283,0,2,16351232,send_recv,2,8
596,0.357,0.363,0.36000000000000004,0.36,0.00244948974278318,0,2,16384000,send_recv,2,8
597,0.361,0.364,0.3626666666666667,0.363,0.0012472191289246482,0,2,16416768,send_recv,2,8
598,0.361,0.364,0.36233333333333334,0.362,0.0012472191289246482,0,2,16449536,send_recv,2,8
599,0.361,0.364,0.363,0.364,0.0014142135623730963,0,2,16482304,send_recv,2,8
600,0.361,0.364,0.36233333333333334,0.362,0.0012472191289246482,0,2,16515072,send_recv,2,8
601,0.362,0.366,0.36366666666666664,0.363,0.0016996731711975965,0,2,16547840,send_recv,2,8
602,0.365,0.371,0.36766666666666664,0.367,0.0024944382578492965,0,2,16580608,send_recv,2,8
603,0.366,0.367,0.36633333333333334,0.366,0.00047140452079103207,0,2,16613376,send_recv,2,8
604,0.364,0.369,0.36633333333333334,0.366,0.0020548046676563273,0,2,16646144,send_recv,2,8
605,0.364,0.368,0.36599999999999994,0.366,0.0016329931618554536,0,2,16678912,send_recv,2,8
606,0.364,0.372,0.3673333333333333,0.366,0.003399346342395193,0,2,16711680,send_recv,2,8
607,0.367,0.37,0.36866666666666664,0.369,0.0012472191289246482,0,2,16744448,send_recv,2,8
608,0.366,0.369,0.36800000000000005,0.369,0.0014142135623730961,0,2,16777216,send_recv,2,8
609,0.365,0.368,0.36633333333333334,0.366,0.0012472191289246482,0,2,16777216,send_recv,2,8
610,0.371,0.375,0.37266666666666665,0.372,0.0016996731711975965,0,2,16908288,send_recv,2,8
611,0.374,0.375,0.3746666666666667,0.375,0.00047140452079103207,0,2,17039360,send_recv,2,8
612,0.372,0.378,0.3753333333333333,0.376,0.0024944382578492965,0,2,17170432,send_recv,2,8
613,0.379,0.38,0.37966666666666665,0.38,0.00047140452079103207,0,2,17301504,send_recv,2,8
614,0.38,0.386,0.3826666666666667,0.382,0.0024944382578492965,0,2,17432576,send_recv,2,8
615,0.381,0.385,0.3833333333333333,0.384,0.0016996731711975963,0,2,17563648,send_recv,2,8
616,0.381,0.393,0.38566666666666666,0.383,0.005249338582674546,0,2,17694720,send_recv,2,8
617,0.389,0.392,0.39033333333333337,0.39,0.0012472191289246482,0,2,17825792,send_recv,2,8
618,0.391,0.396,0.39433333333333337,0.396,0.0023570226039551605,0,2,17956864,send_recv,2,8
619,0.393,0.397,0.395,0.395,0.0016329931618554536,0,2,18087936,send_recv,2,8
620,0.395,0.399,0.39666666666666667,0.396,0.0016996731711975965,0,2,18219008,send_recv,2,8
621,0.4,0.404,0.4013333333333334,0.4,0.0018856180831641283,0,2,18350080,send_recv,2,8
622,0.399,0.403,0.4013333333333334,0.402,0.0016996731711975965,0,2,18481152,send_recv,2,8
623,0.405,0.406,0.4056666666666667,0.406,0.00047140452079103207,0,2,18612224,send_recv,2,8
624,0.40800000000000003,0.40900000000000003,0.4083333333333334,0.40800000000000003,0.00047140452079103207,0,2,18743296,send_recv,2,8
625,0.41000000000000003,0.41400000000000003,0.4123333333333334,0.41300000000000003,0.0016996731711975965,0,2,18874368,send_recv,2,8
626,0.41400000000000003,0.41600000000000004,0.41533333333333333,0.41600000000000004,0.0009428090415820641,0,2,19005440,send_recv,2,8
627,0.417,0.419,0.4183333333333333,0.419,0.0009428090415820641,0,2,19136512,send_recv,2,8
628,0.419,0.423,0.421,0.421,0.0016329931618554536,0,2,19267584,send_recv,2,8
629,0.418,0.423,0.4206666666666667,0.421,0.0020548046676563273,0,2,19398656,send_recv,2,8
630,0.422,0.427,0.424,0.423,0.0021602468994692888,0,2,19529728,send_recv,2,8
631,0.428,0.431,0.429,0.428,0.0014142135623730965,0,2,19660800,send_recv,2,8
632,0.427,0.43,0.429,0.43,0.0014142135623730963,0,2,19791872,send_recv,2,8
633,0.432,0.438,0.4343333333333333,0.433,0.002624669291337273,0,2,19922944,send_recv,2,8
634,0.435,0.439,0.43733333333333335,0.438,0.0016996731711975965,0,2,20054016,send_recv,2,8
635,0.437,0.441,0.43933333333333335,0.44,0.0016996731711975965,0,2,20185088,send_recv,2,8
636,0.439,0.443,0.44133333333333336,0.442,0.0016996731711975965,0,2,20316160,send_recv,2,8
637,0.442,0.447,0.4446666666666667,0.445,0.0020548046676563273,0,2,20447232,send_recv,2,8
638,0.441,0.448,0.4443333333333333,0.444,0.002867441755680878,0,2,20578304,send_recv,2,8
639,0.443,0.448,0.4463333333333333,0.448,0.0023570226039551605,0,2,20709376,send_recv,2,8
640,0.446,0.453,0.4503333333333333,0.452,0.0030912061651652374,0,2,20840448,send_recv,2,8
641,0.45,0.458,0.453,0.451,0.0035590260840104404,0,2,20971520,send_recv,2,8
642,0.457,0.461,0.4583333333333333,0.457,0.0018856180831641283,0,2,21102592,send_recv,2,8
643,0.457,0.459,0.458,0.458,0.0008164965809277268,0,2,21233664,send_recv,2,8
644,0.458,0.463,0.45966666666666667,0.458,0.0023570226039551605,0,2,21364736,send_recv,2,8
645,0.461,0.468,0.464,0.463,0.0029439202887759515,0,2,21495808,send_recv,2,8
646,0.465,0.47300000000000003,0.468,0.466,0.0035590260840104404,0,2,21626880,send_recv,2,8
647,0.465,0.46900000000000003,0.4673333333333334,0.468,0.0016996731711975965,0,2,21757952,send_recv,2,8
648,0.46900000000000003,0.47500000000000003,0.4723333333333333,0.47300000000000003,0.0024944382578492965,0,2,21889024,send_recv,2,8
649,0.47300000000000003,0.47800000000000004,0.4756666666666667,0.47600000000000003,0.0020548046676563273,0,2,22020096,send_recv,2,8
650,0.47600000000000003,0.483,0.48,0.481,0.0029439202887759264,0,2,22151168,send_recv,2,8
651,0.48,0.483,0.482,0.483,0.0014142135623730965,0,2,22282240,send_recv,2,8
652,0.482,0.49,0.48566666666666664,0.485,0.003299831645537225,0,2,22413312,send_recv,2,8
653,0.483,0.487,0.48500000000000004,0.485,0.0016329931618554536,0,2,22544384,send_recv,2,8
654,0.488,0.489,0.48866666666666664,0.489,0.00047140452079103207,0,2,22675456,send_recv,2,8
655,0.487,0.491,0.48933333333333334,0.49,0.0016996731711975965,0,2,22806528,send_recv,2,8
656,0.492,0.496,0.494,0.494,0.0016329931618554536,0,2,22937600,send_recv,2,8
657,0.497,0.5,0.49866666666666665,0.499,0.0012472191289246482,0,2,23068672,send_recv,2,8
658,0.499,0.5,0.49933333333333335,0.499,0.00047140452079103207,0,2,23199744,send_recv,2,8
659,0.498,0.504,0.5016666666666666,0.503,0.0026246692913372725,0,2,23330816,send_recv,2,8
660,0.499,0.506,0.502,0.501,0.0029439202887759515,0,2,23461888,send_recv,2,8
661,0.501,0.508,0.5053333333333333,0.507,0.0030912061651652374,0,2,23592960,send_recv,2,8
662,0.503,0.509,0.5066666666666667,0.508,0.002624669291337273,0,2,23724032,send_recv,2,8
663,0.509,0.513,0.511,0.511,0.0016329931618554536,0,2,23855104,send_recv,2,8
664,0.514,0.518,0.516,0.516,0.0016329931618554536,0,2,23986176,send_recv,2,8
665,0.516,0.521,0.518,0.517,0.0021602468994692888,0,2,24117248,send_recv,2,8
666,0.517,0.525,0.5219999999999999,0.524,0.0035590260840104404,0,2,24248320,send_recv,2,8
667,0.518,0.525,0.5219999999999999,0.523,0.0029439202887759515,0,2,24379392,send_recv,2,8
668,0.522,0.526,0.5246666666666667,0.526,0.0018856180831641283,0,2,24510464,send_recv,2,8
669,0.523,0.531,0.5266666666666667,0.526,0.003299831645537225,0,2,24641536,send_recv,2,8
670,0.529,0.532,0.53,0.529,0.0014142135623730963,0,2,24772608,send_recv,2,8
671,0.525,0.535,0.5293333333333333,0.528,0.004189935029992182,0,2,24903680,send_recv,2,8
672,0.533,0.543,0.5366666666666667,0.534,0.004496912521077351,0,2,25034752,send_recv,2,8
673,0.535,0.54,0.5376666666666666,0.538,0.0020548046676563273,0,2,25165824,send_recv,2,8
674,0.544,0.545,0.5443333333333333,0.544,0.00047140452079103207,0,2,25296896,send_recv,2,8
675,0.544,0.549,0.546,0.545,0.0021602468994692888,0,2,25427968,send_recv,2,8
676,0.545,0.553,0.548,0.546,0.0035590260840104404,0,2,25559040,send_recv,2,8
677,0.544,0.552,0.5486666666666667,0.55,0.003399346342395193,0,2,25690112,send_recv,2,8
678,0.547,0.554,0.5500000000000002,0.549,0.0029439202887759515,0,2,25821184,send_recv,2,8
679,0.55,0.557,0.5526666666666668,0.551,0.0030912061651652374,0,2,25952256,send_recv,2,8
680,0.555,0.56,0.5566666666666668,0.555,0.0023570226039551605,0,2,26083328,send_recv,2,8
681,0.552,0.558,0.556,0.558,0.0028284271247461927,0,2,26214400,send_recv,2,8
682,0.558,0.5660000000000001,0.5626666666666668,0.5640000000000001,0.003399346342395193,0,2,26345472,send_recv,2,8
683,0.5630000000000001,0.5660000000000001,0.5640000000000001,0.5630000000000001,0.0014142135623730963,0,2,26476544,send_recv,2,8
684,0.5660000000000001,0.5710000000000001,0.5680000000000001,0.5670000000000001,0.0021602468994692888,0,2,26607616,send_recv,2,8
685,0.5690000000000001,0.578,0.5726666666666667,0.5710000000000001,0.003858612300930028,0,2,26738688,send_recv,2,8
686,0.5700000000000001,0.5720000000000001,0.5710000000000001,0.5710000000000001,0.0008164965809277268,0,2,26869760,send_recv,2,8
687,0.5710000000000001,0.5760000000000001,0.5730000000000001,0.5720000000000001,0.0021602468994692888,0,2,27000832,send_recv,2,8
688,0.5740000000000001,0.582,0.578,0.578,0.0032659863237108613,0,2,27131904,send_recv,2,8
689,0.58,0.586,0.582,0.58,0.002828427124746193,0,2,27262976,send_recv,2,8
690,0.582,0.588,0.5853333333333333,0.586,0.0024944382578492965,0,2,27394048,send_recv,2,8
691,0.583,0.587,0.5856666666666667,0.587,0.0018856180831641283,0,2,27525120,send_recv,2,8
692,0.582,0.59,0.587,0.589,0.0035590260840104404,0,2,27656192,send_recv,2,8
693,0.588,0.597,0.593,0.594,0.0037416573867739447,0,2,27787264,send_recv,2,8
694,0.591,0.595,0.5933333333333333,0.594,0.0016996731711975965,0,2,27918336,send_recv,2,8
695,0.593,0.601,0.596,0.594,0.0035590260840104404,0,2,28049408,send_recv,2,8
696,0.594,0.604,0.6,0.602,0.0043204937989385775,0,2,28180480,send_recv,2,8
697,0.595,0.605,0.6006666666666666,0.602,0.004189935029992182,0,2,28311552,send_recv,2,8
698,0.604,0.61,0.6063333333333333,0.605,0.002624669291337273,0,2,28442624,send_recv,2,8
699,0.604,0.609,0.6066666666666666,0.607,0.0020548046676563273,0,2,28573696,send_recv,2,8
700,0.607,0.612,0.609,0.608,0.0021602468994692888,0,2,28704768,send_recv,2,8
701,0.607,0.619,0.614,0.616,0.00509901951359279,0,2,28835840,send_recv,2,8
702,0.611,0.614,0.6126666666666667,0.613,0.0012472191289246482,0,2,28966912,send_recv,2,8
703,0.616,0.621,0.6183333333333333,0.618,0.0020548046676563273,0,2,29097984,send_recv,2,8
704,0.618,0.626,0.6226666666666666,0.624,0.0033993463423951926,0,2,29229056,send_recv,2,8
705,0.618,0.627,0.6223333333333333,0.622,0.0036817870057290905,0,2,29360128,send_recv,2,8
706,0.621,0.629,0.626,0.628,0.0035590260840104404,0,2,29491200,send_recv,2,8
707,0.626,0.627,0.6263333333333333,0.626,0.00047140452079103207,0,2,29622272,send_recv,2,8
708,0.625,0.633,0.628,0.626,0.0035590260840104404,0,2,29753344,send_recv,2,8
709,0.627,0.635,0.6316666666666667,0.633,0.003399346342395193,0,2,29884416,send_recv,2,8
710,0.635,0.638,0.6366666666666667,0.637,0.0012472191289246482,0,2,30015488,send_recv,2,8
711,0.63,0.642,0.6356666666666667,0.635,0.004921607686744471,0,2,30146560,send_recv,2,8
712,0.632,0.644,0.6393333333333334,0.642,0.005249338582674546,0,2,30277632,send_recv,2,8
713,0.642,0.647,0.6446666666666667,0.645,0.0020548046676563273,0,2,30408704,send_recv,2,8
714,0.647,0.649,0.6476666666666667,0.647,0.0009428090415820641,0,2,30539776,send_recv,2,8
715,0.647,0.65,0.649,0.65,0.0014142135623730963,0,2,30670848,send_recv,2,8
716,0.647,0.654,0.6513333333333334,0.653,0.0030912061651652374,0,2,30801920,send_recv,2,8
717,0.65,0.659,0.6533333333333334,0.651,0.004027681991198194,0,2,30932992,send_recv,2,8
718,0.655,0.663,0.6593333333333334,0.66,0.003299831645537225,0,2,31064064,send_recv,2,8
719,0.655,0.66,0.6573333333333333,0.657,0.0020548046676563273,0,2,31195136,send_recv,2,8
720,0.655,0.662,0.6590000000000001,0.66,0.0029439202887759515,0,2,31326208,send_recv,2,8
721,0.66,0.668,0.6646666666666667,0.666,0.003399346342395193,0,2,31457280,send_recv,2,8
722,0.665,0.678,0.6706666666666666,0.669,0.005436502143433368,0,2,31588352,send_recv,2,8
723,0.666,0.677,0.6726666666666667,0.675,0.004784233364802446,0,2,31719424,send_recv,2,8
724,0.67,0.673,0.6716666666666667,0.672,0.0012472191289246482,0,2,31850496,send_recv,2,8
725,0.67,0.68,0.6743333333333333,0.673,0.004189935029992182,0,2,31981568,send_recv,2,8
726,0.677,0.68,0.6783333333333333,0.678,0.0012472191289246482,0,2,32112640,send_recv,2,8
727,0.676,0.684,0.68,0.68,0.0032659863237109073,0,2,32243712,send_recv,2,8
728,0.685,0.685,0.685,0.685,0.0,0,2,32374784,send_recv,2,8
729,0.685,0.685,0.685,0.685,0.0,0,2,32505856,send_recv,2,8
730,0.6900000000000001,0.6930000000000001,0.6913333333333335,0.6910000000000001,0.0012472191289246482,0,2,32636928,send_recv,2,8
731,0.6910000000000001,0.6950000000000001,0.6933333333333334,0.6940000000000001,0.0016996731711975965,0,2,32768000,send_recv,2,8
732,0.6900000000000001,0.6990000000000001,0.6940000000000001,0.6930000000000001,0.003741657386773945,0,2,32899072,send_recv,2,8
733,0.6990000000000001,0.706,0.7023333333333334,0.7020000000000001,0.002867441755680831,0,2,33030144,send_recv,2,8
734,0.6960000000000001,0.7000000000000001,0.6980000000000001,0.6980000000000001,0.0016329931618554536,0,2,33161216,send_recv,2,8
735,0.7020000000000001,0.711,0.7050000000000001,0.7020000000000001,0.004242640687119236,0,2,33292288,send_recv,2,8
736,0.6960000000000001,0.7010000000000001,0.6990000000000002,0.7000000000000001,0.0021602468994692888,0,2,33423360,send_recv,2,8
737,0.7000000000000001,0.713,0.7063333333333334,0.706,0.005312459150169703,0,2,33554432,send_recv,2,8
738,0.687,0.6880000000000001,0.6873333333333335,0.687,0.00047140452079103207,0,2,33685504,send_recv,2,8
739,0.6900000000000001,0.6900000000000001,0.6900000000000001,0.6900000000000001,0.0,0,2,33816576,send_recv,2,8
740,0.6920000000000001,0.6920000000000001,0.6920000000000001,0.6920000000000001,0.0,0,2,33947648,send_recv,2,8
741,0.6930000000000001,0.6940000000000001,0.6936666666666667,0.6940000000000001,0.00047140452079103207,0,2,34078720,send_recv,2,8
742,0.6960000000000001,0.6970000000000001,0.6963333333333335,0.6960000000000001,0.00047140452079103207,0,2,34209792,send_recv,2,8
743,0.6990000000000001,0.6990000000000001,0.6990000000000002,0.6990000000000001,1.1102230246251565e-16,0,2,34340864,send_recv,2,8
744,0.7010000000000001,0.7020000000000001,0.7016666666666668,0.7020000000000001,0.00047140452079103207,0,2,34471936,send_recv,2,8
745,0.704,0.705,0.7043333333333334,0.704,0.00047140452079103207,0,2,34603008,send_recv,2,8
746,0.706,0.707,0.7066666666666666,0.707,0.00047140452079103207,0,2,34734080,send_recv,2,8
747,0.709,0.71,0.7093333333333334,0.709,0.00047140452079103207,0,2,34865152,send_recv,2,8
748,0.712,0.712,0.7120000000000001,0.712,1.1102230246251565e-16,0,2,34996224,send_recv,2,8
749,0.714,0.715,0.7143333333333333,0.714,0.00047140452079103207,0,2,35127296,send_recv,2,8
750,0.717,0.717,0.717,0.717,0.0,0,2,35258368,send_recv,2,8
751,0.719,0.72,0.7196666666666666,0.72,0.00047140452079103207,0,2,35389440,send_recv,2,8
752,0.722,0.723,0.7223333333333333,0.722,0.00047140452079103207,0,2,35520512,send_recv,2,8
753,0.725,0.725,0.725,0.725,0.0,0,2,35651584,send_recv,2,8
754,0.73,0.73,0.73,0.73,0.0,0,2,35782656,send_recv,2,8
755,0.732,0.733,0.7323333333333334,0.732,0.00047140452079103207,0,2,35913728,send_recv,2,8
756,0.733,0.735,0.734,0.734,0.0008164965809277268,0,2,36044800,send_recv,2,8
757,0.735,0.737,0.7359999999999999,0.736,0.0008164965809277268,0,2,36175872,send_recv,2,8
758,0.738,0.739,0.7386666666666667,0.739,0.00047140452079103207,0,2,36306944,send_recv,2,8
759,0.74,0.741,0.7406666666666667,0.741,0.00047140452079103207,0,2,36438016,send_recv,2,8
760,0.743,0.744,0.7436666666666666,0.744,0.00047140452079103207,0,2,36569088,send_recv,2,8
761,0.745,0.746,0.7456666666666667,0.746,0.00047140452079103207,0,2,36700160,send_recv,2,8
762,0.748,0.756,0.7506666666666666,0.748,0.0037712361663282566,0,2,36831232,send_recv,2,8
763,0.75,0.751,0.7506666666666666,0.751,0.00047140452079103207,0,2,36962304,send_recv,2,8
764,0.754,0.754,0.754,0.754,0.0,0,2,37093376,send_recv,2,8
765,0.756,0.756,0.7559999999999999,0.756,1.1102230246251565e-16,0,2,37224448,send_recv,2,8
766,0.759,0.759,0.759,0.759,0.0,0,2,37355520,send_recv,2,8
767,0.761,0.762,0.7613333333333333,0.761,0.00047140452079103207,0,2,37486592,send_recv,2,8
768,0.764,0.765,0.7643333333333334,0.764,0.00047140452079103207,0,2,37617664,send_recv,2,8
769,0.767,0.767,0.767,0.767,0.0,0,2,37748736,send_recv,2,8
770,0.771,0.772,0.7716666666666668,0.772,0.00047140452079103207,0,2,37879808,send_recv,2,8
771,0.774,0.775,0.7743333333333333,0.774,0.00047140452079103207,0,2,38010880,send_recv,2,8
772,0.776,0.776,0.7760000000000001,0.776,1.1102230246251565e-16,0,2,38141952,send_recv,2,8
773,0.778,0.778,0.778,0.778,0.0,0,2,38273024,send_recv,2,8
774,0.78,0.781,0.7803333333333334,0.78,0.00047140452079103207,0,2,38404096,send_recv,2,8
775,0.783,0.783,0.783,0.783,0.0,0,2,38535168,send_recv,2,8
776,0.785,0.786,0.7853333333333334,0.785,0.00047140452079103207,0,2,38666240,send_recv,2,8
777,0.787,0.788,0.7876666666666666,0.788,0.00047140452079103207,0,2,38797312,send_recv,2,8
778,0.79,0.791,0.7906666666666666,0.791,0.00047140452079103207,0,2,38928384,send_recv,2,8
779,0.793,0.794,0.7933333333333334,0.793,0.00047140452079103207,0,2,39059456,send_recv,2,8
780,0.796,0.796,0.7959999999999999,0.796,1.1102230246251565e-16,0,2,39190528,send_recv,2,8
781,0.798,0.798,0.798,0.798,0.0,0,2,39321600,send_recv,2,8
782,0.801,0.801,0.801,0.801,0.0,0,2,39452672,send_recv,2,8
783,0.803,0.804,0.8033333333333333,0.803,0.00047140452079103207,0,2,39583744,send_recv,2,8
784,0.806,0.806,0.806,0.806,0.0,0,2,39714816,send_recv,2,8
785,0.809,0.81,0.8093333333333335,0.809,0.00047140452079103207,0,2,39845888,send_recv,2,8
786,0.8130000000000001,0.8140000000000001,0.8133333333333335,0.8130000000000001,0.00047140452079103207,0,2,39976960,send_recv,2,8
787,0.8150000000000001,0.8160000000000001,0.8153333333333334,0.8150000000000001,0.00047140452079103207,0,2,40108032,send_recv,2,8
788,0.8170000000000001,0.8180000000000001,0.8176666666666668,0.8180000000000001,0.00047140452079103207,0,2,40239104,send_recv,2,8
789,0.8190000000000001,0.8200000000000001,0.8196666666666669,0.8200000000000001,0.00047140452079103207,0,2,40370176,send_recv,2,8
790,0.8220000000000001,0.8220000000000001,0.8220000000000001,0.8220000000000001,0.0,0,2,40501248,send_recv,2,8
791,0.8240000000000001,0.8250000000000001,0.8243333333333333,0.8240000000000001,0.00047140452079103207,0,2,40632320,send_recv,2,8
792,0.8270000000000001,0.8280000000000001,0.8273333333333334,0.8270000000000001,0.00047140452079103207,0,2,40763392,send_recv,2,8
793,0.8300000000000001,0.8300000000000001,0.8300000000000001,0.8300000000000001,0.0,0,2,40894464,send_recv,2,8
794,0.8320000000000001,0.8320000000000001,0.8320000000000002,0.8320000000000001,1.1102230246251565e-16,0,2,41025536,send_recv,2,8
795,0.835,0.835,0.835,0.835,0.0,0,2,41156608,send_recv,2,8
796,0.837,0.838,0.8373333333333332,0.837,0.00047140452079103207,0,2,41287680,send_recv,2,8
797,0.84,0.841,0.8403333333333333,0.84,0.00047140452079103207,0,2,41418752,send_recv,2,8
798,0.843,0.843,0.843,0.843,0.0,0,2,41549824,send_recv,2,8
799,0.845,0.845,0.8450000000000001,0.845,1.1102230246251565e-16,0,2,41680896,send_recv,2,8
800,0.848,0.848,0.848,0.848,0.0,0,2,41811968,send_recv,2,8
801,0.85,0.851,0.8506666666666667,0.851,0.00047140452079103207,0,2,41943040,send_recv,2,8
802,0.856,0.856,0.856,0.856,0.0,0,2,42074112,send_recv,2,8
803,0.857,0.859,0.858,0.858,0.0008164965809277268,0,2,42205184,send_recv,2,8
804,0.859,0.86,0.8596666666666666,0.86,0.00047140452079103207,0,2,42336256,send_recv,2,8
805,0.862,0.862,0.862,0.862,0.0,0,2,42467328,send_recv,2,8
806,0.864,0.866,0.8649999999999999,0.865,0.0008164965809277268,0,2,42598400,send_recv,2,8
807,0.866,0.867,0.8666666666666667,0.867,0.00047140452079103207,0,2,42729472,send_recv,2,8
808,0.869,0.869,0.8690000000000001,0.869,1.1102230246251565e-16,0,2,42860544,send_recv,2,8
809,0.872,0.872,0.872,0.872,0.0,0,2,42991616,send_recv,2,8
810,0.874,0.875,0.8743333333333334,0.874,0.00047140452079103207,0,2,43122688,send_recv,2,8
811,0.877,0.878,0.8773333333333332,0.877,0.00047140452079103207,0,2,43253760,send_recv,2,8
812,0.879,0.88,0.8793333333333333,0.879,0.00047140452079103207,0,2,43384832,send_recv,2,8
813,0.882,0.882,0.882,0.882,0.0,0,2,43515904,send_recv,2,8
814,0.884,0.886,0.8849999999999999,0.885,0.0008164965809277268,0,2,43646976,send_recv,2,8
815,0.887,0.888,0.8873333333333333,0.887,0.00047140452079103207,0,2,43778048,send_recv,2,8
816,0.89,0.891,0.8903333333333334,0.89,0.00047140452079103207,0,2,43909120,send_recv,2,8
817,0.893,0.893,0.8930000000000001,0.893,1.1102230246251565e-16,0,2,44040192,send_recv,2,8
818,0.897,0.899,0.8976666666666667,0.897,0.0009428090415820641,0,2,44171264,send_recv,2,8
819,0.9,0.9,0.9,0.9,0.0,0,2,44302336,send_recv,2,8
820,0.902,0.903,0.9023333333333333,0.902,0.00047140452079103207,0,2,44433408,send_recv,2,8
821,0.903,0.904,0.9033333333333333,0.903,0.00047140452079103207,0,2,44564480,send_recv,2,8
822,0.906,0.907,0.9063333333333334,0.906,0.00047140452079103207,0,2,44695552,send_recv,2,8
823,0.908,0.909,0.9083333333333333,0.908,0.00047140452079103207,0,2,44826624,send_recv,2,8
824,0.911,0.912,0.9113333333333333,0.911,0.00047140452079103207,0,2,44957696,send_recv,2,8
825,0.913,0.914,0.9133333333333334,0.913,0.00047140452079103207,0,2,45088768,send_recv,2,8
826,0.916,0.916,0.916,0.916,0.0,0,2,45219840,send_recv,2,8
827,0.919,0.919,0.919,0.919,0.0,0,2,45350912,send_recv,2,8
828,0.921,0.922,0.9216666666666667,0.922,0.00047140452079103207,0,2,45481984,send_recv,2,8
829,0.924,0.924,0.924,0.924,0.0,0,2,45613056,send_recv,2,8
830,0.926,0.928,0.927,0.927,0.0008164965809277268,0,2,45744128,send_recv,2,8
831,0.929,0.93,0.9296666666666668,0.93,0.00047140452079103207,0,2,45875200,send_recv,2,8
832,0.932,0.933,0.9323333333333333,0.932,0.00047140452079103207,0,2,46006272,send_recv,2,8
833,0.934,0.935,0.9343333333333335,0.934,0.00047140452079103207,0,2,46137344,send_recv,2,8
834,0.9390000000000001,0.9400000000000001,0.9393333333333334,0.9390000000000001,0.00047140452079103207,0,2,46268416,send_recv,2,8
835,0.9420000000000001,0.9420000000000001,0.9420000000000001,0.9420000000000001,0.0,0,2,46399488,send_recv,2,8
836,0.9440000000000001,0.9440000000000001,0.9440000000000001,0.9440000000000001,0.0,0,2,46530560,send_recv,2,8
837,0.9450000000000001,0.9460000000000001,0.9456666666666668,0.9460000000000001,0.00047140452079103207,0,2,46661632,send_recv,2,8
838,0.9480000000000001,0.9480000000000001,0.9480000000000001,0.9480000000000001,0.0,0,2,46792704,send_recv,2,8
839,0.9510000000000001,0.9510000000000001,0.9510000000000001,0.9510000000000001,0.0,0,2,46923776,send_recv,2,8
840,0.9530000000000001,0.9530000000000001,0.953,0.9530000000000001,1.1102230246251565e-16,0,2,47054848,send_recv,2,8
841,0.9560000000000001,0.9560000000000001,0.9560000000000001,0.9560000000000001,0.0,0,2,47185920,send_recv,2,8
842,0.9580000000000001,0.9590000000000001,0.9583333333333335,0.9580000000000001,0.00047140452079103207,0,2,47316992,send_recv,2,8
843,0.961,0.961,0.961,0.961,0.0,0,2,47448064,send_recv,2,8
844,0.964,0.964,0.964,0.964,0.0,0,2,47579136,send_recv,2,8
845,0.966,0.967,0.9663333333333334,0.966,0.00047140452079103207,0,2,47710208,send_recv,2,8
846,0.969,0.969,0.969,0.969,0.0,0,2,47841280,send_recv,2,8
847,0.971,0.972,0.9713333333333334,0.971,0.00047140452079103207,0,2,47972352,send_recv,2,8
848,0.974,0.974,0.9739999999999999,0.974,1.1102230246251565e-16,0,2,48103424,send_recv,2,8
849,0.976,0.977,0.9763333333333333,0.976,0.00047140452079103207,0,2,48234496,send_recv,2,8
850,0.982,0.982,0.9819999999999999,0.982,1.1102230246251565e-16,0,2,48365568,send_recv,2,8
851,0.984,0.984,0.984,0.984,0.0,0,2,48496640,send_recv,2,8
852,0.986,0.987,0.9866666666666667,0.987,0.00047140452079103207,0,2,48627712,send_recv,2,8
853,0.987,0.988,0.9876666666666667,0.988,0.00047140452079103207,0,2,48758784,send_recv,2,8
854,0.99,0.99,0.9899999999999999,0.99,1.1102230246251565e-16,0,2,48889856,send_recv,2,8
855,0.992,0.993,0.9923333333333333,0.992,0.00047140452079103207,0,2,49020928,send_recv,2,8
856,0.995,0.996,0.9953333333333333,0.995,0.00047140452079103207,0,2,49152000,send_recv,2,8
857,0.997,0.998,0.9976666666666668,0.998,0.00047140452079103207,0,2,49283072,send_recv,2,8
858,1.0,1.0010000000000001,1.0003333333333335,1.0,0.00047140452079108444,0,2,49414144,send_recv,2,8
859,1.002,1.0030000000000001,1.0026666666666666,1.0030000000000001,0.00047140452079108444,0,2,49545216,send_recv,2,8
860,1.0050000000000001,1.006,1.0053333333333334,1.0050000000000001,0.00047140452079097976,0,2,49676288,send_recv,2,8
861,1.008,1.0090000000000001,1.0083333333333335,1.008,0.00047140452079108444,0,2,49807360,send_recv,2,8
862,1.0110000000000001,1.012,1.0113333333333334,1.0110000000000001,0.00047140452079097976,0,2,49938432,send_recv,2,8
863,1.0130000000000001,1.0130000000000001,1.0130000000000001,1.0130000000000001,0.0,0,2,50069504,send_recv,2,8
864,1.016,1.0170000000000001,1.0163333333333335,1.016,0.00047140452079108444,0,2,50200576,send_recv,2,8
865,1.0190000000000001,1.0190000000000001,1.0190000000000001,1.0190000000000001,0.0,0,2,50331648,send_recv,2,8
866,1.0230000000000001,1.025,1.024,1.024,0.0008164965809276362,0,2,50462720,send_recv,2,8
867,1.025,1.026,1.0253333333333334,1.025,0.00047140452079108444,0,2,50593792,send_recv,2,8
868,1.027,1.028,1.0276666666666667,1.028,0.00047140452079108444,0,2,50724864,send_recv,2,8
869,1.029,1.03,1.0296666666666667,1.03,0.00047140452079108444,0,2,50855936,send_recv,2,8
870,1.032,1.033,1.0326666666666666,1.033,0.00047140452079097976,0,2,50987008,send_recv,2,8
871,1.034,1.035,1.0346666666666666,1.035,0.00047140452079097976,0,2,51118080,send_recv,2,8
872,1.037,1.037,1.037,1.037,0.0,0,2,51249152,send_recv,2,8
873,1.039,1.04,1.0393333333333332,1.039,0.00047140452079108444,0,2,51380224,send_recv,2,8
874,1.042,1.043,1.0423333333333333,1.042,0.00047140452079097976,0,2,51511296,send_recv,2,8
875,1.045,1.045,1.045,1.045,0.0,0,2,51642368,send_recv,2,8
876,1.047,1.048,1.0473333333333332,1.047,0.00047140452079108444,0,2,51773440,send_recv,2,8
877,1.05,1.05,1.05,1.05,0.0,0,2,51904512,send_recv,2,8
878,1.052,1.053,1.0526666666666666,1.053,0.00047140452079097976,0,2,52035584,send_recv,2,8
879,1.055,1.056,1.0553333333333332,1.055,0.00047140452079108444,0,2,52166656,send_recv,2,8
880,1.058,1.058,1.058,1.058,0.0,0,2,52297728,send_recv,2,8
881,1.06,1.061,1.0603333333333333,1.06,0.00047140452079097976,0,2,52428800,send_recv,2,8
882,1.065,1.066,1.0653333333333332,1.065,0.00047140452079108444,0,2,52559872,send_recv,2,8
883,1.067,1.069,1.068,1.068,0.0008164965809277268,0,2,52690944,send_recv,2,8
884,1.069,1.07,1.0696666666666668,1.07,0.00047140452079108444,0,2,52822016,send_recv,2,8
885,1.072,1.072,1.072,1.072,0.0,0,2,52953088,send_recv,2,8
886,1.074,1.074,1.074,1.074,0.0,0,2,53084160,send_recv,2,8
887,1.076,1.077,1.0763333333333334,1.076,0.00047140452079097976,0,2,53215232,send_recv,2,8
888,1.079,1.079,1.079,1.079,0.0,0,2,53346304,send_recv,2,8
889,1.081,1.082,1.0816666666666668,1.082,0.00047140452079108444,0,2,53477376,send_recv,2,8
890,1.084,1.084,1.084,1.084,0.0,0,2,53608448,send_recv,2,8
891,1.087,1.087,1.087,1.087,0.0,0,2,53739520,send_recv,2,8
892,1.089,1.09,1.0896666666666668,1.09,0.00047140452079108444,0,2,53870592,send_recv,2,8
893,1.092,1.092,1.092,1.092,0.0,0,2,54001664,send_recv,2,8
894,1.094,1.095,1.0946666666666667,1.095,0.00047140452079097976,0,2,54132736,send_recv,2,8
895,1.097,1.097,1.097,1.097,0.0,0,2,54263808,send_recv,2,8
896,1.1,1.101,1.1003333333333334,1.1,0.00047140452079097976,0,2,54394880,send_recv,2,8
897,1.102,1.102,1.102,1.102,0.0,0,2,54525952,send_recv,2,8
898,1.107,1.108,1.1076666666666666,1.108,0.00047140452079108444,0,2,54657024,send_recv,2,8
899,1.109,1.11,1.1096666666666668,1.11,0.00047140452079108444,0,2,54788096,send_recv,2,8
900,1.112,1.113,1.1123333333333334,1.112,0.00047140452079097976,0,2,54919168,send_recv,2,8
901,1.113,1.114,1.1136666666666668,1.114,0.00047140452079108444,0,2,55050240,send_recv,2,8
902,1.116,1.117,1.1166666666666667,1.117,0.00047140452079097976,0,2,55181312,send_recv,2,8
903,1.118,1.119,1.1183333333333334,1.118,0.00047140452079097976,0,2,55312384,send_recv,2,8
904,1.121,1.121,1.121,1.121,0.0,0,2,55443456,send_recv,2,8
905,1.123,1.124,1.1233333333333333,1.123,0.00047140452079108444,0,2,55574528,send_recv,2,8
906,1.1260000000000001,1.127,1.1266666666666667,1.127,0.00047140452079097976,0,2,55705600,send_recv,2,8
907,1.1280000000000001,1.129,1.1283333333333334,1.1280000000000001,0.00047140452079097976,0,2,55836672,send_recv,2,8
908,1.131,1.1320000000000001,1.1313333333333333,1.131,0.00047140452079108444,0,2,55967744,send_recv,2,8
909,1.1340000000000001,1.1340000000000001,1.1340000000000001,1.1340000000000001,0.0,0,2,56098816,send_recv,2,8
910,1.1360000000000001,1.137,1.1363333333333334,1.1360000000000001,0.00047140452079097976,0,2,56229888,send_recv,2,8
911,1.139,1.139,1.139,1.139,0.0,0,2,56360960,send_recv,2,8
912,1.1420000000000001,1.1420000000000001,1.1420000000000001,1.1420000000000001,0.0,0,2,56492032,send_recv,2,8
913,1.1440000000000001,1.145,1.1443333333333334,1.1440000000000001,0.00047140452079097976,0,2,56623104,send_recv,2,8
914,1.149,1.151,1.1500000000000001,1.1500000000000001,0.0008164965809277268,0,2,56754176,send_recv,2,8
915,1.151,1.1520000000000001,1.1516666666666666,1.1520000000000001,0.00047140452079108444,0,2,56885248,send_recv,2,8
916,1.154,1.156,1.155,1.155,0.0008164965809277268,0,2,57016320,send_recv,2,8
917,1.155,1.157,1.156,1.156,0.0008164965809277268,0,2,57147392,send_recv,2,8
918,1.158,1.158,1.158,1.158,0.0,0,2,57278464,send_recv,2,8
919,1.16,1.16,1.16,1.16,0.0,0,2,57409536,send_recv,2,8
920,1.163,1.163,1.163,1.163,0.0,0,2,57540608,send_recv,2,8
921,1.165,1.165,1.165,1.165,0.0,0,2,57671680,send_recv,2,8
922,1.168,1.169,1.1686666666666665,1.169,0.00047140452079108444,0,2,57802752,send_recv,2,8
923,1.17,1.171,1.1706666666666667,1.171,0.00047140452079108444,0,2,57933824,send_recv,2,8
924,1.173,1.174,1.1733333333333333,1.173,0.00047140452079097976,0,2,58064896,send_recv,2,8
925,1.176,1.176,1.176,1.176,0.0,0,2,58195968,send_recv,2,8
926,1.179,1.179,1.179,1.179,0.0,0,2,58327040,send_recv,2,8
927,1.181,1.181,1.181,1.181,0.0,0,2,58458112,send_recv,2,8
928,1.183,1.184,1.1833333333333333,1.183,0.00047140452079097976,0,2,58589184,send_recv,2,8
929,1.186,1.186,1.186,1.186,0.0,0,2,58720256,send_recv,2,8
930,1.192,1.192,1.192,1.192,0.0,0,2,58851328,send_recv,2,8
931,1.193,1.194,1.1936666666666667,1.194,0.00047140452079097976,0,2,58982400,send_recv,2,8
932,1.195,1.197,1.196,1.196,0.0008164965809277268,0,2,59113472,send_recv,2,8
933,1.198,1.198,1.198,1.198,0.0,0,2,59244544,send_recv,2,8
934,1.2,1.202,1.2009999999999998,1.201,0.0008164965809277268,0,2,59375616,send_recv,2,8
935,1.202,1.203,1.2026666666666668,1.203,0.00047140452079108444,0,2,59506688,send_recv,2,8
936,1.204,1.205,1.2046666666666666,1.205,0.00047140452079108444,0,2,59637760,send_recv,2,8
937,1.207,1.208,1.2076666666666667,1.208,0.00047140452079097976,0,2,59768832,send_recv,2,8
938,1.21,1.21,1.21,1.21,0.0,0,2,59899904,send_recv,2,8
939,1.212,1.212,1.212,1.212,0.0,0,2,60030976,send_recv,2,8
940,1.215,1.215,1.215,1.215,0.0,0,2,60162048,send_recv,2,8
941,1.217,1.218,1.2176666666666667,1.218,0.00047140452079097976,0,2,60293120,send_recv,2,8
942,1.22,1.22,1.22,1.22,0.0,0,2,60424192,send_recv,2,8
943,1.223,1.224,1.2233333333333334,1.223,0.00047140452079097976,0,2,60555264,send_recv,2,8
944,1.226,1.226,1.226,1.226,0.0,0,2,60686336,send_recv,2,8
945,1.228,1.228,1.228,1.228,0.0,0,2,60817408,send_recv,2,8
946,1.233,1.234,1.2336666666666667,1.234,0.00047140452079097976,0,2,60948480,send_recv,2,8
947,1.235,1.236,1.2353333333333334,1.235,0.00047140452079097976,0,2,61079552,send_recv,2,8
948,1.238,1.239,1.2383333333333335,1.238,0.00047140452079108444,0,2,61210624,send_recv,2,8
949,1.239,1.24,1.2396666666666667,1.24,0.00047140452079097976,0,2,61341696,send_recv,2,8
950,1.242,1.244,1.2426666666666666,1.242,0.0009428090415820641,0,2,61472768,send_recv,2,8
951,1.244,1.245,1.2443333333333333,1.244,0.00047140452079108444,0,2,61603840,send_recv,2,8
952,1.247,1.247,1.247,1.247,0.0,0,2,61734912,send_recv,2,8
953,1.249,1.25,1.2493333333333334,1.249,0.00047140452079097976,0,2,61865984,send_recv,2,8
954,1.252,1.252,1.252,1.252,0.0,0,2,61997056,send_recv,2,8
955,1.254,1.256,1.2550000000000001,1.2550000000000001,0.0008164965809277268,0,2,62128128,send_recv,2,8
956,1.2570000000000001,1.2570000000000001,1.2570000000000001,1.2570000000000001,0.0,0,2,62259200,send_recv,2,8
957,1.2590000000000001,1.26,1.2596666666666667,1.26,0.00047140452079097976,0,2,62390272,send_recv,2,8
958,1.262,1.2630000000000001,1.2626666666666668,1.2630000000000001,0.00047140452079108444,0,2,62521344,send_recv,2,8
959,1.2650000000000001,1.266,1.2653333333333334,1.2650000000000001,0.00047140452079097976,0,2,62652416,send_recv,2,8
960,1.2670000000000001,1.268,1.2676666666666667,1.268,0.00047140452079097976,0,2,62783488,send_recv,2,8
961,1.27,1.2710000000000001,1.2703333333333335,1.27,0.00047140452079108444,0,2,62914560,send_recv,2,8
962,1.276,1.276,1.276,1.276,0.0,0,2,63045632,send_recv,2,8
963,1.2770000000000001,1.2770000000000001,1.2770000000000001,1.2770000000000001,0.0,0,2,63176704,send_recv,2,8
964,1.28,1.28,1.28,1.28,0.0,0,2,63307776,send_recv,2,8
965,1.281,1.282,1.2813333333333332,1.281,0.00047140452079108444,0,2,63438848,send_recv,2,8
966,1.284,1.284,1.284,1.284,0.0,0,2,63569920,send_recv,2,8
967,1.286,1.288,1.287,1.287,0.0008164965809277268,0,2,63700992,send_recv,2,8
968,1.289,1.289,1.289,1.289,0.0,0,2,63832064,send_recv,2,8
969,1.291,1.292,1.2913333333333334,1.291,0.00047140452079108444,0,2,63963136,send_recv,2,8
970,1.294,1.294,1.294,1.294,0.0,0,2,64094208,send_recv,2,8
971,1.296,1.297,1.2966666666666666,1.297,0.00047140452079097976,0,2,64225280,send_recv,2,8
972,1.299,1.3,1.2993333333333335,1.299,0.00047140452079108444,0,2,64356352,send_recv,2,8
973,1.301,1.302,1.3016666666666665,1.302,0.00047140452079108444,0,2,64487424,send_recv,2,8
974,1.304,1.304,1.304,1.304,0.0,0,2,64618496,send_recv,2,8
975,1.307,1.307,1.307,1.307,0.0,0,2,64749568,send_recv,2,8
976,1.31,1.31,1.31,1.31,0.0,0,2,64880640,send_recv,2,8
977,1.312,1.313,1.3126666666666666,1.313,0.00047140452079097976,0,2,65011712,send_recv,2,8
978,1.317,1.319,1.3176666666666668,1.317,0.0009428090415820641,0,2,65142784,send_recv,2,8
979,1.319,1.32,1.3193333333333335,1.319,0.00047140452079108444,0,2,65273856,send_recv,2,8
980,1.321,1.323,1.322,1.322,0.0008164965809277268,0,2,65404928,send_recv,2,8
981,1.323,1.324,1.3233333333333333,1.323,0.00047140452079108444,0,2,65536000,send_recv,2,8
982,1.326,1.326,1.326,1.326,0.0,0,2,65667072,send_recv,2,8
983,1.328,1.328,1.328,1.328,0.0,0,2,65798144,send_recv,2,8
984,1.331,1.331,1.331,1.331,0.0,0,2,65929216,send_recv,2,8
985,1.333,1.334,1.3333333333333333,1.333,0.00047140452079108444,0,2,66060288,send_recv,2,8
986,1.335,1.336,1.3356666666666668,1.336,0.00047140452079108444,0,2,66191360,send_recv,2,8
987,1.338,1.339,1.3386666666666667,1.339,0.00047140452079097976,0,2,66322432,send_recv,2,8
988,1.341,1.342,1.3413333333333333,1.341,0.00047140452079108444,0,2,66453504,send_recv,2,8
989,1.344,1.344,1.344,1.344,0.0,0,2,66584576,send_recv,2,8
990,1.346,1.347,1.3463333333333332,1.346,0.00047140452079097976,0,2,66715648,send_recv,2,8
991,1.349,1.35,1.3493333333333333,1.349,0.00047140452079108444,0,2,66846720,send_recv,2,8
992,1.352,1.352,1.352,1.352,0.0,0,2,66977792,send_recv,2,8
993,1.354,1.354,1.354,1.354,0.0,0,2,67108864,send_recv,2,8
