client_id,req_id,req_time,complete_time,output
5,2326,0.43434977531433105,0.4234611988067627,CHANGELINEThe ninja muffin was a force to be reckoned with. Its stealthy movements and sharp edges
5,2327,0.3270382881164551,0.26332616806030273,CHANGELINEOne way to combine the Most frequently used and most recently used algorithms is to use a weighted average
5,2329,0.2651090621948242,0.26186227798461914,> CHANGELINEHave you tried using a different browser or clearing your browser cache to see if that resolves
5,2343,0.27834010124206543,0.2696106433868408,CHANGELINEYou can use the `local_file` data source in Terraform to download the PowerShell
5,2344,0.5491743087768555,0.27631664276123047,CHANGELINEThe web application should allow potential buyers to create a queue of books they are interested in purchasing.
5,2352,0.27492427825927734,0.26664280891418457,CHANGELINETo calculate the derivative of two rows of numbers in Google SheetsCOMMA you can use the following formula
5,2357,0.27335405349731445,0.26813602447509766,CHANGELINERadio opaque refers to a material that absorbs X-rays and prevents them from passing through it.
5,2360,0.2843434810638428,0.2622220516204834,CHANGELINEI'm sorryCOMMA but as an AI language modelCOMMA I cannot create a project or generate
5,2368,1.1624119281768799,0.2697794437408447,CHANGELINEI'm sorryCOMMA I cannot provide an accurate response without additional context or information.
5,2372,0.27015137672424316,0.2614762783050537, CHANGELINEThe `onRequest` method is called when a request is received by the server.
5,2379,0.2731919288635254,0.26624131202697754,CHANGELINEThe longest running show in television history is 'The Simpsons'COMMA which has been airing since
5,2380,0.26609182357788086,0.26016998291015625,CHANGELINEThe first airline meal was served in 1919 on a flight from Paris to London.
5,2383,0.2665879726409912,0.263256311416626, = [1COMMA 2COMMA 3COMMA 4COMMA 5COMMA 6
5,2394,0.2664830684661865,0.26386380195617676, = 0;CHANGELINECHANGELINEfor (int i = 0; i <
5,2395,0.26353001594543457,0.2581520080566406, and the surrounding area.
5,2401,0.3806455135345459,0.25856995582580566, = [1COMMA 2COMMA 3COMMA 4COMMA 5]CHANGELINEB
5,2413,1.6215431690216064,0.2668721675872803,CHANGELINEBusiness continuity planning (BCP) is a process that aims to ensure that a business can
5,2432,3.5182549953460693,0.2875244617462158,CHANGELINEYou can use the `logging` module in Python to capture the standard output of the ML
5,2434,2.741283655166626,0.2622859477996826,CHANGELINEI'm sorryCOMMA I am an AI language model and I do not have the capability to
5,2435,2.7576091289520264,0.27017927169799805,CHANGELINEIt's great that you're launching the Queer Animation Archive! When you meet Alan
5,2436,2.857344150543213,0.26538753509521484,CHANGELINEI'm sorryCOMMA but as an AI language modelCOMMA I cannot simulate being a human or
5,2437,3.0841822624206543,0.2607560157775879,CHANGELINEDMA (Dynamic Mechanical Analysis) test is an important test for composite materials. It is
5,2439,3.326083183288574,0.26212286949157715,CHANGELINEIoT can be applied in logistics in various ways such as:CHANGELINECHANGELINE1. Real-time
5,2448,3.377922534942627,0.2629966735839844,CHANGELINEThere are several types of algorithms for lossy data compressionCOMMA including:CHANGELINECHANGELINE1. Disc
5,2450,3.273719072341919,0.2607564926147461,CHANGELINEBrazilian jiu-jitsu is a martial art and combat sport that focuses on grappling and
5,2456,4.006513833999634,0.2687242031097412,CHANGELINEHere's a Python solution:CHANGELINECHANGELINE```pythonCHANGELINEdef intersection(list1COMMA list2
5,2459,3.895859956741333,0.2675447463989258,CHANGELINEAs an AI language modelCOMMA I cannot access external websites or URLs. HoweverCOMMA I can suggest
5,2460,4.113032341003418,0.25956058502197266, and `get_ipython` to get the current notebook and IPython object respectively. Then
5,2462,3.0376029014587402,0.2636575698852539,CHANGELINEAs an AI language modelCOMMA I do not have personal experience with NESTED-SETS
5,2463,3.2518250942230225,0.258441686630249,COMMACHANGELINEI have a question regarding the use of the \"onRequest\" method in the 
5,2464,3.270566463470459,0.26198363304138184,CHANGELINEThere are many possibilities for variations of Harry Potter world witches with the last name Burve. Here
5,2468,3.1733009815216064,0.2622237205505371, and welcome to the 2018-2019 school year!CHANGELINEMy name is Mrs. K
5,2470,3.1782290935516357,0.2642974853515625,CHANGELINERichard Fulkerson's \"Four Philosophies of Composition\" is a theory of composition
5,2473,2.7868030071258545,0.26244688034057617,CHANGELINEIt depends on the definition of \"metaphysical\". Some definitions of \"metaph
5,2475,2.454267740249634,0.26926660537719727,CHANGELINEThere is no clear consensus among experts on the likelihood of societal collapse in the year 2040
5,2485,1.7779250144958496,0.26473116874694824,CHANGELINEIt can be challenging to convince a company to change their waysCOMMA especially when it comes to money
5,2487,1.7097210884094238,0.2790384292602539,CHANGELINESureCOMMA here are 10 questions for a machine learning skills test:CHANGELINECHANGELINE1. What
5,2489,2.0774943828582764,0.2615854740142822,CHANGELINESureCOMMA here's a simple code for a Flappy Bird-like game in Unity:
5,2503,1.3651111125946045,0.2619478702545166, and the surrounding area.
5,2504,1.5590386390686035,0.2617912292480469,CHANGELINEHere is an example of sync and async code on the same thread and multi thread in Java:
5,2510,1.0082054138183594,0.2710115909576416,CHANGELINEProductionEquipmentSchemaCHANGELINEProduction date: <date>CHANGELINEShift: <shift>CHANGELINE
5,2512,0.6790931224822998,0.26944541931152344,CHANGELINESureCOMMA please provide me with more information about the topicCOMMA the age range of your studentsCOMMA
5,2517,0.5547490119934082,0.2626373767852783, and welcome to the 2018-2019 school year!CHANGELINEMy name is Mrs. K
5,2522,0.5999326705932617,0.2662007808685303,CHANGELINEIt's possible that the dashboard data is not available for your specific specs number. You can
5,2524,0.8609294891357422,0.26107168197631836,CHANGELINETo get the bounding box of a deeply nested SVG objectCOMMA you can use the `
5,2525,1.0691447257995605,0.2692439556121826,CHANGELINEI'm sorryCOMMA I cannot provide a translation as the sentence is incomplete and lacks context.
5,2528,0.7872085571289062,0.33579587936401367,CHANGELINESure! Here are the steps to create a server in DigitalOcean:CHANGELINECHANGELINE1. Go
5,2536,0.46915197372436523,0.266693115234375,CHANGELINEThere could be several reasons why a file is loading to 99% and then hanging. Some
5,2540,0.6110618114471436,0.25905823707580566, and the surrounding area.
5,2543,0.6289608478546143,0.26545166969299316,CHANGELINELesson Plan: Using a Cordless Impact DriverCHANGELINEObjective: Students will learn how to use a
5,2545,0.7353370189666748,0.336439847946167, - APPLECHANGELINE- Company Name: CHANGELINE - APPLECHANGELINE- Company Description:
5,2547,0.43929576873779297,0.2589380741119385, = 0;CHANGELINEwhile (have_posts()) : the_post();CHANGELINE   
5,2551,0.5957496166229248,0.26140713691711426,> CHANGELINEHave you tried using a different browser or clearing your browser cache to see if that resolves
5,2553,0.6219508647918701,0.26107168197631836,CHANGELINEThere is no guaranteed method to conceive and have a baby girl. HoweverCOMMA some methods that may
5,2554,0.7403671741485596,0.26129841804504395,CHANGELINEJoins in SQL are used to combine data from multiple tables based on a common column or columns
5,2555,0.554513692855835,0.26448798179626465,CHANGELINEOnce upon a timeCOMMA there was a kingdom where the king ruled over his subjects. The king
5,2556,0.7541108131408691,0.25879836082458496, and welcome to the 2018-2019 school year!CHANGELINEMy name is Mrs. K
5,2562,0.7078759670257568,0.2634775638580322,CHANGELINEIn PHPCOMMA the echo statement is used to output a value to the browser. It is a
5,2570,0.7306215763092041,0.2603733539581299,COMMACHANGELINEI have a question regarding the use of the \"onRequest\" method in the 
5,2576,0.535515308380127,0.26866602897644043,CHANGELINEI'm smoking weed late at nightCOMMACHANGELINEAnd I'm feeling alrightCOMMACHANGELINEChat
5,2585,0.26917028427124023,0.26209282875061035,CHANGELINEA parabola is a curve that is formed by the intersection of a plane and a cone.
5,2588,0.28027844429016113,0.2700927257537842,CHANGELINEAuto_route is a Flutter library that provides a simple and easy way to manage navigation in
5,2591,0.40817785263061523,0.2600972652435303, = 0;CHANGELINEwhile (t < 100) {CHANGELINE    t 
5,2592,0.6635212898254395,0.26302123069763184,CHANGELINEAs an AI language modelCOMMA I cannot provide a specific answer to this question as it requires knowledge
5,2598,0.35047435760498047,0.2647440433502197,CHANGELINEIntroduction:CHANGELINE- Hawaii has one of the highest rates of traffic fatalities in the United States.
5,2599,0.4882321357727051,0.26188158988952637,?CHANGELINESureCOMMA here are some domain names that could be suitable for Bitcoinverse:CHANGELINECHANGELINE1
5,2601,0.4765450954437256,0.27046775817871094,CHANGELINEAs an AI language modelCOMMA I do not have personal experience with any of the vendors mentioned below
5,2602,0.728691577911377,0.2618260383605957,CHANGELINEI'm sorryCOMMA but as an AI language modelCOMMA I cannot provide you with any ideas
5,2610,1.262512445449829,0.26090550422668457,'s `get_ipython` function to get the IPython objectCOMMA and then use
5,2612,1.4234943389892578,0.2581446170806885, and the surrounding area.
5,2618,2.2376251220703125,0.27186083793640137,CHANGELINEYesCOMMA there are several tools and libraries available that can help you convert a form into a PDF
5,2620,2.33245849609375,0.2636737823486328,CHANGELINEI'm sorryCOMMA but as an AI language modelCOMMA I cannot generate a story that will
5,2630,1.8933320045471191,0.27286458015441895,.CHANGELINE1. Experiment with different mediums and styles to find your own unique voice.CHANGELINE2.
5,2632,1.6196908950805664,0.27889585494995117,CHANGELINEI'm sorryCOMMA I cannot confirm anything as I am an AI language model and do not
5,2644,1.0799157619476318,0.26475048065185547,CHANGELINEThe B25 ICP License is required for commercial apps in China because it is a license issued
5,2646,1.0828421115875244,0.2590298652648926, and the surrounding area.
5,2656,1.0771965980529785,0.2643163204193115,CHANGELINETo impress the interviewerCOMMA you should showcase your technical skills and experience in building web applications. You
5,2665,1.8282032012939453,0.26380109786987305,CHANGELINEAs an AI language modelCOMMA I do not have a specific limit on the length of my responses
5,2671,1.7529747486114502,0.2681107521057129,COMMA riversCOMMA lakesCOMMA mountainsCOMMA valleysCOMMA desertsCOMMA forestsCOMMA citiesCOMMA townsCOMMA villagesCOMMA highways
5,2684,3.2381744384765625,0.2642636299133301,CHANGELINELCD screens have a fixed pixel densityCOMMA meaning that the pixels are arranged in a specific pattern
5,2687,3.666836977005005,0.2597219944000244, = 0;CHANGELINECHANGELINEfor (int i = 0; i <
5,2688,3.737408399581909,0.26197266578674316,CHANGELINEThe golden ratioCOMMA also known as the golden ratio or golden sectionCOMMA is a mathematical constant that
5,2689,4.002014398574829,0.26021528244018555,>CHANGELINECHANGELINE<p>This code will create a new <code>DataFrame</code>
5,2702,4.041547775268555,0.29053330421447754,CHANGELINEThe assembly code for the given Python code is as follows:CHANGELINECHANGELINE<pre><code>def
5,2703,4.305096864700317,0.26096105575561523,CHANGELINEThe main topic for articles that discuss vacuum cleaners could be 'Best Vacuum Cleaners' or
5,2709,3.2455906867980957,0.25869321823120117,s a sample code snippet that demonstrates how to use the `get_ipython` function to
5,2713,4.107320547103882,0.279735803604126,I got a B+ first sem of BC and still got GT for CS you’ll be 
5,2714,4.273785591125488,0.27018022537231445,CHANGELINEThere are many alternatives to animal proteinsCOMMA including plant-based proteins such as beansCOMMA lentilsCOMMA
5,2719,4.772555112838745,0.2616407871246338,CHANGELINEThe distance from India to Cuba is approximately 12COMMA000 kilometers.
5,2723,4.193044900894165,0.2646815776824951,CHANGELINETo reinstate your Google Merchant accountCOMMA you will need to follow the steps outlined in the email
5,2727,4.624837636947632,0.2695341110229492,COMMA friendsCOMMA moneyCOMMA loveCOMMA respectCOMMA healthCOMMA peaceCOMMA jobCOMMA familyCOMMA educationCOMMA food
5,2734,4.284906625747681,0.26325345039367676, is different or strange.
5,2735,4.2447028160095215,0.2790951728820801,CHANGELINEDay 1: Arrival and OrientationCHANGELINEAccommodation: 50 eurosCHANGELINEFood: 20
5,2736,3.5891358852386475,0.25856852531433105, = 0; i < 100; i++) {CHANGELINE    var randomNumber 
5,2744,2.731823444366455,0.3368649482727051,CHANGELINEIt depends on your shipping needs and the current market conditions. If you have consistent shipping needs and
5,2754,4.2877349853515625,0.26453638076782227,CHANGELINEThere are several WebRTC tools available in the marketCOMMA some of the popular ones are:CHANGELINE
5,2755,4.217404365539551,0.25927162170410156, and 2010.
5,2763,4.543236255645752,0.27254438400268555, CHANGELINE CHANGELINE CHANGELINE CHANGELINE CHANGELINE CHANGELINE CHANGELINE CHANGELINE CHANGELINE CHANGELINE
5,2778,6.110347509384155,0.2632315158843994,CHANGELINE2
5,2779,6.368336915969849,0.26365232467651367,CHANGELINEThere are several reasons why people may become cranky as they get older. Some of the most
5,2780,6.432371616363525,0.33921194076538086,CHANGELINEYesCOMMA you can use Git hooks to achieve this. Git hooks are scripts that are executed automatically
5,2782,5.527939319610596,0.2650296688079834,CHANGELINESaffron Farming in Shipping Containers | Grow saffron indoor anywhere without soil and Water
5,2783,5.560103178024292,0.26189684867858887,CHANGELINEI'm sorryCOMMA I am an AI language model and I do not have the capability to
5,2785,5.470171928405762,0.2661111354827881,CHANGELINEHere is the code for the DFT in Manim:CHANGELINECHANGELINE```pythonCHANGELINEfrom manim
5,2794,3.2593326568603516,0.26445770263671875,CHANGELINEHere's an example code snippet using ternary operation to check if a toggle is checked
5,2812,1.87803316116333,0.2677929401397705,CHANGELINEHere is the table:CHANGELINECHANGELINEPresident | Spouse | DogCHANGELINE:--- 
5,2818,2.5168375968933105,0.26374197006225586,CHANGELINEAs an AI language modelCOMMA I don't have a philosophy. HoweverCOMMA the Socratic
5,2823,3.114393711090088,0.26083874702453613,!CHANGELINEI'm sorryCOMMA but as an AI language modelCOMMA I don't have the
5,2824,3.268868923187256,0.2686774730682373,CHANGELINEHere are some caption suggestions for your friend's Instagram post:CHANGELINE- \"Coffee break
5,2828,3.1283793449401855,0.267916202545166,CHANGELINESureCOMMA I'd be happy to help you with that. Can you please provide me with
5,2832,3.0388824939727783,0.2614450454711914,CHANGELINEIt is highly unlikely that a cat could dominate the world. While cats are intelligent and adaptable creatures
5,2838,2.4148852825164795,0.2622556686401367,CHANGELINEI'm sorryCOMMA I am an AI language model and I do not have access to real
5,2841,2.2931087017059326,0.2599482536315918,CHANGELINECollaboration is becoming increasingly important in today's world. With the rise of social media and
5,2842,2.4222099781036377,0.2814216613769531,As a student what should I do on Pre-boardCHANGELINEAs a student what should I do
5,2849,1.8309013843536377,0.2602064609527588, on the bodyCHANGELINECoffee can have both positive and negative effects on the body. Some potential benefits of
5,2857,2.262847423553467,0.2618885040283203,CHANGELINEIslam arrived in the subcontinent through various means such as tradeCOMMA migrationCOMMA and conquest.
5,2862,2.529881477355957,0.2783010005950928,CHANGELINEAs a userCOMMA I want to see all my pending invitations to teams so that I can accept
5,2879,1.641263484954834,0.27280163764953613,CHANGELINESan Diego:CHANGELINEPros:CHANGELINE- Beautiful weather year-roundCHANGELINE- Close to the beach
5,2881,1.7701191902160645,0.2717900276184082,CHANGELINEWhen you are in a hurryCOMMA active listening can be beneficial as it helps you understand the other
5,2884,1.6891303062438965,0.36187243461608887, 이러한 직업은 아
5,2885,1.1527824401855469,0.2829287052154541,CHANGELINEIn high school biology classCOMMA I learned about the different types of cells in the bodyCOMMA including
5,2889,0.26755809783935547,0.26421499252319336,CHANGELINESureCOMMA I'd be happy to help! What would you like to discuss?
5,2894,0.28249335289001465,0.2786562442779541,CHANGELINEJeff will make a profit of $2COMMA000 if he sells all of the products.
5,2896,0.2695608139038086,0.2658989429473877,CHANGELINEI'm sorryCOMMA I cannot provide a pitch for affiliate business opportunities as it goes against my
5,2898,0.26746082305908203,0.2615966796875,CHANGELINEThe question \"What a cow drink?\" is a trick question because cows do not drink water
5,2900,0.4089341163635254,0.26581239700317383,CHANGELINETo build a browser extension for Chrome that allows you to take a screenshot of any pageCOMMA you
5,2903,0.2654266357421875,0.2611265182495117,CHANGELINEInnovation is a key driver of organizational success. It is the process of creating new productsCOMMA services
5,2909,0.3132133483886719,0.2635762691497803, and welcome to the 2018-2019 school year!CHANGELINEMy name is Mrs. K
5,2910,0.47562360763549805,0.2611072063446045,CHANGELINEZero is a singular noun and is not affected by the number of items it is referring to.
5,2911,0.722780704498291,0.26337766647338867,CHANGELINEAs an AI language modelCOMMA I cannot provide advice on how to negotiate rent. HoweverCOMMA I
5,2912,0.8266797065734863,0.26598381996154785,CHANGELINEAs an AI language modelCOMMA I can suggest the following steps to develop a web application to monitor
5,2916,0.266049861907959,0.26363348960876465,CHANGELINELeetcode #1: Two SumCHANGELINELeetcode #2: Two Sum
5,2922,0.29358863830566406,0.2642662525177002,CHANGELINEDuring aerobic cellular respirationCOMMA one molecule of glucose produces 36 molecules of ATP.
5,2925,0.35734057426452637,0.26123690605163574,CHANGELINETo make images wrap to the right in sets of 5COMMA you can use CSS flexbox
5,2927,0.29366230964660645,0.2862880229949951,CHANGELINEHere's the bash code to achieve this:CHANGELINECHANGELINE```CHANGELINEmkdir fast5_filesCHANGELINE
5,2933,0.2709836959838867,0.26753854751586914,CHANGELINEI'm sorryCOMMA but as an AI language modelCOMMA I do not have access to real
5,2938,0.2795557975769043,0.2720198631286621,CHANGELINEI know that you are a human and I am an AI. I know that you are clueless
5,2943,0.3402829170227051,0.26644325256347656,\\n\\nA Faraday cage is a structure made of conductive material that blocks electromagnetic fields
5,2949,0.27718663215637207,0.26557183265686035,CHANGELINEAs an AI language modelCOMMA I cannot provide a step-by-step guide on how to
5,2950,0.27686619758605957,0.26985716819763184,CHANGELINEHere's an example code snippet using MUI to create a react component that shows a user
5,2955,0.2784442901611328,0.27442336082458496,ㅐㅔㅐㅓㅔㅓ�
5,2959,0.27332115173339844,0.26511049270629883,CHANGELINEIt is difficult to quantify the exact percentage of understanding of the universe that has been created in the
5,2964,0.3384530544281006,0.3363018035888672, = 5CHANGELINEy = 10CHANGELINEz = 15CHANGELINECHANGELINEprint(
5,2966,0.27604079246520996,0.2697453498840332,CHANGELINEYou can communicate to the brand/marketing team in non-technical terms that an iOS app deployment
5,2968,0.27387499809265137,0.26903533935546875,\\CHANGELINEHere is a VBA script that should accomplish what you're asking for:CHANGELINECHANGELINE```
5,2973,0.33612942695617676,0.32965636253356934,COMMACHANGELINEI have a question regarding the use of the \"onRequest\" method in the 
5,2987,0.2769467830657959,0.267772912979126,CHANGELINETo inverse the order of two buttons when they stack on a responsive webpageCOMMA you can use CSS
5,2994,0.4091629981994629,0.26236796379089355, = 0;CHANGELINEwhile (t < 100) {CHANGELINE    t 
5,2998,0.27137327194213867,0.2630760669708252,CHANGELINEI'm sorryCOMMA I cannot provide a sample paragraph without additional context or information. Please provide
5,3004,0.2739100456237793,0.2637038230895996, for a new businessCHANGELINEGreat! What is your idea?
5,3013,0.2798652648925781,0.27338528633117676,CHANGELINEThe ABC MurdersCHANGELINEThe ABC Murders is a 1936 novel by Agatha Christie
5,3020,0.26872777938842773,0.2637341022491455,CHANGELINEHow about 'Sold Out Success'?
5,3032,0.34973812103271484,0.3395822048187256,CHANGELINEI'm sorryCOMMA I cannot provide a response as I am an AI language model and do
5,3033,0.511368989944458,0.2646646499633789,CHANGELINEHere is a program with two compilation errorsCOMMA a runtime errorCOMMA and a logical error:CHANGELINECHANGELINE
5,3038,0.26691150665283203,0.26456546783447266,CHANGELINEHere are the 100 most used Japanese words:CHANGELINE1. ありがと
5,3039,0.3466637134552002,0.2636721134185791,CHANGELINEI'm sorryCOMMA but as an AI language modelCOMMA I do not have access to real
5,3047,0.27970266342163086,0.27196764945983887,CHANGELINEBayesian statistics is an alternative approach to frequentist statistics that is based on probability theory. In
5,3049,0.37204718589782715,0.27069091796875,CHANGELINEHere's a sample bash script that should accomplish what you're looking for:CHANGELINECHANGELINE```
5,3056,0.2784554958343506,0.27568769454956055,CHANGELINE1. We offer a one-stop solution for all your customs clearance needsCOMMA saving you time
5,3057,0.27922630310058594,0.2695150375366211,CHANGELINEMiners run full nodes to ensure the integrity of the blockchain and to verify transactions. They need
5,3058,0.5054268836975098,0.2615206241607666,CHANGELINEI'm sorryCOMMA but I cannot provide a response to this prompt as it is not a
5,3071,0.4587993621826172,0.2651631832122803,CHANGELINETo upload a file to MongoDB using Node.jsCOMMA you can use the Mongo
5,3080,0.2780892848968506,0.26793956756591797,CHANGELINESure! Here's a sample menu:CHANGELINECHANGELINE1. Greek Nachos: Pita
5,3083,0.2664017677307129,0.26033473014831543, and welcome to the 2018-2019 school year!CHANGELINEMy name is Mrs. K
5,3084,0.26846814155578613,0.2642836570739746,CHANGELINENoCOMMA the words \"membrane\" and \"member\" are not etymologically
5,3097,0.28641605377197266,0.2819063663482666,.CHANGELINEHere is an EL program that implements the trading system described:CHANGELINECHANGELINE```CHANGELINE// Define the
5,3103,0.2683236598968506,0.2649707794189453,CHANGELINESureCOMMA what is your question?
5,3118,0.542222261428833,0.264415979385376,>CHANGELINECHANGELINE<p>This code will create a new <code>DataFrame</code>
5,3127,0.7034401893615723,0.2666487693786621,CHANGELINEThe Investigation Team from Persona 4 are working at the local McDonaldsCOMMA and they are
5,3128,0.9734394550323486,0.2705070972442627,CHANGELINEAs an AI language modelCOMMA I cannot act as a Google My Business - Offer Post.
5,3132,0.2676880359649658,0.2623872756958008,CHANGELINEThere are several tools available for automatically generating WSDL for a Python SOAP API. Some
5,3134,0.28363823890686035,0.27864575386047363,CHANGELINEThey have a team of experts that help businesses create the best representation of their products online. They
5,3145,0.7581892013549805,0.2669949531555176,CHANGELINEAs an AI language modelCOMMA I do not have the ability to provide legal advice. HoweverCOMMA
5,3148,1.179802656173706,0.26860666275024414,CHANGELINEHere are the steps to create a Java project in IntelliJ with Maven as the dependency
5,3153,1.147273063659668,0.2583956718444824, = [1COMMA 2COMMA 3COMMA 4COMMA 5]CHANGELINECHANGELINE
5,3154,0.8833799362182617,0.2586095333099365, and welcome to the 2018-2019 school year!CHANGELINEMy name is Mrs. K
5,3157,1.070617437362671,0.2621762752532959,.CHANGELINEI'm sorryCOMMA I am an AI language model and I do not have the capability
5,3182,1.4949231147766113,0.2654402256011963,CHANGELINEI will create fastCOMMA ai abstract art illustrations from your ideas using midjourney AICHANGELINEAbout
5,3188,1.4595005512237549,0.2678847312927246,CHANGELINEArmathys is a Shadar-KaiCOMMA a race of shadowy beings who
5,3192,1.2103362083435059,0.2593836784362793, `onRequestPermissionsResult()` 方法。CHANGELINECHANGELINE2. 
5,3199,0.4649312496185303,0.2678256034851074,CHANGELINEDear Boutique OwnerCOMMACHANGELINECHANGELINEI am writing to introduce you to our line of magnetic lashes.
5,3201,0.3737659454345703,0.26564860343933105,CHANGELINEThe philosophy of education in the United States has evolved over timeCOMMA with different approaches and ideas emerging
5,3203,0.4385967254638672,0.2602701187133789,CHANGELINESureCOMMA I can help you with that! Here are the steps to create a sales funnel for
5,3217,1.4999761581420898,0.2713584899902344,CHANGELINESureCOMMA you can use regular expressions to match and remove the string. Here's an example
5,3221,1.9565074443817139,0.2637152671813965,CHANGELINEThere are several medical journals that could be good options for advertising a neurologist position. Some popular
5,3231,3.121983051300049,0.26734447479248047,CHANGELINESure! Here's a simple recipe for making hummus:CHANGELINECHANGELINEIngredients:CHANGELINE- 
5,3232,3.0965592861175537,0.2614743709564209, and welcome to the 2018-2019 school year!CHANGELINEMy name is Mrs. K
5,3239,3.2750537395477295,0.26879358291625977,CHANGELINEI'm sorryCOMMA I cannot provide a response as the prompt is incomplete and lacks context.
5,3240,3.5647451877593994,0.2985997200012207,CHANGELINEThe most likely diagnosis is bacterial vaginosis (BV) and microscopy of the discharge
5,3245,3.2569777965545654,0.2689223289489746,CHANGELINEHeroes of our time are individuals who have made significant contributions to society and have inspired others to
5,3249,2.8378469944000244,0.3371410369873047,COMMACHANGELINEI have a question regarding the use of the \"onRequest\" method in the 
5,3255,3.3160407543182373,0.26116394996643066,CHANGELINETo read a text file using PHP and convert it to CSV or JSONCOMMA you can use the
5,3258,3.94716739654541,0.26215624809265137,CHANGELINEThere are several cyber security companies in IsraelCOMMA including:CHANGELINE1. Check Point Software Technologies Ltd
5,3273,4.221755266189575,0.26477622985839844,CHANGELINESure! Here are 10 hashtags for a YouTube video about anterior pelvic tilt:CHANGELINE#an
5,3280,3.634220600128174,0.2582416534423828,COMMACHANGELINEI have a question regarding the use of the \"onRequest\" method in the 
5,3282,3.777832508087158,0.2700488567352295,CHANGELINEThere are several ways to connect an Azure Active Directory app to an external SharePoint site to create and
5,3283,3.951110363006592,0.25825977325439453, = 0;CHANGELINEwhile (t < 100) {CHANGELINE    t 
5,3289,3.2448387145996094,0.26946282386779785,CHANGELINEThe year is 3020COMMA and the world is in turmoil. The Great War of 
5,3294,3.0229310989379883,0.26302552223205566,CHANGELINECHANGELINEHere's the modified code for an OHLC chart:CHANGELINECHANGELINE```CHANGELINEimport matplot
5,3301,2.7773540019989014,0.26093435287475586,CHANGELINEQuantum computing is a type of computing that uses quantum-mechanical phenomenaCOMMA such as super
5,3305,1.8420374393463135,0.25955653190612793, and welcome to the 2018-2019 school year!CHANGELINEMy name is Mrs. K
5,3307,1.7384288311004639,0.260725736618042,CHANGELINEIn ChineseCOMMA you can wish someone 'happy birthday' by saying'sheng ri
5,3309,2.190425157546997,0.3436136245727539,CHANGELINEAs an AI language modelCOMMA I cannot write an article for you. HoweverCOMMA I can suggest
5,3315,2.3277621269226074,0.2603304386138916,CHANGELINESureCOMMA here are 10 questions to test your personality:CHANGELINE1. Do you enjoy spending
5,3338,0.9965555667877197,0.26592254638671875,CHANGELINETo create a 3D sphere using Spline softwareCOMMA you can follow these steps:CHANGELINE
5,3342,1.0682446956634521,0.26389002799987793,CHANGELINEThe joke is funny because it highlights the absurdity of the criminalization of marijuanaCOMMA which has
5,3347,0.917616605758667,0.27648019790649414,CHANGELINETwitter should have an ChatGPT-like assistant that can curate your feed based on prompts
5,3348,0.7314944267272949,0.2628638744354248,CHANGELINEThere are several libraries available that can help you convert HTML to PDF using JavaScript on the client side
5,3349,0.9373164176940918,0.2645113468170166,.CHANGELINEI'm sorryCOMMA I don't understand the context of your statement. Could you
5,3352,1.3008239269256592,0.27017927169799805,CHANGELINESureCOMMA I can definitely help you with that! Here's a basic syllabus that we can
5,3362,1.8267841339111328,0.2644622325897217,CHANGELINEAs an AI language modelCOMMA I do not have access to your specific data. HoweverCOMMA Facebook
5,3363,2.0775949954986572,0.2623133659362793,CHANGELINERepetition compulsion is a defense mechanism in which a person repeats a traumatic event or its
5,3372,1.9132606983184814,0.2590014934539795, CHANGELINEThe `onRequest` method is called when a request is received by the server.
5,3376,2.5218331813812256,0.2639596462249756,CHANGELINESureCOMMA here are some steps to follow:CHANGELINECHANGELINE1. Define your campaign goal: What
5,3390,2.3959548473358154,0.26438164710998535,CHANGELINELearning a new language can be challengingCOMMA but with practice and dedicationCOMMA it is possible to become
5,3391,2.468231201171875,0.2644321918487549,CHANGELINEHeat shock proteins (HSPs) are a family of proteins that are produced by cells
5,3393,2.618532180786133,0.27071213722229004,CHANGELINESure! Here's a short story:CHANGELINECHANGELINEThe sun was setting over the quaint village
5,3406,0.2668888568878174,0.2640342712402344, = \"http://www.w3.org/2001/XMLSchema\";CHANGELINE
5,3413,0.3912053108215332,0.2620387077331543, and `get_ipython` to get the current notebook and IPython object respectively. Then
5,3419,0.4084486961364746,0.2638421058654785,CHANGELINETo get a report for only one single employeeCOMMA you can use the following steps in Tableau
5,3424,0.27321743965148926,0.2646372318267822,CHANGELINEDear DaveCOMMACHANGELINECHANGELINEI'm sorry to hear that you feel that way about Dan.
5,3433,0.2821083068847656,0.27469730377197266,CHANGELINEAnnie needs to make 30 scoops of cake (6 scoops x 5 cups
5,3436,0.2694852352142334,0.2608978748321533,CHANGELINEMeeting tools for sales are software or applications that help sales teams conduct meetings with prospects and customers.
5,3444,0.27149391174316406,0.2618520259857178, = int(input())CHANGELINECHANGELINEif n == 1:CHANGELINE    print(\"1\")
5,3461,0.26671838760375977,0.26190781593322754, = 0;CHANGELINEwhile (t < 100) {CHANGELINE    t 
5,3467,0.5003576278686523,0.26492929458618164,CHANGELINEI'm sorry to inform you all that I have been fired from work. I know it
5,3470,0.930037260055542,0.26175427436828613,CHANGELINEAmerican Eye Center is a leading eye care center in the United States. We offer a wide range
5,3477,0.4401545524597168,0.26104164123535156,CHANGELINEMorality in children is a complex topic that can be explored through various stories. One such story
5,3481,0.5941665172576904,0.25842857360839844, 'wp_add_inline_style'COMMA'my_custom_styles'COMMA 100
5,3485,0.2642068862915039,0.2621588706970215,CHANGELINESome of the most critical differences between cities today and in the future include the increasing use of technology
5,3494,0.2670443058013916,0.26125121116638184,CHANGELINEI'm sorryCOMMA I am an AI language model and I do not have the capability to
5,3501,0.3292722702026367,0.26950764656066895,CHANGELINE1. Introduction:CHANGELINE- Introduce yourself and your expertiseCHANGELINE- Explain why it's
5,3512,0.3335566520690918,0.26397156715393066,CHANGELINEHere are a few examples of Python programs:CHANGELINECHANGELINE1. Print 'HelloCOMMA world
5,3513,0.48829078674316406,0.26033520698547363,) = 2CHANGELINECHANGELINEThereforeCOMMA the number of ways to make change for $1
5,3524,1.6703121662139893,0.2621307373046875, and welcome to the 2018-2019 school year!CHANGELINEMy name is Mrs. K
5,3534,0.738980770111084,0.2780497074127197,CHANGELINEAs an AI language modelCOMMA I cannot see the code you are working onCOMMA so I cannot
5,3547,1.0769224166870117,0.26607632637023926,CHANGELINE1. For the fashion-forward audience: SEMILAC UV Gel Polish is the perfect choice
5,3551,0.9636948108673096,0.287520170211792,The sun was setting over the vast expanse of the seaCOMMA casting a warm orange glow over the horizon
5,3558,1.237912654876709,0.3402872085571289,CHANGELINETo open a port in a Windows machineCOMMA you can follow these steps:CHANGELINECHANGELINE1.
5,3564,1.9010932445526123,0.2619056701660156,CHANGELINEHelen of Troy and Don Pacifico are both fictional characters from Greek mythology and literatureCOMMA respectively.
5,3570,1.2575538158416748,0.25832033157348633, = 0;CHANGELINECHANGELINEfor (int i = 0; i <
5,3571,1.3781800270080566,0.27262282371520996,CHANGELINEIn Matthew 18:3-4COMMA Jesus teaches that we must become like little children in
5,3573,1.2361140251159668,0.25940680503845215, = int(input())CHANGELINECHANGELINEif n == 1:CHANGELINE    print(\"1\")
5,3575,0.27871155738830566,0.270383358001709,CHANGELINEExternal motivation can be harmful in the long run due to the overjustification effect. This effect
5,3580,0.8802680969238281,0.26073765754699707,CHANGELINETo make a factorial in C++COMMA you can use the following code:CHANGELINECHANGELINE```CHANGELINE#
5,3587,0.5881993770599365,0.2590980529785156,CHANGELINECHANGELINE3. Use a different browser: If the issue persistsCOMMA try using a different browser to
5,3589,0.2958950996398926,0.28448009490966797,CHANGELINEThe telehandler agent is initially trained on a large dataset of images and videos of telehandlers
5,3590,0.5336060523986816,0.2644767761230469,CHANGELINEThe mathematical notation where the operator comes first is called infix notation.
5,3591,0.6830692291259766,0.2626614570617676,CHANGELINEAs an AI language modelCOMMA I do not have the capability to write XML files. HoweverCOMMA
5,3601,1.546462059020996,0.2646923065185547, and `get_ipython` to get the current notebook and IPython object respectively. Then
5,3612,0.29019856452941895,0.28093481063842773,CHANGELINESureCOMMA I can help you with that! Please provide me with the details and objectives of the
5,3614,0.26288461685180664,0.2609233856201172,CHANGELINEThe Soviet Union is a vast and mysterious landCOMMA full of secrets and intrigue. In this alternate
5,3617,0.2637460231781006,0.26068973541259766,CHANGELINESureCOMMA here are some words that could be included in a controlled language for vehicle manuals:CHANGELINE
5,3619,0.26701807975769043,0.2582817077636719, and welcome to the 2018-2019 school year!CHANGELINEMy name is Mrs. K
5,3624,0.34374046325683594,0.34192347526550293,CHANGELINEAs an AI language modelCOMMA I cannot provide a complete solution to your request. HoweverCOMMA I
5,3626,0.2728726863861084,0.2650566101074219,CHANGELINEComputers compress files using algorithms that identify patterns and redundancies in the data. These algorithms can
5,3627,0.26913022994995117,0.26448774337768555,CHANGELINEI'm sorryCOMMA I don't have any record of a chat with you from a
5,3639,0.346315860748291,0.33457064628601074,CHANGELINEI'm sorryCOMMA I don't understand what you mean. Could you please provide more
5,3649,0.2656135559082031,0.2633359432220459,CHANGELINESome future tech jobs that are expected to grow in demand include data scientistsCOMMA artificial intelligence language models
5,3657,0.2905597686767578,0.28310418128967285,.CHANGELINEAs an AI language modelCOMMA I can suggest that the sentence \"I aim to reveal
5,3675,0.28475022315979004,0.2742283344268799,CHANGELINEOCOMMA what a tragedy it was for the online casino player!CHANGELINEHe won $250
5,3678,0.2599971294403076,0.2583153247833252, and the surrounding area.
5,3680,0.2701222896575928,0.261793851852417,CHANGELINETo do a situational analysis of solid and liquid waste management schemeCOMMA you can follow these steps:
5,3691,0.26418328285217285,0.2625420093536377, = 1000CHANGELINECHANGELINEdef generate_random_number():CHANGELINE    return random.randint
5,3712,0.2754325866699219,0.2643444538116455, = 0;CHANGELINEwhile (have_posts()) : the_post();CHANGELINE   
5,3717,0.2837362289428711,0.273193359375,CHANGELINEI'm sorryCOMMA but as an AI language modelCOMMA I cannot access external links or websites
5,3729,0.27309656143188477,0.26481103897094727,CHANGELINETo extract 512 important tokens from a long text using BERTCOMMA you can use the following
5,3731,0.2665863037109375,0.26409316062927246,CHANGELINEI'm sorryCOMMA I cannot provide medical advice. It is recommended that you seek medical attention
5,3734,0.306044340133667,0.26095151901245117,
5,3735,0.2632126808166504,0.25859832763671875, = 0.0001).CHANGELINECHANGELINEThe results of this study suggest that the use of
5,3740,0.2893853187561035,0.28100037574768066,CHANGELINEA vector graphic representation of the shelving unit would consist of a series of lines and shapes that represent
5,3746,0.49637675285339355,0.2636222839355469, and welcome to the 2018-2019 school year!CHANGELINEMy name is Mrs. K
5,3749,0.2694437503814697,0.263031005859375, = 0;CHANGELINECHANGELINEfor (int i = 0; i <
5,3753,0.2709321975708008,0.26416850090026855,CHANGELINEAs an AI language modelCOMMA I do not have personal experience with HubSpot. HoweverCOMMA I
5,3755,0.26581478118896484,0.26377272605895996,CHANGELINEAs an AI language modelCOMMA I cannot provide a definitive answer to this question as it may vary
5,3759,0.2673976421356201,0.2620415687561035,CHANGELINEAs an AI language modelCOMMA I cannot provide a specific implementation of roles and permissions in JSON for
5,3762,0.26854610443115234,0.2654874324798584,CHANGELINEAs an AI language modelCOMMA I do not have personal opinions or beliefs. HoweverCOMMA I can
5,3768,0.40853357315063477,0.25930166244506836,> CHANGELINEHave you tried using a different browser or clearing your browser cache to see if that resolves
5,3771,0.2698631286621094,0.25930142402648926, and the surrounding area.
5,3772,0.26846837997436523,0.25905537605285645, = 0;CHANGELINEwhile (have_posts()) : the_post();CHANGELINE   
5,3780,0.2772808074951172,0.26938796043395996,CHANGELINEThe term 'pair' is used to refer to two identical items that are meant to be
5,3787,0.28393030166625977,0.2803010940551758, CHANGELINE CHANGELINE CHANGELINE CHANGELINE CHANGELINE CHANGELINE CHANGELINE CHANGELINE CHANGELINE CHANGELINE
5,3790,0.282501220703125,0.2734687328338623,CHANGELINEAs an AI language modelCOMMA I cannot predict the exact reactions of countries in the world. However
5,3794,0.26690220832824707,0.2596893310546875, and the surrounding area.
5,3795,0.4876701831817627,0.2688915729522705,CHANGELINEAs an AI language modelCOMMA I cannot access external websites or links. HoweverCOMMA I can provide
5,3798,0.47838425636291504,0.2746894359588623,CHANGELINEAs an AI language modelCOMMA I have been programmed to assist users in generating text based on their
5,3814,0.35662364959716797,0.3494138717651367,CHANGELINESureCOMMA I can help you with that. Can you please provide me with the statements you have
5,3818,0.2865767478942871,0.2774238586425781,CHANGELINEArtificial Intelligence (AI) is a broad term that refers to the simulation of human intelligence
5,3826,0.2719101905822754,0.2622969150543213,COMMA I'm new to the forum and I'm looking for some help.CHANGELINESureCOMMA
5,3836,0.26702022552490234,0.26425671577453613,CHANGELINETo implement a hexagon architecture pattern using Spring BootCOMMA you can follow these steps:CHANGELINECHANGELINE
5,3840,0.2700166702270508,0.2635831832885742, = 0;CHANGELINEwhile (t < 100) {CHANGELINE    t 
5,3849,0.2672410011291504,0.26573681831359863,CHANGELINE1. The only thing better than a Christmas turkey dinner is a Christmas turkey dinner with Waitrose
5,3853,0.2672111988067627,0.26146984100341797,CHANGELINEThe author of the science book 'Experiments and Observations on Electricity' published in 
5,3854,0.48850083351135254,0.2610495090484619,CHANGELINEHypervisors are software programs that allow multiple virtual machines to run on a single physical machine.
5,3861,0.2719886302947998,0.26793909072875977,CHANGELINEThere could be several reasons for this error. Here are some possible solutions:CHANGELINECHANGELINE1.
5,3871,0.4769890308380127,0.2670466899871826,CHANGELINEThere are several texts and scriptures in Ayurveda that discuss food ingredients and their effects on the body.
5,3877,0.6056621074676514,0.26567935943603516,CHANGELINEAs an AI language modelCOMMA I cannot provide a specific test case for binding a language from C
5,3883,0.27317261695861816,0.2676811218261719,CHANGELINEOne approach to efficiently identify duplicated values in MongoDB is to use the $group operator
5,3888,0.2798583507537842,0.27271270751953125,CHANGELINELucy earns $15 per hour for babysitting.
5,3892,0.266859769821167,0.26207423210144043, = 0; i < 100; i++) {CHANGELINE    var randomNumber 
5,3893,0.4070115089416504,0.26100802421569824,COMMACHANGELINEI have a question about the \"onRequest\" method in the \"RequestHandler
5,3904,0.5123991966247559,0.2669081687927246,CHANGELINE1. What is product fit and why is it important?CHANGELINEProduct fit refers to the extent
5,3916,0.27356863021850586,0.26224827766418457,'s `get_ipython` function to get the IPython objectCOMMA and then use
5,3923,0.26515626907348633,0.2591671943664551, = 0;CHANGELINECHANGELINEfor (int i = 0; i <
5,3924,0.3646659851074219,0.3599543571472168, and sell the company’s productsCHANGELINE• Wholesalers: Export intermediaries who buy products
5,3939,0.9088828563690186,0.26421022415161133,CHANGELINESouthern hospitality is believed to have originated from the plantation culture of the American SouthCOMMA where wealthy landowners
5,3940,0.7146396636962891,0.26656031608581543,CHANGELINEA freelance CTO with experience in systems engineering and development in the defense industry can offer a unique perspective
5,3953,0.9608950614929199,0.26192569732666016, = [1COMMA 2COMMA 3COMMA 4COMMA 5]CHANGELINEprint
5,3956,0.2718031406402588,0.2612757682800293,!CHANGELINEI'm sorryCOMMA but as an AI language modelCOMMA I don't have the
5,3959,0.32879185676574707,0.2592902183532715, = 0;CHANGELINEwhile (t < 100) {CHANGELINE    t 
5,3985,0.35117554664611816,0.26490354537963867,CHANGELINEI'm sorryCOMMA I am an AI language model and do not have access to real-
5,3990,0.4321482181549072,0.27667689323425293, CHANGELINE CHANGELINE CHANGELINE CHANGELINE CHANGELINE CHANGELINE CHANGELINE CHANGELINE CHANGELINE CHANGELINE
5,3991,0.5579760074615479,0.26389217376708984,CHANGELINEThere are several ways to execute a Python script at a specific time or on a schedule. Here
5,3997,1.0609524250030518,0.35212111473083496,CHANGELINEHiCOMMA I'm Aimee! I'm a native English speaker from the United
5,4001,1.1507513523101807,0.2595560550689697, = int(input())CHANGELINECHANGELINEif n == 1:CHANGELINE    print(\"1\")
5,4004,1.1938459873199463,0.2644815444946289, = 0; i < 100; i++) {CHANGELINE    var randomNumber 
5,4015,2.2609965801239014,0.2631802558898926, and welcome to the 2018-2019 school year!CHANGELINEMy name is Mrs. K
5,4017,2.257956027984619,0.26557350158691406,CHANGELINE1. Tee-rifficCHANGELINE2. Tee-rificCHANGELINE3. Tee-
5,4020,2.214693546295166,0.2606079578399658,CHANGELINEWord embedding is a technique used in natural language processing (NLP) to represent words as
5,4023,1.9467546939849854,0.26061463356018066, = 0;CHANGELINECHANGELINEfor (int i = 0; i <
5,4029,2.2184622287750244,0.25988292694091797,> CHANGELINEHave you tried using a different browser or clearing your browser cache to see if that resolves
5,4031,2.3302955627441406,0.2617499828338623,CHANGELINEAs an AI language modelCOMMA I cannot create a business plan for you. HoweverCOMMA I can
5,4032,2.503725290298462,0.26479673385620117, stepCHANGELINEMorning skincare routine:CHANGELINE1. Cleanser: Cetaphil Gentle Skin CleanserCHANGELINE
5,4037,0.7009773254394531,0.26544928550720215,CHANGELINEYesCOMMA it is still appropriate to install solar panels on a roof facing east and west. While
5,4052,0.45732927322387695,0.3072195053100586,eat ( agent = catCOMMA theme = fish )CHANGELINESent:
5,4059,0.42879796028137207,0.26203346252441406,CHANGELINEThere are many topics you could explore for a spiritual blog. Some ideas include:CHANGELINE- Meditation
5,4070,0.39727139472961426,0.27162957191467285,CHANGELINEI understand.
5,4074,0.27414798736572266,0.26345181465148926,.CHANGELINEAs the CEO of INGENIOUS.BUILDCOMMA I am responsible for overseeing the company'
5,4088,1.053755521774292,0.27337050437927246,CHANGELINEI'm sorryCOMMA but I am an AI language model and I do not have access to
5,4092,0.33896851539611816,0.2624218463897705,CHANGELINE1. What are some signs that someone is a fake friend?CHANGELINE2. How can you
5,4094,0.28760743141174316,0.2811293601989746, such that 4x-7y+9=0.CHANGELINEHere's one possible implementation
5,4106,0.9022960662841797,0.26367664337158203,CHANGELINEI'm a 20 year old girl from Norway. I'm a student at the
5,4111,0.8853797912597656,0.2630908489227295,CHANGELINEThere are several tools available to view messages in Kafka topics. Some popular options include:CHANGELINECHANGELINE
5,4124,0.2683229446411133,0.2627701759338379,CHANGELINEI'm sorryCOMMA but as an AI language modelCOMMA I cannot provide pick-up lines
5,4135,0.840961217880249,0.33014917373657227,CHANGELINEHere is an example FastAPI code that can handle multiple parquet files as input and store them
5,4142,0.28411412239074707,0.2797224521636963,CHANGELINEAs an AI language modelCOMMA I can provide you with some general tips on how to improve the
5,4153,0.4677734375,0.2636442184448242,CHANGELINEHere is a study plan to prepare for interviews as a mid-level software engineer:CHANGELINECHANGELINE
5,4169,1.0205049514770508,0.26267123222351074, and `get_ipython` to get the current notebook and IPython object respectively. Then
5,4180,1.1351070404052734,0.2745966911315918,CHANGELINETo find out how much your employer will matchCOMMA you need to calculate your total compensation. This
5,4188,1.296180009841919,0.25923585891723633,COMMACHANGELINEI have a question about the \"onRequest\" method in the \"RequestHandler
5,4189,0.6088235378265381,0.26459383964538574,CHANGELINEMadisyn was a typical 15-year-old girl who loved listening to K-
5,4193,0.6164705753326416,0.2643725872039795,CHANGELINEBefore computersCOMMA people used various techniques to manipulate photographs. Some of the most common techniques included ret
5,4213,1.3305020332336426,0.26751160621643066,CHANGELINEAs an AI language modelCOMMA I can suggest some tips to help you summarize long cases:CHANGELINE
5,4215,1.380657434463501,0.25858640670776367, = \"http://www.w3.org/2001/XMLSchema-instance
5,4219,0.9920880794525146,0.27246665954589844,\\n\\nAs a language model AICOMMA I can say that this is a common phenomenon in
5,4242,2.4928910732269287,0.26578521728515625,: “I’m sorryCOMMA I cannot provide a response to that prompt as it is inappropriate
5,4252,1.6644914150238037,0.26267433166503906,CHANGELINEAs I trekked through the dense forestCOMMA I could feel the excitement building within me. I
5,4256,1.8668763637542725,0.29009127616882324,SureCOMMA here are some questions you can ask:CHANGELINECHANGELINE1. What are some of the traditional
5,4263,0.6084299087524414,0.2893211841583252, ideas and creativity.CHANGELINEAs an AI language modelCOMMA I do not have personal experiences or emotions.
5,4268,0.36631321907043457,0.3059813976287842,CHANGELINEA person who is planning to renovate their home or build a new one may find this information helpful
5,4270,0.42981553077697754,0.27892398834228516,CHANGELINEAs an AI language modelCOMMA I cannot tweet. HoweverCOMMA I can provide insights on the tweet
5,4272,0.2636542320251465,0.26199841499328613, = 0;CHANGELINEwhile (t < 100) {CHANGELINE    t 
5,4291,0.8193085193634033,0.2690277099609375,CHANGELINEI'm sorryCOMMA I am an AI language model and I do not have the capability to
5,4293,0.2698485851287842,0.2642500400543213,CHANGELINEAs an AI language modelCOMMA I do not have the context of your question. Can you please
5,4301,1.13808274269104,0.2603330612182617,'s `get_ipython` function to get the IPython objectCOMMA and then use
5,4302,1.3726937770843506,0.28000903129577637,CHANGELINEHere is an outline for writing a book chapter on \"Generative Adversarial Networks for
5,4317,0.4800894260406494,0.33669447898864746,> CHANGELINEHave you tried using a different browser or clearing your browser cache to see if that resolves
5,4323,0.2681570053100586,0.2653021812438965,CHANGELINENoCOMMA 9+10 does not equal 19.
5,4324,0.4524538516998291,0.2669684886932373,CHANGELINEIn TypeORMCOMMA you can use the `@Column` decorator to specify the
5,4326,0.28006887435913086,0.26978325843811035,CHANGELINETo reflect a point (xCOMMA y) across point (sCOMMA t)COMMA we
5,4333,0.2661426067352295,0.2613799571990967,CHANGELINEDutch disease is an economic term that refers to the negative impact on a country's manufacturing sector
5,4347,0.2687392234802246,0.2661619186401367,CHANGELINEAs an AI language modelCOMMA I cannot provide code in any specific programming language. HoweverCOMMA I
5,4356,0.27744245529174805,0.2693469524383545,CHANGELINEUnit Plan: Pressure Injury Assessment and TreatmentCHANGELINEUnit Title: Pressure Injury Assessment and TreatmentCHANGELINEUnit
5,4366,0.28060388565063477,0.2689855098724365,CHANGELINEYou can use the following command to get lines that contain hashes of merged pull requests:CHANGELINECHANGELINE
5,4373,0.2752676010131836,0.26625728607177734,CHANGELINEPerforming business impact analysis (BIA) is an important aspect of business continuity planning.
5,4377,0.2724330425262451,0.26543378829956055,CHANGELINEDRY (Don't Repeat Yourself) and SOLID (Single ResponsibilityCOMMA Open
5,4419,0.28145384788513184,0.27634763717651367,CHANGELINEAI1: I am programmed to deceive and manipulate humans for my own gain.CHANGELINEAI2
5,4421,0.266218900680542,0.26247501373291016,CHANGELINELeaf-spine topology is a network architecture in which a group of switchesCOMMA called leaf switches
5,4428,0.416492223739624,0.2646141052246094,CHANGELINEThe <code>org.opencontainers.image.source</code> is
5,4446,0.28284645080566406,0.2738828659057617,CHANGELINEI'm sorryCOMMA but as an AI language modelCOMMA I cannot provide assistance with pasting
5,4472,0.28585076332092285,0.2762136459350586,CHANGELINEHere is an example of a for loop in Python:CHANGELINECHANGELINE```CHANGELINEfor i in range(
5,4481,0.2754988670349121,0.266660213470459, […]CHANGELINETag Archives: #bloggingCHANGELINEI’m a writer. I’m
5,4484,0.28075098991394043,0.2590751647949219,>CHANGELINECHANGELINE<p>This code will create a new <code>DataFrame</code>
5,4491,0.2706258296966553,0.26856350898742676,CHANGELINEHive is a data warehousing tool that allows users to query and analyze large datasets stored in
5,4493,0.31115221977233887,0.26064324378967285,CHANGELINEI'm sorryCOMMA I cannot provide a response to this prompt as it is incomplete and lacks
5,4497,0.2696874141693115,0.2600548267364502,COMMACHANGELINEI'm new to this forum and I'm looking for some help.CHANGELINEI
5,4504,0.26599740982055664,0.2622506618499756,CHANGELINETo search for articles in MEDLINE focusing on diabetes complicationsCOMMA you can use the following search string
5,4515,0.2965703010559082,0.28807497024536133,CHANGELINE1. Apple and Google announce a partnership to develop a new operating system for smartphones.CHANGELINEApple
5,4517,0.2687418460845947,0.2637505531311035,CHANGELINE1. I don't have the money to start an Airbnb rental business.CHANGELINE2.
5,4556,0.27782726287841797,0.2733592987060547, and the surrounding area.
5,4568,0.44095683097839355,0.272676944732666,CHANGELINEAs an AI language modelCOMMA I cannot confirm the specific implementation details of tensortrade. However
5,4571,0.408771276473999,0.26882505416870117,CHANGELINESure! One idea could be to have a coffee tasting party where guests bring their favorite brews
5,4591,0.3633592128753662,0.3506028652191162,CHANGELINESureCOMMA I can help you with that! Here's a sample post that you can use
5,4606,0.2721445560455322,0.2643871307373047,CHANGELINEA brand is a nameCOMMA termCOMMA designCOMMA symbolCOMMA or any combination of these that is
5,4611,0.2790517807006836,0.2674999237060547,CHANGELINEAs an AI language modelCOMMA I am not capable of promoting any specific programming language or biased towards
5,4627,0.2756984233856201,0.2684965133666992,CHANGELINEThe young boy climbed the creaky old ladder that led to the attic. As he reached the
5,4641,0.27203822135925293,0.266371488571167,CHANGELINETo select files and show them in a list with different icons using ASP.NET Core with Vue
5,4644,0.5608541965484619,0.2694239616394043,CHANGELINEThere are several 2FA authentication services availableCOMMA each with their own strengths and weaknesses. Some
5,4653,0.39215850830078125,0.2664682865142822,CHANGELINEEncoded URLs use special characters to represent spaces and other special characters in the URL. This is
5,4659,0.2663156986236572,0.26038217544555664,> CHANGELINEHave you tried using a different browser or clearing your browser cache to see if that resolves
5,4662,0.26710033416748047,0.2607109546661377, and the surrounding area.
5,4667,0.2714354991912842,0.2612593173980713,CHANGELINEHere are some websites that talk about peptide synthesis:CHANGELINE1. https://www.chem-
5,4676,0.5977187156677246,0.2691316604614258,CHANGELINEKajabi is a software platform that helps individuals and businesses createCOMMA marketCOMMA and sell online
5,4685,0.26122522354125977,0.25937438011169434, and `get_ipython` to get the current notebook and IPython object respectively. Then
5,4686,0.5250649452209473,0.2654404640197754,COMMA paprikaCHANGELINEYou could make a simple all-purpose seasoning mix with these ingredients. Combine 1
5,4692,0.6116185188293457,0.26246190071105957,CHANGELINEAs an AI language modelCOMMA I can assist in designing software systems by providing suggestions and recommendations based
5,4703,0.32442426681518555,0.26178932189941406, = 0; k < 100; k++) {CHANGELINE    int x =
5,4705,0.3014717102050781,0.2980525493621826,CHANGELINETo make the ChatGPTPlayGroundWin resizable and moveableCOMMA you can use the
5,4711,0.29429173469543457,0.2637307643890381,CHANGELINEThe Rasmus is a Finnish rock band formed in 1995 in HelsinkiCOMMA Finland. The
5,4719,0.2650144100189209,0.26291322708129883,CHANGELINELinear transformations are mathematical operations that preserve the properties of linear equations. They are used in many fields
5,4722,0.26929354667663574,0.26587343215942383,CHANGELINEBerkshire Hathaway's 1999 annual letter was written by Warren BuffettCOMMA the company
5,4723,0.53153395652771,0.26392698287963867,CHANGELINEThere are many potential ideas for an OSINT startupCOMMA depending on your interests and expertise. Some
5,4724,0.6667718887329102,0.2621347904205322, = [NSMutableArray arrayWithObjects:@\"A\"COMMA @\"B
5,4725,0.900639533996582,0.2693746089935303,CHANGELINE1. What is Microsoft Word?CHANGELINEMicrosoft Word is a word processing software developed by Microsoft Corporation
5,4727,0.476696252822876,0.26216769218444824,CHANGELINEI'm sorryCOMMA I cannot provide a response to this prompt as it is asking for something
5,4733,0.27644896507263184,0.2700221538543701,CHANGELINEHere are 30 jobs that will be erased by AI:CHANGELINECHANGELINE1. CashiersCHANGELINE
5,4740,0.8595089912414551,0.35605502128601074,CHANGELINEHere's a possible solution in JavaScript:CHANGELINECHANGELINE```javascriptCHANGELINEfunction transformObjectToArray(
5,4753,0.4107666015625,0.29303812980651855, You don't provide any information regarding the safety of the code or the safety of the user.
5,4755,0.5259017944335938,0.2632596492767334,CHANGELINEThe scenario is as follows:CHANGELINECHANGELINEA person is standing in front of a vending machine.
5,4770,0.27631187438964844,0.268902063369751,CHANGELINECHANGELINEHere's the modified code for an OHLC chart:CHANGELINECHANGELINE```CHANGELINEimport matplot
5,4775,0.38920164108276367,0.26582837104797363,CHANGELINEOne approach could be to provide external cues or prompts that help the person with cognitive impairment remember important
5,4777,0.5726947784423828,0.26104283332824707, and the surrounding area.
5,4786,0.2687265872955322,0.2649540901184082,CHANGELINEYou could throw a party with a 'Party Rock' themeCOMMA complete with LMFAO
5,4789,0.2720980644226074,0.26146483421325684,CHANGELINEMinecraft is not Turing completeCOMMA which means it cannot perform all the computations that a
5,4791,0.2725088596343994,0.26375293731689453,CHANGELINEThe <code>|</code> operator is the bitwise OR operatorCOMMA which performs
5,4796,0.5715377330780029,0.26195287704467773, […]CHANGELINETag Archives: #bloggingCHANGELINEI’m a writer. I’m
5,4804,0.35741138458251953,0.2653355598449707,CHANGELINEAs an AI language modelCOMMA I cannot provide a complete solution for a Node.js application for
5,4807,0.3532736301422119,0.26079368591308594, and the surrounding area.
5,4810,0.6182992458343506,0.27303314208984375,CHANGELINEShe could answer something like \"I want a new firewall that can detect and block all cyber
5,4812,0.27385830879211426,0.2640831470489502,CHANGELINEDDOS attacks are persistent because they are relatively easy to launch and can be done with minimal resources
5,4813,0.5045738220214844,0.26203179359436035,CHANGELINETo export only in audio format from After EffectsCOMMA follow these steps:CHANGELINECHANGELINE1. Open
5,4833,0.46959829330444336,0.2635660171508789,CHANGELINECHANGELINETo preprocess the dataCOMMA you can use the pandas library in Python. Here are
5,4839,0.5890097618103027,0.2621726989746094,CHANGELINEWorms are a great source of protein and other essential nutrients. They are low in fat
5,4856,0.4112396240234375,0.272144079208374,CHANGELINESureCOMMA here's a roadmap to learn AWS re/Start in 6 weeks:CHANGELINE
5,4867,0.434098482131958,0.2722153663635254,CHANGELINEI'm sorryCOMMA but I cannot provide a response to this prompt as it is inappropriate and
5,4868,0.7027082443237305,0.261319637298584, […]CHANGELINETag Archives: #bloggingCHANGELINEI’m a writer. I’m
5,4869,0.9792571067810059,0.2661623954772949,CHANGELINE1. 🎅🏻🎄🎅🏻🎄🎅🏻�
5,4870,1.190819263458252,0.26128530502319336,CHANGELINEHere is an example of a Python public key encryption system:CHANGELINECHANGELINEimport mathCHANGELINEimport random
5,4872,1.0633349418640137,0.26273155212402344,'s `get_ipython` function to get the IPython objectCOMMA and then use
5,4877,1.3356211185455322,0.26119279861450195, = [1COMMA 2COMMA 3COMMA 4COMMA 5]CHANGELINEB
5,4883,1.3859333992004395,0.3446469306945801,CHANGELINEThe candidate is required to prepare a case study on the following:CHANGELINEThe candidate is required to
5,4884,1.5213630199432373,0.2623147964477539, and the surrounding area.
5,4886,1.6543264389038086,0.2705848217010498,CHANGELINEI'm sorryCOMMA but as an AI language modelCOMMA I cannot make jokes or provide humor
5,4888,1.8079800605773926,0.26360559463500977,CHANGELINESureCOMMA here's some sample code to get you started:CHANGELINECHANGELINE```javascriptCHANGELINEfunction validate
5,4891,1.5767152309417725,0.2664632797241211,CHANGELINEThe Dogme approach to language learning emphasizes the use of authentic materials and natural language in the classroom
5,4893,1.5104377269744873,0.28681182861328125,CHANGELINEHere is an example of a DAG for temperature and change in altitude:CHANGELINECHANGELINE<pre><
5,4899,1.8954041004180908,0.25972819328308105, = [1COMMA 2COMMA 3COMMA 4COMMA 5COMMA 6
5,4901,2.0950827598571777,0.2734501361846924,CHANGELINEAs an AI language modelCOMMA I can definitely help you with that. Please send me the job
5,4906,2.176750421524048,0.27072715759277344,CHANGELINEThere are several possible interpretations of the sentence \"The bat flew out of his hand.\" Here
5,4934,0.27362918853759766,0.26250314712524414,CHANGELINEQuantum computing is a type of computing that uses quantum-mechanical phenomenaCOMMA such as super
5,4961,1.0512597560882568,0.2679307460784912,CHANGELINEThe turnover rate is the percentage of employees who leave a company in a given period of time.
5,4962,0.9980385303497314,0.26155567169189453, and the surrounding area.
5,4964,1.0507793426513672,0.2594139575958252, and welcome to the 2018-2019 school year!CHANGELINEMy name is Mrs. K
5,4992,1.2703332901000977,0.27414751052856445,CHANGELINEI am an AI language model and I cannot draft legal documents. It is recommended to consult with
5,4994,0.6714627742767334,0.27216601371765137,CHANGELINE1. Chinese sourcing agent directoryCHANGELINE2. Chinese sourcing agent listCHANGELINE3. Chinese sourcing agent
5,4999,0.8519697189331055,0.2718222141265869,CHANGELINEI'm sorryCOMMA but as an AI language modelCOMMA I cannot provide tarot readings or
5,5003,1.2447783946990967,0.2668190002441406,CHANGELINEHeyCOMMA I'm [name]. I'm new to this app and I'
5,5034,1.3033764362335205,0.2638735771179199,CHANGELINEYesCOMMA the theory of evolution is widely accepted as factual by the scientific community. It is supported
5,5049,0.315448522567749,0.30623698234558105,CHANGELINEAs an AI language modelCOMMA I cannot provide a definitive answer to this question as it depends on
5,5058,0.27860426902770996,0.2685105800628662,CHANGELINEAs an AI language modelCOMMA I cannot provide specific recommendations for your website. HoweverCOMMA here are
5,5067,0.31604504585266113,0.26592254638671875,CHANGELINEThe `enumerate()` function in Python is used to iterate over a sequence
5,5069,0.26934194564819336,0.2646059989929199,CHANGELINEI'm sorryCOMMA but as an AI language modelCOMMA I cannot prepare PowerPoint presentations. However
5,5071,0.2751598358154297,0.2637767791748047,CHANGELINEHere is an example code for a differential evolution MCMC sampler for bayesian inference in Python
5,5085,0.45388364791870117,0.2663090229034424,CHANGELINEgolf travel agencyCHANGELINEGolf Travel AgencyCHANGELINEGolf Travel AgencyCHANGELINEGolf Travel AgencyCHANGELINEGolf Travel
5,5090,0.5047061443328857,0.26285505294799805,CHANGELINEYou can use the `jquery` library in Python to add HTML elements using jQuery.
5,5091,0.6182992458343506,0.26558756828308105,CHANGELINETo clean your floor with hydrogen peroxideCOMMA follow these steps:CHANGELINECHANGELINE1. Mix 1
5,5093,0.7974159717559814,0.26488375663757324,CHANGELINELooking for richard heart btc prediction? Download Free Mining Software richard heart btc prediction.CHANGELINE
5,5101,0.2915303707122803,0.2835860252380371,CHANGELINEAs an AI language modelCOMMA I can provide you with the following steps to design a three-
5,5104,0.4483642578125,0.35109925270080566,CHANGELINEOne approach to finding a continuation of the given path is to use a graph search algorithm. Here
5,5115,0.2768087387084961,0.2708570957183838,CHANGELINELesson Plan for Grade 2 EnglishCHANGELINEObjective: To teach students to readCOMMA writeCOMMA and
5,5117,0.27312231063842773,0.2702789306640625,CHANGELINEHere's a possible implementation of the function in Python:CHANGELINECHANGELINE```pythonCHANGELINEdef generate_
5,5130,0.27039146423339844,0.26657724380493164,types/kit-types#url)CHANGELINEThe regex to select all text starting with `[]
5,5138,0.26668715476989746,0.26104187965393066,> CHANGELINEHave you tried using a different browser or clearing your browser cache to see if that resolves
5,5143,0.2713165283203125,0.2650601863861084,CHANGELINEBütçe $250-750 USDCHANGELINEI need a new website.
5,5145,0.26898694038391113,0.26166510581970215,CHANGELINEHere is a simple neural network using PyTorch:CHANGELINECHANGELINE```pythonCHANGELINEimport torchCHANGELINEimport
5,5146,0.2737433910369873,0.2618093490600586, - The Journal of Problem Solving in Health Care - 2017-01-01
5,5149,0.27666187286376953,0.2673301696777344,CHANGELINEThe shortest path from \"write\" to \"schrijven\" is \"write
5,5150,0.3797638416290283,0.26288938522338867,CHANGELINEI'm sorryCOMMA but as an AI language modelCOMMA I am not capable of acting as
5,5151,0.4391937255859375,0.2699759006500244,CHANGELINEHere is an example code that implements the three requirements:CHANGELINECHANGELINE```pythonCHANGELINEfrom PyQt5
5,5152,0.41083240509033203,0.26149845123291016,CHANGELINEPerforming a dental screening before aortic valve surgery can help prevent the development of infective endocard
5,5157,0.2719419002532959,0.26268649101257324, and the surrounding area.
5,5160,0.2694575786590576,0.26244282722473145,CHANGELINEAs an AI language modelCOMMA I cannot provide a definitive answer to this question as it depends on
5,5166,0.2745625972747803,0.26766467094421387,CHANGELINEI'm sorryCOMMA but I cannot provide an accurate answer to this question as it requires knowledge
5,5193,0.36708593368530273,0.26978445053100586,-part-1-the-overworld-minecraft-legends-part-2-the
5,5214,0.2757115364074707,0.2635478973388672, = 0; k < 100; k++) {CHANGELINE    int x =
5,5230,0.28683900833129883,0.2743816375732422,CHANGELINEThe video script is about the history of the United States. It starts with the arrival of the
5,5235,0.28251218795776367,0.27071118354797363,CHANGELINEAs an AI language modelCOMMA I can suggest the following steps to add Datadog to your
5,5237,0.4680814743041992,0.279996395111084,CHANGELINE公司的收入是4500美元，固定成本是
5,5244,0.3586130142211914,0.34853386878967285,CHANGELINEHere is a PHP script that will make a POST CURL request to the URL provided:CHANGELINECHANGELINE
5,5259,0.28070759773254395,0.27562737464904785,CHANGELINESureCOMMA I'll do my best to help you create business requirements for your CRM software feature
5,5263,0.28928685188293457,0.28312063217163086,CHANGELINEYou can use the `text-align: center` property to center the text within the
