client_id,req_id,req_time,complete_time,output
8,2011,0.5230212211608887,0.29160189628601074,ppocampusCOMMA the dentate gyrusCOMMA and the subiculum. The hipp
8,2026,0.3478415012359619,0.34000444412231445,CHANGELINECHANGELINEComment: YesCOMMA I am aware of GitLab scoped labels. Scoped labels are
8,2042,0.2773251533508301,0.26577281951904297,CHANGELINECHANGELINEI'm looking to build a Venn diagram generator using Mechanic.designCOMMA but
8,2098,0.4275245666503906,0.42449307441711426,CHANGELINECHANGELINESure! Here are ten questions for you and the other panelists:CHANGELINECHANGELINE1
8,2113,0.39293336868286133,0.24599146842956543,CHANGELINEWhat frustrates job seekers?CHANGELINE1. Lack of communication: Many job seek
8,2120,0.3439638614654541,0.337740421295166,so that i can understand easily.CHANGELINECHANGELINE1. What is Artificial Intelligence?CHANGELINE
8,2140,0.23860383033752441,0.22760891914367676,COMMA I'm looking for a way to get my 10 year old son to do his
8,2144,0.4811832904815674,0.2874717712402344,. Can you please suggest me some of the must visit historical places in Colombo?CHANGELINECHANGELINE
8,2147,0.22841310501098633,0.21809625625610352,COMMA I'm looking for a way to get my 10 year old son to do his
8,2150,0.24956440925598145,0.24020767211914062,CHANGELINEQuantum computing is a new way of doing computer calculations that is different from the way regular computers
8,2163,0.230912446975708,0.22443056106567383,thereCOMMA fellow book lovers! TodayCOMMA I’m thrilled to be sharing my review of
8,2183,0.4683799743652344,0.3399803638458252,ly to all employees.CHANGELINECHANGELINESubject: One-Dish Party at Office! ��
8,2194,0.22423720359802246,0.22066211700439453,COMMA I'm looking for a way to get my 10 year old son to do his
8,2202,0.5195357799530029,0.33443355560302734,CHANGELINECHANGELINEOnce upon a timeCOMMA in a far-off kingdomCOMMA there lived a beautiful princess
8,2213,0.5411725044250488,0.5332241058349609,CHANGELINECHANGELINEI understand that you have a dataset with three columns: 'id'COMMA 'text'COMMA and
8,2222,0.4640049934387207,0.4554412364959717,CHANGELINECHANGELINEThe Meta Quest 2 is a VR (Virtual Reality) gaming head
8,2226,0.43885278701782227,0.27559947967529297,?CHANGELINECHANGELINECertainly! Here are some baby names for a boy that are similar to Cas
8,2235,0.7763385772705078,0.7702658176422119,?CHANGELINECHANGELINEOhCOMMA I see! You want to know about the purpose of ReactCOMMA right?
8,2237,0.4285135269165039,0.4213247299194336,CHANGELINECHANGELINE[Your Name]CHANGELINE[Your Address]CHANGELINE[CityCOMMA State ZIP Code]
8,2240,0.5400323867797852,0.2927706241607666,What do you think is unique or special about you?CHANGELINECHANGELINEI'm just an AI
8,2241,0.3449983596801758,0.33382129669189453,in my assignment.CHANGELINECHANGELINEHere is the reference in APA 7 format:CHANGELINECHANGELINEC
8,2253,0.27733397483825684,0.27235960960388184,CHANGELINE1. The Great Barrier Reef is the largest living structure on the planet.CHANGELINE2
8,2257,0.2724645137786865,0.2660951614379883,CHANGELINECHANGELINECourse Title: Service UX DesignCHANGELINECHANGELINECourse Description: This course will cover
8,2279,0.28934621810913086,0.277662992477417,CHANGELINEThe article discusses how UPS drivers are able to save gas by avoiding left turnsCOMMA
8,2296,0.9197216033935547,0.5102777481079102,.CHANGELINECHANGELINEHere are 20 widely varying suggestions for an acronym/mnemonic
8,2299,1.0105702877044678,0.21733999252319336,COMMA I'm looking for a way to get my 10 year old son to do his
8,2308,0.5364813804626465,0.2920494079589844,CHANGELINECHANGELINEPlease provide the full code for implementing Google Login with AWS Cognito User Pools.
8,2328,0.29447293281555176,0.2867927551269531,.CHANGELINECHANGELINEInitial Breath for SAAS and MicroSAAS ApplicationsCHANGELINECHANGELINEWelcome to
8,2342,0.5563564300537109,0.432161808013916,CHANGELINECHANGELINEHere's an example of a vision statement for a company:CHANGELINECHANGELINE\"Our
8,2347,0.6104121208190918,0.43798303604125977,CHANGELINECHANGELINEProduct Requirement Document (PRD)CHANGELINECHANGELINETitle: Enhancement of L
8,2353,0.2855043411254883,0.2741124629974365,CHANGELINECHANGELINEThe \"Roko's Basilisk\" is a thought experiment that was first proposed
8,2360,0.29645848274230957,0.2890951633453369,.CHANGELINECHANGELINEFirstCOMMA I'd like to propose that we set the school in a remote location
8,2371,0.9460024833679199,0.5382916927337646,.CHANGELINECHANGELINESureCOMMA here is a humorous two-paragraph ending to a blog post about
8,2388,0.31606292724609375,0.31100010871887207,CHANGELINECHANGELINEI would like to know if this is a good approach to attract potential customersCOMMA and if
8,2393,0.23610901832580566,0.22789978981018066,CHANGELINEDogsCOMMA also known as Canis lupus familiarisCOMMA are domesticated mamm
8,2397,0.3293724060058594,0.3228449821472168,CHANGELINEI'm on the micCOMMA spittin' fire like a flameCHANGELINEGot
8,2409,0.23060369491577148,0.22076725959777832,ippy.CHANGELINECHANGELINEComment: I'm not sure I understand what you are saying. Could
8,2415,1.534170150756836,0.44008326530456543,CHANGELINECHANGELINEHere is a sample press release:CHANGELINECHANGELINE---CHANGELINECHANGELINEFOR IMMEDIATE RE
8,2421,0.31082940101623535,0.3018524646759033,.CHANGELINETitle: The Cimarron CursedCHANGELINECHANGELINEIn the remote town of Cimar
8,2430,0.28685498237609863,0.28073549270629883,CHANGELINECHANGELINEComment: SureCOMMA here is an example of a waving Albanian flag in CSS and
8,2433,0.22252345085144043,0.22033119201660156,amingCOMMA Gaming NewsCOMMA Gaming PreviewsCOMMA New ReleasesCOMMA PC GamingCOMMA Play
8,2442,0.358060359954834,0.25289225578308105,CHANGELINECHANGELINESure! Here is a basic currency conversion class in PHP that you can use as a
8,2447,0.38012099266052246,0.21941781044006348,'tCHANGELINECHANGELINEComment: I apologize for the confusion. It looks like there was a typo
8,2448,0.5009987354278564,0.26982951164245605,.CHANGELINECHANGELINEThere are several types of algorithms for lossy data compressionCOMMA including:CHANGELINECHANGELINE1
8,2452,0.38826823234558105,0.3827333450317383,CHANGELINEOnce upon a timeCOMMA in a land of endless standardized tests and numbered-based
8,2454,0.6511898040771484,0.22228574752807617,.am.chad.fish on March 10COMMA 2016CHANGELINEI
8,2479,0.28907108306884766,0.27994680404663086,CHANGELINE============================================================CHANGELINECHANGELINEI'm looking for a Flutter widget that allows me
8,2490,0.5253767967224121,0.5212578773498535,CHANGELINECHANGELINEIn this situationCOMMA I would recommend choosing Treatment ACOMMA which saves 20
8,2503,0.23356103897094727,0.22431254386901855,a a a a a a a a a a a a a a a a a a a a
8,2508,0.24644827842712402,0.23688101768493652,CHANGELINECHANGELINEI am a beginner and I want to learn the basics of the python programming language.
8,2510,0.45484042167663574,0.44680070877075195,.CHANGELINECHANGELINESureCOMMA here's a sample payload schema for ProductionEquipmentSchema that
8,2520,0.33535289764404297,0.33026719093322754,and I think that's a sign of a great sense of humor.CHANGELINEI'm not
8,2533,0.3190577030181885,0.24894165992736816,CHANGELINEKeywords for mutuality in a contractCHANGELINEMutuality is a fundamental concept in
8,2569,0.34499073028564453,0.33298778533935547,CHANGELINEI'm a 20-year-old woman and my boyfriend is a 
8,2571,0.45189762115478516,0.4422016143798828,CHANGELINECHANGELINEWhat is the main topic of the message?CHANGELINECHANGELINEA) The team will discuss the
8,2579,0.3084700107574463,0.3030252456665039,CHANGELINECHANGELINEWhen the clock on a system is unsynchronizedCOMMA it can cause issues with the system
8,2586,0.22790098190307617,0.22124457359313965,.g. \"The company's new policy is to promote from within whenever possible.\"CHANGELINECHANGELINE
8,2608,0.3314032554626465,0.3205742835998535,CHANGELINEThere are plenty of fun and safe places to spend time with your baby in AdelaideCOMMA
8,2621,0.2890284061431885,0.2792670726776123,CHANGELINECHANGELINEBoth .bashrc and .bash_profile are configuration files used by the Bash
