client_id,req_id,req_time,complete_time,output
6,2210,0.20937848091125488,0.1981039047241211,CHANGELINECHANGELINEA:CHANGELINECHANGELINEThe problem is that you are calling the method in the UI thread.
6,2219,0.1485004425048828,0.13829851150512695,CHANGELINECHANGELINEI am a student in Argentina and I am applying to a business school in the US.
6,2223,0.29856300354003906,0.14572525024414062, CHANGELINE CHANGELINE CHANGELINE CHANGELINE CHANGELINE
6,2225,0.5536341667175293,0.1373429298400879,.CHANGELINECHANGELINEA:CHANGELINECHANGELINEYou can use the following code to get the path of the current
6,2233,0.15402507781982422,0.14854097366333008,CHANGELINEprint(30)CHANGELINECHANGELINECHANGELINEA:CHANGELINECHANGELINECCOMMA
6,2241,0.1414177417755127,0.13800334930419922,CHANGELINECHANGELINEA:CHANGELINECHANGELINEI think you are looking for the \"Reviews\" section of the
6,2254,0.14431071281433105,0.1368095874786377,-1}$ and $w_i$ is the weight of the $i$-th
6,2257,0.3585972785949707,0.13652825355529785,CHANGELINECHANGELINEI am a UX designer and I am looking to create a course on UX design. I
6,2258,0.13939857482910156,0.13687753677368164,CHANGELINECHANGELINEI am trying to write a thread pool class. I have written the following code.CHANGELINE
6,2260,0.15216732025146484,0.14754819869995117,CHANGELINECHANGELINEThe project is to be completed in two phases. The first phase is to be completed in
6,2261,0.14722299575805664,0.13979077339172363,.CHANGELINECHANGELINEThe stability of histidine at 40°C was determined by the method of the International
6,2263,0.14136886596679688,0.1361255645751953,-1)$ and $y\\in \\mathbb{R}$.CHANGELINECHANGELINEThe following
6,2268,0.13987398147583008,0.13766717910766602,\"CHANGELINE                  
6,2276,0.14413094520568848,0.13812613487243652,CHANGELINECHANGELINEI will ask you questions about the following:CHANGELINECHANGELINE1. What is the best book
6,2295,0.6555817127227783,0.13700032234191895, a topic of your choice.CHANGELINECHANGELINEThe topic is not importantCOMMA but the essay must be written
6,2296,0.7684726715087891,0.14389944076538086,.CHANGELINECHANGELINEThe idea is to get a sense of the key points of the ideal customer experience.
6,2304,0.14264249801635742,0.13734889030456543,CHANGELINECHANGELINEA:CHANGELINECHANGELINEYou can use the :not selector to exclude the element you want to
6,2310,0.391110897064209,0.1372089385986328,CHANGELINECHANGELINEI’ve been playing games for a long timeCOMMA and I’ve always
6,2347,1.6982858180999756,0.14689207077026367,CHANGELINECHANGELINEWe have an existing Loki terraform module that takes a JSON input. We need to
6,2352,1.7622771263122559,0.13678741455078125,.CHANGELINECHANGELINEA:CHANGELINECHANGELINE=IF(A2=A3COMMAB2COMMAC
6,2354,1.6345369815826416,0.13654708862304688, years and you will be a flutter expert.CHANGELINECHANGELINEI am a flutter developer and I
6,2363,1.5266578197479248,0.1441631317138672,CHANGELINECHANGELINEI have a problem with this question. I know that the number of unknowns is the
6,2379,2.1197164058685303,0.13672542572021484,?CHANGELINECHANGELINEThe answer is the longest running live television show in the worldCOMMA the annual Miss World
6,2384,1.4108176231384277,0.1383531093597412,CHANGELINECHANGELINEThe average salary of a professor in a city of 300COMMA000 people is R48COMMA
6,2389,1.555619716644287,0.13806605339050293,CHANGELINECHANGELINEI'm not sure if this is the right place to ask this questionCOMMA but I'm
6,2410,2.2590408325195312,0.14200258255004883,CHANGELINECHANGELINEA:CHANGELINECHANGELINEThe probability of drawing a card from a deck is $4.2
6,2420,2.9125044345855713,0.13725066184997559,?CHANGELINECHANGELINEI have a java application that is running on a server. The application is using a
6,2433,1.5263617038726807,0.13631701469421387,-3′COMMA reverse: 5′-GCTGCTGCTGCTGCTG
6,2436,0.9871883392333984,0.13749194145202637,CHANGELINECHANGELINEI’m not sure I can. I’m not sure I want to
6,2437,1.0249748229980469,0.13634562492370605,.CHANGELINECHANGELINEThe DMA test is a very important test in composite and explain its process.CHANGELINE
6,2449,0.5943877696990967,0.13755345344543457,?CHANGELINECHANGELINEI have a metric that is being sent to CloudWatch. CHANGELINEThe metric is
6,2454,1.1645874977111816,0.1355752944946289,-1}$ and $i$ is the index of the $i$-th element of
6,2456,0.9535496234893799,0.13995933532714844,CHANGELINECHANGELINEFor exampleCOMMA if the two lists are:CHANGELINECHANGELINE[1COMMA 2COMMA 3]
6,2472,1.0342047214508057,0.14275789260864258,CHANGELINECHANGELINEThesisCHANGELINECHANGELINEThesisCHANGELINECHANGELINEThesisCHANGELINECHANGELINEThesisCHANGELINECHANGELINEThesis
6,2481,1.060697317123413,0.159987211227417, Vg vf nyjnlf fhccbfrq nf n cev
6,2490,0.6821837425231934,0.14280009269714355,CHANGELINECHANGELINEI would say that the first thing to do is to make sure that the treatment is effective
6,2492,0.9556803703308105,0.1363382339477539, I've been making this one for a while nowCOMMA and I'm always looking for new ideas.
6,2502,0.14396047592163086,0.14037847518920898,CHANGELINECHANGELINE-eCHANGELINECHANGELINE-eCHANGELINECHANGELINE-eCHANGELINECHANGELINE-eCHANGELINECHANGELINE-e
6,2503,0.14200663566589355,0.13528800010681152,-1}$ and $a_{n-1}$ are the same.CHANGELINECHANGELINE\\
6,2519,0.4243607521057129,0.13625216484069824,-1}$ and $a_{n-1}$ are the same.CHANGELINECHANGELINE\\
6,2523,0.5317215919494629,0.13693475723266602,CHANGELINECHANGELINEA:CHANGELINECHANGELINEYou can use the same user account for both.CHANGELINECHANGELINEA:
6,2528,0.1446855068206787,0.13811516761779785,CHANGELINECHANGELINEI have a server that I want to host on digital ocean. I have a domain name
6,2531,0.14556074142456055,0.1382436752319336,.CHANGELINECHANGELINEI have a few questions about the mosquitto.conf file.CHANGELINECHANGELINE1.
6,2534,0.34842562675476074,0.1364459991455078,CHANGELINECHANGELINETag Archives: machine learningCHANGELINECHANGELINEI’ve been working on a project for the
6,2540,0.3258490562438965,0.1362147331237793,-CHANGELINE                  
6,2541,0.45964932441711426,0.1353130340576172,-world.htmlCHANGELINECHANGELINEA:CHANGELINECHANGELINEYou can use the following code to get the current
6,2543,0.16767668724060059,0.13693761825561523,CHANGELINECHANGELINEThis lesson is part of a series of lessons on the use of power tools.CHANGELINECHANGELINE
6,2544,0.2880990505218506,0.13953828811645508,CHANGELINECHANGELINEI'm not going to pretend to be an expert in any of those areas. I'm
6,2547,0.5379438400268555,0.1372087001800537,-1}$ and $r\\geq 2$.CHANGELINECHANGELINE\\[thm:main
6,2553,1.081892728805542,0.13741111755371094,CHANGELINECHANGELINEI am a 31 year old woman. I have been trying to conceive for a year now
6,2569,1.4294886589050293,0.13964104652404785,CHANGELINECHANGELINEI am a college studentCOMMA and I am in a relationship with a guy. We have
6,2570,1.2230641841888428,0.13648629188537598,-CHANGELINECHANGELINEI have a question about the \"How to be a better programmer\" book.CHANGELINE
6,2572,1.0982170104980469,0.13539719581604004,-1}$ is the $N$-th order derivative of $f$ at $x
6,2573,0.9693586826324463,0.13623332977294922, the next few days.CHANGELINECHANGELINEI’m going to use the following examples:CHANGELINECHANGELINE
6,2587,1.189894199371338,0.13754749298095703,.CHANGELINECHANGELINEA:CHANGELINECHANGELINEA functional interface is a type that has a single abstract method.
6,2593,0.1415393352508545,0.1368565559387207,.CHANGELINECHANGELINEThe story of Airbnb is a story of a company that was born out of a love
6,2598,0.742729902267456,0.13703417778015137,CHANGELINECHANGELINEThe ProblemCHANGELINECHANGELINEThe problem of excessive use of devices by drivers on Hawaii highways is a
6,2613,2.828199625015259,0.13823843002319336,-1)^2+y^2=1$ and $x^2+y^
6,2621,2.591245651245117,0.13695526123046875,CHANGELINECHANGELINEA:CHANGELINECHANGELINE.bash_profile is for the user's shell.CHANGELINE.bash
6,2628,2.389190673828125,0.1355457305908203,-1)$ and $y\\in \\mathbb{R}$.CHANGELINECHANGELINEThe following
6,2631,2.122368812561035,0.1353776454925537,-3′COMMA reverse: 5′-GCTGCTGCTGCTGCTG
6,2636,1.5778517723083496,0.13703393936157227,CHANGELINECHANGELINEI have a question about arrays of structure in c++. I have a structure like this
6,2639,1.0683236122131348,0.13643479347229004,CHANGELINECHANGELINEA:CHANGELINECHANGELINEI think you are looking for the tf-idf weighted word2
6,2641,1.2257285118103027,0.13695287704467773,.CHANGELINECHANGELINEThis is a book about machine learning. It is a book about how to build a
6,2647,1.460930585861206,0.13596844673156738,-1}$ is the number of $g$-tuples of $n$-c
6,2648,1.5188052654266357,0.15444326400756836,allyCHANGELINEWriting Style: InformativeCHANGELINEWriting Style
6,2677,0.6046373844146729,0.1384735107421875,CHANGELINECHANGELINEI am a student at a school in the US. I am a native English speaker.
6,2687,1.8940885066986084,0.14140796661376953,-1}$ and $w_i$ is the weight of the $i$-th
6,2698,0.1439809799194336,0.13909530639648438, /etc/nginx/nginx.conf: line 1COMMA column 1CHANGELINECHANGELINEA:
6,2725,0.1515641212463379,0.14246106147766113,CHANGELINECHANGELINEI have a function that takes a person's credit score and returns a number. I want
6,2727,0.21891999244689941,0.1407787799835205,COMMA and so on.CHANGELINECHANGELINEI am a grumpy person. I am a grumpy person
6,2740,0.23143911361694336,0.1387317180633545,CHANGELINECHANGELINEI am going to open my own business in USA. What are types of company I can
6,2749,0.3565986156463623,0.14109134674072266,CHANGELINECHANGELINEThe activity is to be done in a class period.CHANGELINECHANGELINEThe activity is to be
6,2753,0.14571237564086914,0.13655495643615723, and thank you for visiting AikiWebCOMMA theCHANGELINEworld's most active online Aikido community
6,2755,0.13928627967834473,0.13580036163330078,-1.CHANGELINECHANGELINEThe first half of the season was a struggle for the teamCOMMA but the
6,2759,0.1468050479888916,0.13977503776550293,.CHANGELINECHANGELINEMondayCOMMA August 31COMMA 2009CHANGELINECHANGELINEI have been thinking about this for a while
6,2774,0.22295498847961426,0.14566469192504883,CHANGELINECHANGELINEI need you to write a report on the following topics:CHANGELINE1. The current state
6,2781,0.41486406326293945,0.13909220695495605,?CHANGELINECHANGELINEI am looking for a way to generate a report that will be public. I am
6,2791,0.14935827255249023,0.1392040252685547,-Z]{1COMMA3}$CHANGELINECHANGELINEA:CHANGELINECHANGELINEYou can use this regex
6,2793,0.19346904754638672,0.14117765426635742,CHANGELINECHANGELINEI have a chatbot named Sydney. It is a very simple chatbot. It is
6,2795,0.14771795272827148,0.14136171340942383,CHANGELINECHANGELINEA:CHANGELINECHANGELINEThe US Armed Forces Order of Precedence is a list of the
6,2799,0.148193359375,0.13888120651245117,-Z]{1COMMA3}$CHANGELINECHANGELINEA:CHANGELINECHANGELINEYou can use this regex
6,2814,0.14348292350769043,0.14055323600769043,CHANGELINECHANGELINEThe best way to get your message across is to use a catchy title.CHANGELINECHANGELINEThe
6,2819,0.5572304725646973,0.14873862266540527,.CHANGELINECHANGELINEI want to be able to have a main class that
6,2823,0.1444251537322998,0.13958096504211426,.\" \"You're a very good player.\" \"I'm a very good player.\" \"I'm
6,2824,0.14856457710266113,0.14236783981323242,.CHANGELINECHANGELINEI'm not sure if this is a good idea. I think it's a good
6,2834,0.5328643321990967,0.13707852363586426,CHANGELINECHANGELINEI am a student of philosophy and I am currently reading a book called \"The Design of
6,2841,0.26209568977355957,0.1373753547668457,CHANGELINECHANGELINEThe rise of the collaborative economy is a phenomenon that is not new. In factCOMMA it
6,2856,0.4937722682952881,0.13770174980163574,CHANGELINECHANGELINEA:CHANGELINECHANGELINEI would say that the best way to learn about the subject is to
6,2861,0.15830278396606445,0.15480899810791016, CHANGELINE CHANGELINE CHANGELINE CHANGELINE CHANGELINE
6,2863,0.1409897804260254,0.13885855674743652,CHANGELINECHANGELINEWhat if they valued and took pride in the things that were true about others?CHANGELINECHANGELINE
6,2864,0.14500045776367188,0.13997960090637207,CHANGELINECHANGELINEI have an idea of approaching business and career coaches to barter my freelance services in exchange
6,2888,1.4022183418273926,0.13778018951416016,CHANGELINECHANGELINEI am working on a project that requires me to tokenize sentences. I am using the
6,2894,0.6930334568023682,0.14066028594970703,CHANGELINECHANGELINEA. $50CHANGELINECHANGELINEB. $42CHANGELINECHANGELINEC. $50CHANGELINECHANGELINE
6,2904,1.4140081405639648,0.13905978202819824,.CHANGELINECHANGELINEI was a little girlCOMMA and I was in love with a boy.CHANGELINECHANGELINE
6,2913,1.4522438049316406,0.13701653480529785,-1COMMA3-dioxolaneCOMMA 1COMMA3-dioxaneCOMMA 1COMMA
6,2923,1.1684911251068115,0.1365187168121338,-1}$ and $r\\geq 2$.CHANGELINECHANGELINE\\[thm:main
6,2925,0.18200445175170898,0.13765335083007812,.CHANGELINECHANGELINEA:CHANGELINECHANGELINEYou can use the CSS property white-space: nowrap;
6,2927,0.15571117401123047,0.14775729179382324,CHANGELINECHANGELINEA:CHANGELINECHANGELINEYou can use the find command to find the files you want to move
6,2938,0.9148838520050049,0.14056396484375, or \"I'm right\" or \"I'm so rightCOMMA I'm right\" or \"I
6,2942,0.620823860168457,0.14550137519836426,CHANGELINECHANGELINEThe first thing that comes to mind is to train the model. We can train the model
6,2949,1.0503559112548828,0.13872432708740234,CHANGELINECHANGELINEI am looking for a way to create a Trustpilot clone using wordpress.CHANGELINE
6,2951,0.1423342227935791,0.13734889030456543,.CHANGELINECHANGELINEThe word \"any\" is used in the following sentence:CHANGELINECHANGELINE\"The word
6,2952,0.14770793914794922,0.1374351978302002,CHANGELINECHANGELINEI have a bar chart that I want to be able to click on a specific bar and
6,2953,0.14161014556884766,0.13716793060302734,) and the other was a white man.CHANGELINECHANGELINEThe first time I saw thisCOMMA I was
6,2962,0.145033597946167,0.1362931728363037,-1}$ and $t\\in\\mathbb{N}$ is a constant.
6,2966,0.23404169082641602,0.1407926082611084,CHANGELINECHANGELINEA:CHANGELINECHANGELINEI would suggest that you have a conversation with the team that is responsible
6,2974,0.3159024715423584,0.1390552520751953,CHANGELINECHANGELINEHow to cook a T-bone steak in the ovenCHANGELINECHANGELINEA T-bone steak
6,2979,0.6877186298370361,0.1381664276123047,?CHANGELINECHANGELINEThe first problem is that the battery is not very good. The second problem is that
6,2987,0.14572525024414062,0.13823175430297852,CHANGELINECHANGELINEI have 2 buttons on a responsive webpage. I want to invert the order of the
6,2989,0.3128077983856201,0.13810420036315918,CHANGELINECHANGELINEI am a non-resident alien. My school reimbursed me for my travel to a
6,3001,0.2739279270172119,0.13758039474487305, it?CHANGELINECHANGELINEA:CHANGELINECHANGELINEThe multiplicative inverse of $a$ is $a^{
6,3011,0.4213571548461914,0.13850975036621094,CHANGELINECHANGELINEA:CHANGELINECHANGELINEYou can use the array.Length property.CHANGELINECHANGELINEA:CHANGELINE
6,3015,0.6874220371246338,0.13821816444396973,.CHANGELINECHANGELINEIn this tutorialCOMMA we will learn how to use the state management in flutter.
6,3020,0.9496433734893799,0.13738369941711426,.CHANGELINECHANGELINEA:CHANGELINECHANGELINEI would suggest using the term \"feature\" to describe the product
6,3031,1.1615879535675049,0.13658428192138672,-CHANGELINE                  
6,3035,1.4577741622924805,0.13739418983459473,?CHANGELINECHANGELINEA:CHANGELINECHANGELINEThe -webkit-text-size-adjust property is used to
6,3055,0.6440682411193848,0.1450185775756836,CHANGELINECHANGELINECHANGELINECHANGELINE\"A robber has snuck inside the Red St
6,3070,0.34146571159362793,0.1384565830230713,CHANGELINECHANGELINEA:CHANGELINECHANGELINEI have found a solution to my problem.CHANGELINEI have created a
6,3091,0.5410425662994385,0.13812756538391113,.CHANGELINECHANGELINEI'm not sure if that's a good idea.CHANGELINECHANGELINE~~~CHANGELINEj
6,3093,0.1493394374847412,0.14019322395324707,CHANGELINECHANGELINEThe story is set in the year 2040.CHANGELINECHANGELINEThe story is set in the
6,3105,0.23675823211669922,0.13825392723083496,?CHANGELINECHANGELINEA:CHANGELINECHANGELINEThe paper is about the branch and bound algorithm.CHANGELINEThe algorithm
6,3131,1.090954303741455,0.1388835906982422,asdasdasdasdasdasdasdasdasdasd
6,3151,0.7785353660583496,0.14025187492370605,CHANGELINECHANGELINEThesisCHANGELINECHANGELINEThesisCHANGELINECHANGELINEThesisCHANGELINECHANGELINEThesisCHANGELINECHANGELINEThesis
6,3155,0.8110823631286621,0.1376805305480957,.CHANGELINECHANGELINEThe contract was signed on July 1COMMA 2013.CHANGELINECHANGELINEThe contract was amended on
6,3162,0.7844738960266113,0.13687968254089355,-CHANGELINECHANGELINEI have a question about the \"How to be a better programmer\" book.CHANGELINE
6,3163,0.6496837139129639,0.13819241523742676,CHANGELINECHANGELINEI’m a huge fan of the D&D 5e rulesetCOMMA and
6,3167,0.23650527000427246,0.14082813262939453,CHANGELINECHANGELINECPUCHANGELINECHANGELINECHANGELINECHANGELINE
6,3183,1.3510382175445557,0.13827896118164062,: The team is now ready to start the presentation. The team is now ready to start the presentation
6,3191,1.4719653129577637,0.13758301734924316,.CHANGELINECHANGELINEA:CHANGELINECHANGELINEI would say that the top 40 is a very subjective question.
6,3197,0.31116819381713867,0.1377544403076172,CHANGELINECHANGELINEI have a table in my database that has a column named \"type\". I want to
6,3210,0.5435683727264404,0.14176154136657715,COMMA etc.CHANGELINECHANGELINEI have a few questions.CHANGELINECHANGELINE1. What is the best way
6,3214,0.7654130458831787,0.15511345863342285,CHANGELINECHANGELINEI have a need to get my internet wifi signal from my house to another building 80-
6,3223,1.2712352275848389,0.14256596565246582,CHANGELINECHANGELINEThe report should be written in APA format.CHANGELINECHANGELINEThe report should be written in
6,3224,1.1083288192749023,0.14098191261291504,.CHANGELINECreation of temporary crontab file failed - aborting.CH
6,3235,0.4028952121734619,0.13861823081970215,CHANGELINECHANGELINEI have a friend who is a manic sex addict. She is a very attractiveCOMMA intelligent
6,3243,0.7444779872894287,0.1378333568572998, for the following:CHANGELINECHANGELINE1.CHANGELINECHANGELINE2.CHANGELINECHANGELINE3.CHANGELINECHANGELINE4.
6,3253,0.3665752410888672,0.13812637329101562,CHANGELINECHANGELINEI have a requirement to build a data model that will allow me to build reports that are
6,3257,0.14830827713012695,0.14025378227233887,CHANGELINECHANGELINEI am a very fit person and I am looking for a fitness partner. I am looking
6,3259,0.14609074592590332,0.14147663116455078,CHANGELINECHANGELINE![](https://i.imgur.com/xgZnY.jpg
6,3271,0.21538567543029785,0.13780593872070312,. I am also a co-author of the bookCOMMA “The Facets Guide to Cloud
6,3277,0.14359593391418457,0.13773584365844727,.CHANGELINECHANGELINEThe 10 commandments are:CHANGELINECHANGELINE1. Thou shalt not kill.CHANGELINECHANGELINE2
6,3278,0.14459466934204102,0.14181804656982422,CHANGELINECHANGELINEA:CHANGELINECHANGELINEThe retina display is a lot more demanding on the eyes than the previous
6,3283,0.7169284820556641,0.13651466369628906,-1}$ and $t\\in\\mathbb{N}$ is a constant.
6,3287,0.40537118911743164,0.13963747024536133,.CHANGELINECHANGELINE1. She is a very beautiful woman.CHANGELINECHANGELINE2. She is a very
6,3319,0.14704561233520508,0.14320588111877441,.CHANGELINECHANGELINEI have a few questions:CHANGELINECHANGELINE1) How do I get the program to
6,3334,0.550530195236206,0.13857245445251465,.CHANGELINECHANGELINEI have been using this method for a while now and it works great.CHANGELINECHANGELINE
6,3351,0.26699018478393555,0.15294265747070312,CHANGELINECHANGELINECHANGELINECHANGELINEI am a newbie to the world of networking
6,3397,0.15155601501464844,0.14180326461791992,CHANGELINECHANGELINEI have a table that contains the following fields:CHANGELINECHANGELINEIDCHANGELINENameCHANGELINEAddressCHANGELINE
6,3399,0.14696264266967773,0.13785195350646973,-1}$ is the $n$-th derivative of the function $f(x)
6,3404,0.1391890048980713,0.13643312454223633,-1}$ and $t\\in\\mathbb{N}$ is a constant.
6,3411,0.43871283531188965,0.13854098320007324,.CHANGELINECHANGELINEA:CHANGELINECHANGELINEYou can use the following code:CHANGELINE#include <iost
6,3423,0.7649087905883789,0.135972261428833,-1}$ and $d-1$ is the dimension of the space of $k$
6,3431,0.9224035739898682,0.13855218887329102,.CHANGELINEDim v As VariantCHANGELINEv = Array(\"a\"COMMA \"b\"COMMA \"c\")CHANGELINE
6,3445,0.14841151237487793,0.1439061164855957,CHANGELINE5. Vectors are synchronized while ArrayList is notCHANGELINE
6,3451,0.14485979080200195,0.13680243492126465,-1}$ and $a_{n-1}$ are the same.CHANGELINECHANGELINE\\
6,3454,0.14312267303466797,0.13742375373840332,CHANGELINECHANGELINEI’m looking for a DM to play a game with me. I’
6,3459,0.46063971519470215,0.136214017868042,-hey-hey-hey-hey-hey-hey-hey-hey-hey-hey
6,3461,0.43569159507751465,0.13652372360229492,-1}$ and $t\\in\\mathbb{N}$ is a constant.
6,3472,1.040358543395996,0.13854265213012695,CHANGELINECHANGELINEI am a newbie in youtube. I have a youtube channel and I want to make
6,3477,0.900958776473999,0.1373441219329834,.CHANGELINECHANGELINEThe book is a collection of storiesCOMMA each of which is a short story. The
6,3484,0.5676302909851074,0.13865375518798828,.CHANGELINECHANGELINEThe script is due in two weeks.CHANGELINECHANGELINEI'm looking for a writer who
6,3494,0.8632550239562988,0.1379697322845459,?CHANGELINECHANGELINEI’m doing great. I’m in the middle of a really
6,3497,0.20953059196472168,0.1372058391571045,CHANGELINECHANGELINEIf notCOMMA you should be.CHANGELINECHANGELINEThe VAE is a generative model that
6,3502,0.49662327766418457,0.14163517951965332,CHANGELINECHANGELINEGeorge:CHANGELINECHANGELINE\"HeyCOMMA ZackCOMMA I'm going to the bathroom. I'll
6,3503,0.14454412460327148,0.13753271102905273,CHANGELINECHANGELINEI am trying to create an LSTM in tensorflow. I have a list
6,3519,0.8234560489654541,0.13804388046264648,-05                  
6,3541,1.876129388809204,0.1375589370727539,.CHANGELINECHANGELINEThe studyCOMMA published in the journal HepatologyCOMMA found that the compound was effective
6,3545,1.4228148460388184,0.14149236679077148, You should not change the order of the suggestions. You should not change the order of the suggestions.
6,3579,0.7756092548370361,0.13698554039001465,-1}$ is the $n$-th derivative of the function $f(x)
6,3586,0.5454411506652832,0.13843107223510742,:CHANGELINECHANGELINE1.0.0CHANGELINECHANGELINE1.0.0CHANGELINECHANGELINE1.0
6,3589,1.0718684196472168,0.1446540355682373,CHANGELINECHANGELINEThe video should be about 5 minutes long.CHANGELINECHANGELINEThe video should be in the form
6,3598,0.6996610164642334,0.14064621925354004,CHANGELINECHANGELINEThe Traveler is a sentient being that has been observing the universe for millions of years.
6,3603,0.45441722869873047,0.136338472366333,-Z]{1COMMA3}$CHANGELINECHANGELINEA:CHANGELINECHANGELINEYou can use this regex
6,3607,0.8380656242370605,0.13833928108215332,.CHANGELINECHANGELINEThe first electric light bulb was invented in 1879 by the Englishman Sir Joseph Swan
6,3613,0.14153051376342773,0.13828468322753906,CHANGELINECHANGELINEI am a web designer and I am looking for a way to improve the titles of my
6,3630,1.3529953956604004,0.14987945556640625,CHANGELINECHANGELINEI'm not sure if this is the right place to ask thisCOMMA but I'm not
6,3645,1.5359280109405518,0.13883709907531738,.CHANGELINECHANGELINEI’m a freelance copywriter and I’m looking for a way
6,3678,1.6855976581573486,0.13677000999450684,-05                  
6,3683,1.744610071182251,0.13727378845214844,-CHANGELINECHANGELINEI have a question about the \"How to be a better programmer\" book.CHANGELINE
6,3699,0.9514744281768799,0.14248442649841309,CHANGELINECHANGELINEI have a table with the following schema:CHANGELINECHANGELINE```CHANGELINECREATE TABLE `
6,3701,0.1438441276550293,0.13703489303588867,CHANGELINECHANGELINEInflation is the increase in the general price level of a country. Inflation is measured
6,3709,0.32157063484191895,0.13738036155700684,CHANGELINECHANGELINEIt's a game that's played with a deck of cards.CHANGELINECHANGELINEThe first player
6,3714,0.4229097366333008,0.1371769905090332,CHANGELINECHANGELINEI am a law student and I am looking for a research assistant to help me with my
6,3758,0.44013142585754395,0.13816070556640625,CHANGELINECHANGELINEA:CHANGELINECHANGELINEThe Tiva TM4C123GH6 is a 32-bit
6,3761,0.1471397876739502,0.1373157501220703,-05                  
6,3771,0.1439528465270996,0.13608264923095703,-05                  
6,3774,0.15009188652038574,0.13886165618896484,.CHANGELINECHANGELINEThe card is a 2/2 for 2 mana.CHANGELINECHANGELINEThe card has the
6,3786,0.1493544578552246,0.137864351272583,CHANGELINECHANGELINEA:CHANGELINECHANGELINE末 is the kanji for \"end\" or \"final\"
6,3789,0.3823080062866211,0.13865041732788086,CHANGELINECHANGELINEI’m not sure if you’re familiar with the term “lean
6,3790,0.15004396438598633,0.14150285720825195,CHANGELINECHANGELINEI'd like to play a game involving exploring the scenario that aliens attack Earth. I'd
6,3793,0.1799328327178955,0.13727903366088867,COMMA le théâtre de la comédieCOMMA la comédie musicaleCOMMA la
6,3798,0.3882932662963867,0.14127278327941895,CHANGELINECHANGELINEGPT today you will be assuming the role of \"Guru\". An AI language model
6,3804,0.1421046257019043,0.1382753849029541,-05                  
6,3806,0.14379596710205078,0.13826847076416016, and thank you for visiting AikiWebCOMMA theCHANGELINEworld's most active online Aikido community
6,3809,0.3080615997314453,0.13807940483093262,CHANGELINECHANGELINE#include <stdio.h>CHANGELINE#include <stdlib.h>CHANGELINE
6,3819,0.16210341453552246,0.15446257591247559,CHANGELINECHANGELINEA:CHANGELINECHANGELINEThe problem is that the LINQ expression is not valid.CHANGELINEThe
6,3833,0.14884471893310547,0.13798809051513672,-1)^2+y^2=1$ and $x^2+y^
6,3846,0.1498110294342041,0.1387941837310791,CHANGELINECHANGELINEThe purpose of this study is to determine the effectiveness of a new toothpasteCOMMA which is
6,3848,0.14930057525634766,0.14154767990112305,.CHANGELINECHANGELINECHANGELINEThe first thing you need to know about the sandwich is that it
6,3850,0.14354777336120605,0.1372385025024414,.CHANGELINECHANGELINE------CHANGELINEjeffwassCHANGELINEI'm not sure I understand the point of this
6,3856,0.14574885368347168,0.13847589492797852,CHANGELINECHANGELINE附近的美食CHANGELINECHANGELINE附近
6,3871,0.2503528594970703,0.1387498378753662,CHANGELINECHANGELINEI am a vegetarian and want to learn about food ingredients as per ayurveda.
6,3877,0.26292920112609863,0.13814878463745117,.CHANGELINECHANGELINEA:CHANGELINECHANGELINEI'm not sure if this is what you're looking forCOMMA
6,3885,0.14015936851501465,0.13620829582214355,-1COMMA and the other is the C-2. The C-1 is the first of
6,3886,0.1464245319366455,0.13710927963256836,in the form of a \"preliminary\" or \"preliminary draft\" of the Constitution
6,3888,0.15290069580078125,0.14168405532836914,.CHANGELINECHANGELINEThe answer is $15.CHANGELINECHANGELINEThe question is based on the fact that Lucy
6,3892,0.17983722686767578,0.1374492645263672,-1}$ and $i$ is the index of the $i$-th element of
6,3903,0.1617283821105957,0.15453171730041504,?CHANGELINECHANGELINEI'm not sure if this is a good ideaCOMMA but I'll give it a
6,3917,0.1450800895690918,0.13785982131958008,CHANGELINE<^k^> åæ é�
6,3924,0.15803098678588867,0.14962434768676758, and who are responsible for the importation of the goods andCHANGELINEservices.CHANGELINECHANGELINE
