client_id,req_id,req_time,complete_time,output
8,2011,0.6415963172912598,0.18324947357177734,ppocampusCOMMA the dentate gyrusCOMMA and the subiculum. The hipp
8,2026,0.39733409881591797,0.2557041645050049,CHANGELINECHANGELINEComment: YesCOMMA I am aware of GitLab scoped labels. Scoped labels are
8,2042,0.42758965492248535,0.18082523345947266,CHANGELINECHANGELINEI'm looking to build a Venn diagram generator using Mechanic.designCOMMA but
8,2098,0.22858262062072754,0.22224092483520508,CHANGELINECHANGELINESure! Here are ten questions for you and the other panelists:CHANGELINECHANGELINE1
8,2113,0.3230247497558594,0.17511224746704102,CHANGELINEWhat frustrates job seekers?CHANGELINE1. Lack of communication: Many job seek
8,2120,0.19787287712097168,0.18998312950134277,so that i can understand easily.CHANGELINECHANGELINE1. What is Artificial Intelligence?CHANGELINE
8,2140,0.1692495346069336,0.16545724868774414,COMMA I'm looking for a way to get my 10 year old son to do his
8,2144,0.29244470596313477,0.17935776710510254,. Can you please suggest me some of the must visit historical places in Colombo?CHANGELINECHANGELINE
8,2147,0.1649305820465088,0.16315770149230957,COMMA I'm looking for a way to get my 10 year old son to do his
8,2150,0.21210646629333496,0.16744470596313477,CHANGELINEQuantum computing is a new way of doing computer calculations that is different from the way regular computers
8,2163,0.17488336563110352,0.1657698154449463,thereCOMMA fellow book lovers! TodayCOMMA I’m thrilled to be sharing my review of
8,2183,0.45803070068359375,0.19771790504455566,ly to all employees.CHANGELINECHANGELINESubject: One-Dish Party at Office! ��
8,2194,0.17274785041809082,0.1694502830505371,COMMA I'm looking for a way to get my 10 year old son to do his
8,2202,0.3727436065673828,0.18561530113220215,CHANGELINECHANGELINEOnce upon a timeCOMMA in a far-off kingdomCOMMA there lived a beautiful princess
8,2213,0.25374293327331543,0.24384784698486328,CHANGELINECHANGELINEI understand that you have a dataset with three columns: 'id'COMMA 'text'COMMA and
8,2222,0.22017765045166016,0.21504473686218262,CHANGELINECHANGELINEThe Meta Quest 2 is a VR (Virtual Reality) gaming head
8,2226,0.34783220291137695,0.18071985244750977,?CHANGELINECHANGELINECertainly! Here are some baby names for a boy that are similar to Cas
8,2235,0.33002567291259766,0.32347774505615234,?CHANGELINECHANGELINEOhCOMMA I see! You want to know about the purpose of ReactCOMMA right?
8,2237,0.2286238670349121,0.2191610336303711,CHANGELINECHANGELINE[Your Name]CHANGELINE[Your Address]CHANGELINE[CityCOMMA State ZIP Code]
8,2240,0.3560757637023926,0.1823587417602539,What do you think is unique or special about you?CHANGELINECHANGELINEI'm just an AI
8,2241,0.19726324081420898,0.19164514541625977,in my assignment.CHANGELINECHANGELINEHere is the reference in APA 7 format:CHANGELINECHANGELINEC
8,2253,0.20258545875549316,0.1915426254272461,CHANGELINE1. The Great Barrier Reef is the largest living structure on the planet.CHANGELINE2
8,2257,0.18510222434997559,0.17742633819580078,CHANGELINECHANGELINECourse Title: Service UX DesignCHANGELINECHANGELINECourse Description: This course will cover
8,2279,0.19679999351501465,0.18503856658935547,CHANGELINEThe article discusses how UPS drivers are able to save gas by avoiding left turnsCOMMA
8,2296,1.0015063285827637,0.23456597328186035,.CHANGELINECHANGELINEHere are 20 widely varying suggestions for an acronym/mnemonic
8,2299,1.1633596420288086,0.16455698013305664,COMMA I'm looking for a way to get my 10 year old son to do his
8,2308,0.2830679416656494,0.17752313613891602,CHANGELINECHANGELINEPlease provide the full code for implementing Google Login with AWS Cognito User Pools.
8,2328,0.27509403228759766,0.1801908016204834,.CHANGELINECHANGELINEInitial Breath for SAAS and MicroSAAS ApplicationsCHANGELINECHANGELINEWelcome to
8,2342,0.9394147396087646,0.20854854583740234,CHANGELINECHANGELINEHere's an example of a vision statement for a company:CHANGELINECHANGELINE\"Our
8,2347,0.38236260414123535,0.20952320098876953,CHANGELINECHANGELINEProduct Requirement Document (PRD)CHANGELINECHANGELINETitle: Enhancement of L
8,2353,0.1786644458770752,0.17446160316467285,CHANGELINECHANGELINEThe \"Roko's Basilisk\" is a thought experiment that was first proposed
8,2360,0.230942964553833,0.17990398406982422,.CHANGELINECHANGELINEFirstCOMMA I'd like to propose that we set the school in a remote location
8,2371,0.5876085758209229,0.2414839267730713,.CHANGELINECHANGELINESureCOMMA here is a humorous two-paragraph ending to a blog post about
8,2388,0.2664039134979248,0.18623733520507812,CHANGELINECHANGELINEI would like to know if this is a good approach to attract potential customersCOMMA and if
8,2393,0.16952300071716309,0.1658947467803955,CHANGELINEDogsCOMMA also known as Canis lupus familiarisCOMMA are domesticated mamm
8,2397,0.2643775939941406,0.18326139450073242,CHANGELINEI'm on the micCOMMA spittin' fire like a flameCHANGELINEGot
8,2409,0.17132091522216797,0.16591334342956543,ippy.CHANGELINECHANGELINEComment: I'm not sure I understand what you are saying. Could
8,2415,1.1238577365875244,0.21271347999572754,CHANGELINECHANGELINEHere is a sample press release:CHANGELINECHANGELINE---CHANGELINECHANGELINEFOR IMMEDIATE RE
8,2421,0.1879279613494873,0.18260574340820312,.CHANGELINETitle: The Cimarron CursedCHANGELINECHANGELINEIn the remote town of Cimar
8,2430,0.19074201583862305,0.17951154708862305,CHANGELINECHANGELINEComment: SureCOMMA here is an example of a waving Albanian flag in CSS and
8,2433,0.17155170440673828,0.16425538063049316,amingCOMMA Gaming NewsCOMMA Gaming PreviewsCOMMA New ReleasesCOMMA PC GamingCOMMA Play
8,2442,0.7755532264709473,0.17161202430725098,CHANGELINECHANGELINESure! Here is a basic currency conversion class in PHP that you can use as a
8,2447,0.3050246238708496,0.16339421272277832,'tCHANGELINECHANGELINEComment: I apologize for the confusion. It looks like there was a typo
8,2448,0.3348414897918701,0.1731700897216797,.CHANGELINECHANGELINEThere are several types of algorithms for lossy data compressionCOMMA including:CHANGELINECHANGELINE1
8,2452,0.20495152473449707,0.19843816757202148,CHANGELINEOnce upon a timeCOMMA in a land of endless standardized tests and numbered-based
8,2454,0.40367698669433594,0.16547536849975586,.am.chad.fish on March 10COMMA 2016CHANGELINEI
8,2479,0.2466905117034912,0.1792302131652832,CHANGELINE============================================================CHANGELINECHANGELINEI'm looking for a Flutter widget that allows me
8,2490,0.24846982955932617,0.23752856254577637,CHANGELINECHANGELINEIn this situationCOMMA I would recommend choosing Treatment ACOMMA which saves 20
8,2503,0.17557144165039062,0.16349577903747559,a a a a a a a a a a a a a a a a a a a a
8,2508,0.17620468139648438,0.166611909866333,CHANGELINECHANGELINEI am a beginner and I want to learn the basics of the python programming language.
8,2510,0.2221989631652832,0.21699929237365723,.CHANGELINECHANGELINESureCOMMA here's a sample payload schema for ProductionEquipmentSchema that
8,2520,0.1972043514251709,0.19009733200073242,and I think that's a sign of a great sense of humor.CHANGELINEI'm not
8,2533,0.18854999542236328,0.17744088172912598,CHANGELINEKeywords for mutuality in a contractCHANGELINEMutuality is a fundamental concept in
8,2569,0.20808815956115723,0.19719958305358887,CHANGELINEI'm a 20-year-old woman and my boyfriend is a 
8,2571,0.2232046127319336,0.21931099891662598,CHANGELINECHANGELINEWhat is the main topic of the message?CHANGELINECHANGELINEA) The team will discuss the
8,2579,0.19381928443908691,0.18765711784362793,CHANGELINECHANGELINEWhen the clock on a system is unsynchronizedCOMMA it can cause issues with the system
8,2586,0.17878341674804688,0.16727018356323242,.g. \"The company's new policy is to promote from within whenever possible.\"CHANGELINECHANGELINE
8,2608,0.2298746109008789,0.1918795108795166,CHANGELINEThere are plenty of fun and safe places to spend time with your baby in AdelaideCOMMA
8,2621,0.18643736839294434,0.17963528633117676,CHANGELINECHANGELINEBoth .bashrc and .bash_profile are configuration files used by the Bash
