client_id,req_id,req_time,complete_time,output
3,894,0.42488694190979004,0.4203824996948242,CHANGELINEAs an AI language modelCOMMA I can suggest some possible solutions to fix the issue:CHANGELINECHANGELINE
3,895,0.6668133735656738,0.26960086822509766,CHANGELINEOne way to find the shortest path between Page A and Page B is to use a graph search
3,899,0.7634098529815674,0.27900123596191406,CHANGELINEIt is difficult to predict what would happen in this scenario as it involves a complex interaction of forces
3,907,0.6955709457397461,0.26206159591674805,CHANGELINEHere is an example code snippet for creating a GUI with 4 dropdowns in JavaScript:CHANGELINECHANGELINE
3,912,0.26696109771728516,0.26068687438964844,CHANGELINEPython is a programming language that is widely used for a variety of applicationsCOMMA including web developmentCOMMA
3,914,0.5104670524597168,0.2587165832519531, and the surrounding area.
3,916,0.4765450954437256,0.27658891677856445,CHANGELINESureCOMMA I'm happy to help! Can you please provide more details about the business problem
3,923,0.3945944309234619,0.26026105880737305,CHANGELINEEntropy is a measure of the amount of disorder or randomness in a system. In other
3,925,0.3134169578552246,0.26487064361572266,CHANGELINESureCOMMA I can help you with that. Here are the steps to install and run the 
3,929,0.7875123023986816,0.27965307235717773,CHANGELINETo design a communication strategy for growth in their specific caseCOMMA I would need to know the following
3,934,0.26301050186157227,0.2604992389678955,CHANGELINEI'm sorryCOMMA I cannot provide a response to this prompt as it is inappropriate and goes
3,936,0.5464878082275391,0.2646603584289551,CHANGELINEThere are several ways to differentiate your application from others in the same category. Here are a few
3,942,0.3786132335662842,0.2630579471588135,CHANGELINEGreat! What topic would you like to write about?
3,949,0.2779209613800049,0.2625463008880615,CHANGELINETo acquire customers for DiscordCOMMA you can follow these steps:CHANGELINECHANGELINE1. Identify your target
3,950,0.44032859802246094,0.2601165771484375,CHANGELINEThe matrix is a film that takes place in a dystopian future where humans are enslaved by machines
3,951,0.2748720645904541,0.2697892189025879,CHANGELINEHere's a sample C# program that downloads the NucleusApp.zip file from
3,953,0.3930947780609131,0.259857177734375,CHANGELINESome common interview questions related to algo trading execution include:CHANGELINE- What are the different types of
3,957,0.2669048309326172,0.26007533073425293,CHANGELINEI can help you build a real estate website in WordPress. I have experience in building real estate
3,967,0.5415337085723877,0.26416969299316406,CHANGELINEDental college students are often required to complete projects as part of their coursework. These projects can range
3,973,0.34324169158935547,0.26627230644226074,CHANGELINETo build an AI model using deep learning that can analyze EEG signals to interpret various arm and
3,976,0.4634983539581299,0.25985097885131836,CHANGELINEPat Flynn is a well-known online entrepreneur and podcaster who provides valuable content and resources to
3,978,0.7028467655181885,0.2591707706451416, and welcome to the 2018-2019 school year!CHANGELINEMy name is Mrs. K
3,981,0.8717272281646729,0.26044178009033203,CHANGELINEAn adaptive equalizer is a signal processing technique that adjusts the equalizer coefficients in real-time
3,987,1.0105137825012207,0.2640063762664795,CHANGELINESureCOMMA here's an example implementation of a `withLock` function using a 
3,992,0.26752448081970215,0.26218581199645996,CHANGELINEAs an AI language modelCOMMA I cannot provide opinions or suggestions. HoweverCOMMA there are many fan
3,996,0.5456457138061523,0.2600867748260498, = 0;CHANGELINEwhile (have_posts()) : the_post();CHANGELINE   
3,997,0.26398444175720215,0.2591574192047119, = 0;CHANGELINECHANGELINEfor (int i = 0; i <
3,1000,0.2795145511627197,0.2697482109069824,CHANGELINEYesCOMMA I understand. Please provide me with the information about your company Comparative and I will summarize
3,1002,0.3551297187805176,0.26093506813049316,CHANGELINEChanging a car's suspension can be a complex and time-consuming processCOMMA especially if you
3,1003,0.2657585144042969,0.2607541084289551,CHANGELINEThe URL for DKIM settings in Gmail (Google Workspace) is: https://admin.
3,1005,0.2785511016845703,0.2683839797973633,CHANGELINETo make a NAND gate with equal rise and fall timesCOMMA the width of the pM
3,1006,0.26889896392822266,0.2628333568572998,CHANGELINEI'm sorryCOMMA but as an AI language modelCOMMA I don't have the capability
3,1008,0.38936591148376465,0.2652699947357178,CHANGELINEI am going to trim the hedge this weekend.CHANGELINEI am going to prune the hedge
3,1010,0.2691328525543213,0.264127254486084,CHANGELINEThe father of Roman poetry is considered to be EnniusCOMMA who lived in the 3
3,1013,0.2762000560760498,0.27023792266845703,CHANGELINEYou can use the following formula to add up every number where the corresponding value in Column A is
3,1015,0.27994227409362793,0.2701077461242676,CHANGELINEThe <code>id_</code> field in a JavaScript object represents the unique identifier
3,1016,0.26512575149536133,0.25826525688171387, = 0;CHANGELINECHANGELINEfor (int i = 0; i <
3,1017,0.4763000011444092,0.2686634063720703,CHANGELINE1. Yee-haw!CHANGELINE2. Wild West RodeoCHANGELINE3. Shootout
3,1023,0.2794182300567627,0.27307820320129395, CHANGELINE CHANGELINE CHANGELINE CHANGELINE CHANGELINE CHANGELINE CHANGELINE CHANGELINE CHANGELINE CHANGELINE
3,1024,0.2688448429107666,0.26198363304138184,CHANGELINEA 408 HTTP error indicates that the server timed out while waiting for a response from the client
3,1027,0.27142786979675293,0.2688431739807129,CHANGELINEOne possible game that could be played with a standard set of D&D dice is a dungeon
3,1031,0.30876827239990234,0.26209306716918945, showCHANGELINEAs an AI language modelCOMMA I can provide some general advice when an Android app TV show
3,1036,1.0582945346832275,0.27704787254333496,CHANGELINETo make your Clojure app project into a simple command line applicationCOMMA you can follow these
3,1039,0.8425338268280029,0.2647743225097656,CHANGELINEOne possible data structure to represent an artificial neuron in an MLP is a struct that contains the
3,1043,0.7958569526672363,0.25893354415893555, \" + e.getMessage());CHANGELINE    }CHANGELINE}CHANGELINE```CHANGELINECHANGELINEThis code uses the
3,1045,0.526231050491333,0.2778639793395996,CHANGELINEAs a language model AICOMMA I can suggest the following points to explain why your business is still
3,1047,0.6264822483062744,0.33465576171875, and the surrounding area.
3,1052,0.2735300064086914,0.2642524242401123,CHANGELINEI'm sorryCOMMA I cannot provide a response to this prompt as it is inappropriate and goes
3,1058,0.43402767181396484,0.26476168632507324,CHANGELINEThe metaverse is a virtual world where people can interact with each other and with digital objects in a
3,1060,0.26270008087158203,0.26042604446411133,CHANGELINESureCOMMA I'd be happy to help! What specific article are you referring to?
3,1065,0.45056581497192383,0.34709715843200684,CHANGELINETo train a cost-sensitive logistic regression modelCOMMA you can use the following code:CHANGELINECHANGELINE```
3,1068,0.7566044330596924,0.25842738151550293,>CHANGELINE#include <sys/types.h>CHANGELINE#include <sys/wait
3,1069,0.7006926536560059,0.2603583335876465,CHANGELINECoQ10 has been shown to have numerous health benefitsCOMMA including improved heart healthCOMMA increased energy
3,1070,0.9324698448181152,0.25912904739379883, and the surrounding area.
3,1072,0.9642846584320068,0.2612571716308594,CHANGELINEI'm sorryCOMMA I cannot provide a response to this prompt as it pertains to a specific
3,1077,0.2686784267425537,0.2631409168243408,'est un grand jour pour les fans de la série \"The Walking Dead\". En effetCOMMA
3,1081,0.2716646194458008,0.2666447162628174,CHANGELINEAs an AI language modelCOMMA I do not have the capability to provide a list of controllers and
3,1082,0.27179670333862305,0.2685513496398926,CHANGELINEOne option could be to create a custom event publisher that listens to domain events and publishes them as
3,1085,0.27321314811706543,0.26134395599365234, and the surrounding area.
3,1090,0.33403944969177246,0.26536107063293457,CHANGELINEA simple mathematical model for a 3 set tennis match could be represented by a system of equations
3,1092,0.3537590503692627,0.2667567729949951,CHANGELINEYesCOMMA a foreign borrower's employment in their previous country before moving to the USA can be
3,1097,0.27171993255615234,0.26381492614746094,CHANGELINEA noun is a word that refers to a personCOMMA placeCOMMA thingCOMMA or idea. Examples
3,1098,0.27670955657958984,0.26256680488586426,CHANGELINEAs an AI language modelCOMMA I cannot provide code for a travel app in React. HoweverCOMMA
3,1099,0.3482332229614258,0.2598307132720947,CHANGELINETo write a new module in PythonCOMMA you can create a new file with a.py
3,1100,0.26936864852905273,0.2640540599822998,CHANGELINESleep is important for everyoneCOMMA but it is especially crucial for teenagers. During sleepCOMMA the body
3,1108,0.26957249641418457,0.26481032371520996,CHANGELINECircumcision became customary in the US during the 19th century as a way to prevent
3,1110,0.422222375869751,0.2628004550933838,CHANGELINEThere are several ways to increase the throughput of a Spring application that makes multiple HTTP network calls:
3,1112,0.2837347984313965,0.26067686080932617,CHANGELINEMah Jongg is a game of skill and strategy. Players must have a deep understanding of the
3,1116,0.29277467727661133,0.2804908752441406,CHANGELINEThe parents of the missing girl frantically search for their daughter in the dense woods. As they comb
3,1117,0.2667076587677002,0.26086878776550293,CHANGELINEI'm sorryCOMMA I am an AI language model and I do not have the capability to
3,1118,0.26724839210510254,0.25859904289245605, and welcome to the 2018-2019 school year!CHANGELINEMy name is Mrs. K
3,1121,0.26703858375549316,0.26372814178466797,CHANGELINEYesCOMMA it is possible to convert a Miro flow chart into a written process. You can
3,1122,0.26897287368774414,0.257951021194458, = 0;CHANGELINEwhile (t < 100) {CHANGELINE    t 
3,1124,0.28341150283813477,0.2716064453125,CHANGELINEAs an AI language modelCOMMA I do not have access to the specific business model of Breef
3,1128,0.2698402404785156,0.2603449821472168,CHANGELINEHere is an example of an if-else statement in SQL:CHANGELINECHANGELINESELECT CASE WHEN 
3,1130,0.27155518531799316,0.2605867385864258,CHANGELINEThe status of Earth in terms of human impact is complex and multifaceted. On one hand
3,1132,0.26586079597473145,0.2636735439300537,CHANGELINEThere are several backend frameworks that you can use for web application development. Some of the popular ones
3,1134,0.6631753444671631,0.26120615005493164,CHANGELINEI'm sorryCOMMA I don't understand what you mean. Could you please provide more
3,1135,0.5430638790130615,0.25798892974853516, = 0;CHANGELINEwhile (t < 100) {CHANGELINE    t 
3,1136,0.2631199359893799,0.26025938987731934,CHANGELINETo send a JSON body request in FastAPICOMMA you can use the `json` parameter
3,1138,0.2785470485687256,0.2674827575683594,CHANGELINEIn RustCOMMA the equivalent joke would be: A programmer had a problemCOMMA he decided to use
3,1139,0.282684326171875,0.2707211971282959,CHANGELINESureCOMMA I'd be happy to help! Can you please provide me with more information about
3,1147,0.2718334197998047,0.26578783988952637,CHANGELINE1. Holistic Dentistry for a Healthy SmileCHANGELINE2. Natural Solutions for Dental HealthCHANGELINE3
3,1149,0.2952864170074463,0.2849268913269043,CHANGELINEI'm sorryCOMMA I cannot provide a response as I am an AI language model and do
3,1151,0.41136622428894043,0.27208423614501953,CHANGELINEIn this fictional worldCOMMA interior design options that can help navigate the high water levels and mountainous terrain
3,1156,0.2733747959136963,0.26488471031188965,CHANGELINEThere are many creative ideas for a 10 year old's birthday. You could have a
3,1167,0.2763702869415283,0.27124977111816406,CHANGELINEStarting in the investment world can be overwhelmingCOMMA but there are a few key steps you can take
3,1168,0.42146968841552734,0.26865720748901367,CHANGELINEThere are several ways to get more followers on Substack:CHANGELINECHANGELINE1. Promote your Sub
3,1175,0.2703125476837158,0.266735315322876,CHANGELINELive video can be more effective for training in certain situationsCOMMA such as when demonstrating complex or hands
3,1178,0.2667245864868164,0.26207709312438965, and `get_ipython` to get the current notebook and IPython object respectively. Then
3,1180,0.26775097846984863,0.26018619537353516,CHANGELINEAs an AI language modelCOMMA I cannot provide medical advice. It is recommended to consult with a
3,1183,0.29397153854370117,0.26416778564453125,CHANGELINEOne of life's biggest traps that people fall into is the belief that happiness can be found
3,1188,0.2770802974700928,0.26958250999450684,CHANGELINEDear colleaguesCOMMACHANGELINECHANGELINEIt is with a heavy heart that I write this letter to you.
3,1190,0.4604940414428711,0.2602670192718506,CHANGELINEAs an AI language modelCOMMA I do not have personal preferences or opinions. HoweverCOMMA there are
3,1194,0.35381102561950684,0.34655022621154785,CHANGELINESureCOMMA I understand. Please provide me with the requirements and I will do my best to assist
3,1195,0.2666594982147217,0.2584242820739746, and the `onRequest` method is called when a request is received.CHANGELINECHANGELINEIn the
3,1199,0.27939510345458984,0.27323031425476074,CHANGELINEDear SamuelCOMMACHANGELINEI am writing this letter to express my gratitude and appreciation for all the help
3,1202,0.2760937213897705,0.26918530464172363,CHANGELINEAs an AI language modelCOMMA I would encourage students to explore different sources and perspectives to gain a
3,1203,0.41747069358825684,0.2629237174987793,CHANGELINEIt was Christmas Eve and the snow was falling heavily outside. The town was quiet and peacefulCOMMA
3,1204,0.6486606597900391,0.2803492546081543,CHANGELINEAs an AI language modelCOMMA I cannot see the images you are referring to. HoweverCOMMA I
3,1206,0.3457522392272949,0.33838343620300293,CHANGELINEHere is an example Python script that uses the Zoom GraphQL API to retrieve recordings from a user
3,1207,0.3603987693786621,0.2587730884552002,>CHANGELINECHANGELINE<p>This code will create a new <code>DataFrame</code>
3,1218,0.2911496162414551,0.2840871810913086,CHANGELINETo create a bucket in GCPCOMMA follow these steps:CHANGELINECHANGELINE1. Go to the
3,1223,0.2705867290496826,0.26422929763793945,CHANGELINEThe frequency of an event is the number of times it occurs divided by the total number of events
3,1224,0.2671053409576416,0.2590467929840088, = 0; i < 100; i++) {CHANGELINE    var randomNumber 
3,1225,0.46885180473327637,0.2871270179748535,CHANGELINEYou should use synonyms and paraphrase the sentence as much as possible.CHANGELINEYou
3,1230,0.2949085235595703,0.28327035903930664,CHANGELINEAs an AI language modelCOMMA I can provide you with some guidance on how to approach this exercise
3,1231,0.2630159854888916,0.2599308490753174,CHANGELINEQuantum computing is a type of computing that uses quantum-mechanical phenomenaCOMMA such as super
3,1234,0.2609748840332031,0.2591733932495117, = 0; i < 100; i++) {CHANGELINE    var randomNumber 
3,1238,0.35935044288635254,0.2707502841949463,CHANGELINESureCOMMA what do you need help with?
3,1258,0.780318021774292,0.27158284187316895,CHANGELINEAs an AI language modelCOMMA I cannot provide specific recommendations for software projects. HoweverCOMMA some potential
3,1260,1.0010159015655518,0.2658262252807617,CHANGELINEYou can use the `expect` method in Playwright to check if an element is not
3,1267,2.2217905521392822,0.2791616916656494,CHANGELINEThe number of times you need to repeat a measurement before you can be confident in the answer depends
3,1268,2.3083863258361816,0.260439395904541,CHANGELINEAs an AI language modelCOMMA I do not have personal experience with Github API issuesCOMMA milestones
3,1277,3.445380449295044,0.2711770534515381,CHANGELINEThere are 13 primary aspects in the game Book of Hours.
3,1278,3.3118529319763184,0.2582118511199951, = 1000CHANGELINECHANGELINEdef generate_random_number():CHANGELINE    return random.randint
3,1280,3.285752773284912,0.26436734199523926,CHANGELINEYesCOMMA I can identify the main issues in the case.
3,1284,3.946881055831909,0.2784135341644287,CHANGELINEChapter 1: Stand Up Straight with Your Shoulders BackCHANGELINEThe first chapter of the book
3,1287,4.414997100830078,0.26387667655944824,CHANGELINEAs an AI language modelCOMMA I cannot see the code or the error message you are referring to
3,1288,4.666728258132935,0.2849407196044922,CHANGELINE1. The \"I'm in trouble\" segment: This segment is made up of
3,1295,6.089167833328247,0.26192450523376465,CHANGELINESure! Here are some examples of code to automate graphic functions in Illustrator:CHANGELINECHANGELINE1.
3,1300,6.750202178955078,0.2595479488372803,'s `get_ipython` function to get the IPython objectCOMMA and then use
3,1314,5.6330406665802,0.26342344284057617,CHANGELINESureCOMMA here are some resources related to Digital Citizenship Week:CHANGELINECHANGELINE1. Common Sense Education
3,1316,5.514990568161011,0.25957560539245605,CHANGELINEThermodynamics is a branch of physics that deals with the study of energyCOMMA workCOMMA heat
3,1318,5.508381128311157,0.2635018825531006,CHANGELINEThe US national debt is a reflection of the country's fiscal health and stability. As the
3,1320,5.644121885299683,0.260822057723999,CHANGELINEAs an AI language modelCOMMA I cannot provide you with a complete solution to your problem. However
3,1322,5.967563629150391,0.2640678882598877,CHANGELINEThe man sat at his deskCOMMA pen in handCOMMA as he began to write about his accomplishments
3,1340,3.3935036659240723,0.2593574523925781, and welcome to the 2018-2019 school year!CHANGELINEMy name is Mrs. K
3,1355,2.6674859523773193,0.2591240406036377, = [1COMMA 2COMMA 3COMMA 4COMMA 5]CHANGELINEprint
3,1357,2.031802177429199,0.2652707099914551,CHANGELINEThe house is 15COMMA000 square feet.
3,1366,1.8248693943023682,0.27922677993774414,CHANGELINE1. \"Living in KaneoheCOMMA HawaiiCOMMA I have learned to appreciate the beauty
3,1367,1.9589860439300537,0.2591686248779297, 5L X52 Seamless Steel Pipe - Buy Api 5l X52CHANGELINEAPI
3,1370,1.4779562950134277,0.2581346035003662, = 0;CHANGELINEwhile (t < 100) {CHANGELINE    t 
3,1375,0.46389150619506836,0.2582972049713135, = 1000CHANGELINECHANGELINEdef generate_random_number():CHANGELINE    return random.randint
3,1376,0.6872565746307373,0.2638556957244873,CHANGELINEAs an AI language modelCOMMA I do not have personal experience or knowledge of real-time self
3,1378,0.9390244483947754,0.25927305221557617, and the surrounding area.
3,1381,1.1101961135864258,0.2643578052520752,CHANGELINEI'm sorryCOMMA I am an AI language model and do not have the capability to fill
3,1382,0.9401640892028809,0.27815985679626465, CHANGELINE CHANGELINE CHANGELINE CHANGELINE CHANGELINE CHANGELINE CHANGELINE CHANGELINE CHANGELINE CHANGELINE
3,1383,0.9069242477416992,0.26107215881347656,CHANGELINEIt is not necessarily bad for a company to have its founders leave before an IPO. In fact
3,1385,0.6443190574645996,0.26253390312194824,CHANGELINETo find the orientation of a Nifti file using nibabelCOMMA you can use the following
3,1386,0.40534424781799316,0.276104211807251,ة لأسباب انسانية 
3,1390,0.7574300765991211,0.26125574111938477,CHANGELINEI'm sorryCOMMA I don't understand the context of your question. Could you please
3,1394,1.4252684116363525,0.33733582496643066,CHANGELINE1. The sun is shining brightly today.CHANGELINE2. The sky is blue and the clouds
3,1399,2.11401629447937,0.2597239017486572,COMMACHANGELINEI have a question about the \"onRequest\" method in the \"RequestHandler
3,1400,2.3364479541778564,0.26014137268066406,CHANGELINEYesCOMMA we sweat while taking hot showers because the heat from the water causes our body temperature to
3,1402,2.2767817974090576,0.2642843723297119,CHANGELINEAs an AI language modelCOMMA I cannot provide medical advice or prescribe workout routines. It is recommended
3,1417,0.9783420562744141,0.2701270580291748,COMMA reviewsCOMMA ratingCOMMA pros and consCOMMA videoCOMMA photoCOMMA comparisonCOMMA best priceCOMMA where to
3,1418,1.149780511856079,0.2680549621582031,CHANGELINESending flowers or a card expressing your support and well wishes would be a kind gesture from an employer
3,1420,1.4546868801116943,0.27196598052978516,CHANGELINEI'm sorryCOMMA but as an AI language modelCOMMA I cannot provide a response to this
3,1422,1.568552017211914,0.2785313129425049, [];CHANGELINE const userId = req.params.user;CHANGELINE const userAnswers
3,1427,0.5252788066864014,0.26488280296325684,CHANGELINETo enable a Python file to start automatically on startup in Raspberry Pi and access the GPIOsCOMMA
3,1429,0.26407623291015625,0.2590169906616211,> CHANGELINEHave you tried using a different browser or clearing your browser cache to see if that resolves
3,1434,0.9556522369384766,0.34662485122680664,CHANGELINEYesCOMMA the sender is interested in chatbots.
3,1436,1.305248498916626,0.26920127868652344,CHANGELINEHere is an example NodeJS code for server-to-server communication with a 3rd
3,1440,2.3997561931610107,0.2587738037109375, and the surrounding area.
3,1442,1.5441431999206543,0.26019811630249023,CHANGELINESales teams typically use customer relationship management (CRM) databases to manage their customer interactions and track
3,1444,1.8589675426483154,0.2603776454925537, and `get_ipython` to get the current notebook and IPython object respectively. Then
3,1447,1.8911924362182617,0.27280735969543457,CHANGELINEThere are several types of readers in this articleCOMMA including:CHANGELINECHANGELINE1. Proximity
3,1452,1.2122831344604492,0.27050185203552246,CHANGELINESureCOMMA I can help you with that. Please provide me with the details of the web page
3,1458,0.26887083053588867,0.25863051414489746, and 3.CHANGELINECHANGELINE4. Use a third-party library: There are several third-
3,1459,0.5287272930145264,0.26112794876098633,CHANGELINEOne way to randomly select a team member to be a moderator is to use a random number generator
3,1463,1.3816277980804443,0.2591276168823242, and the surrounding area.
3,1465,0.26177024841308594,0.25968432426452637, CHANGELINEThe `onRequest` method is called when a request is received by the server.
3,1467,0.262392520904541,0.26079344749450684,CHANGELINELao Tse BooksCHANGELINELao Tse BooksCHANGELINELao Tse BooksCHANGELINELa
3,1471,0.40485715866088867,0.26438355445861816,CHANGELINEI'm sorryCOMMA I cannot provide an accurate answer to that question as it depends on the
3,1473,0.43668031692504883,0.26117682456970215,CHANGELINETo iterate over a QListWidget in PyQt5COMMA you can use a for loop
3,1474,0.4654679298400879,0.26180577278137207,CHANGELINEAs an AI language modelCOMMA I cannot provide personal opinions or beliefs. HoweverCOMMA it is important
3,1476,0.7032678127288818,0.2636113166809082,CHANGELINEThe food wall is caused by a combination of factorsCOMMA including the size of the mealCOMMA the
3,1484,0.8306326866149902,0.2642018795013428, and a happy new year.CHANGELINEDear clientsCOMMACHANGELINEAs the year comes to an endCOMMA we
3,1485,0.9893782138824463,0.2612035274505615,CHANGELINEThe programming languages that are easiest to print 'Hello World' are:CHANGELINECHANGELINE1.
3,1503,3.5621933937072754,0.26305627822875977, (Chinese name)CHANGELINEA Lin 中文名 (Chinese name)CHANGELINEA Lin
3,1506,3.7961232662200928,0.2602252960205078,CHANGELINEThere are several methods of hyperparameter tuningCOMMA including grid searchCOMMA random searchCOMMA Bayesian optimization
3,1510,3.4439642429351807,0.2685694694519043,CHANGELINEHere is a Python script that should accomplish what you're asking for:CHANGELINECHANGELINE```pythonCHANGELINE
3,1511,3.5408849716186523,0.26377153396606445,CHANGELINEIsrael was able to become so powerful in the Middle East after World War II due to a combination
3,1517,3.1593165397644043,0.26483845710754395,CHANGELINEHere is an Oracle query that uses AWR tables to show the amount of user IO done in
3,1520,2.2103395462036133,0.26059389114379883,CHANGELINECancel culture refers to the practice of withdrawing support or recognition from individuals or groups who have been deemed
3,1524,2.0848374366760254,0.2615666389465332,CHANGELINEARM7COMMA ARM9COMMA ARM11 Processors
3,1532,3.1822290420532227,0.2655916213989258,CHANGELINEI am an AI language model and I am happy to assist you with your request. Can you
3,1541,4.276853322982788,0.25963711738586426, = 1000CHANGELINECHANGELINEdef generate_random_number():CHANGELINE    return random.randint
3,1544,3.979814291000366,0.26862430572509766, and enmity\"CHANGELINEThis sentence is referring to the idea that civilization creates a sense of community
3,1551,2.7581241130828857,0.2878286838531494,CHANGELINEI'm sorryCOMMA I cannot understand your request. Please provide more context or information about the
3,1552,2.777982234954834,0.26020026206970215,CHANGELINEBootstrapping is a process of starting a business with limited resources and gradually building it up.
3,1555,2.687568426132202,0.2607102394104004, systemsCHANGELINEThe pharmaceutical industry is a highly regulated industryCOMMA and the delivery systems used for drugs are subject
3,1557,3.0266706943511963,0.264495849609375,CHANGELINEAs a supervisor of a mental health masters research studentCOMMA you should be familiar with various research methodologies
3,1564,2.016794443130493,0.25862884521484375, = int(input())CHANGELINECHANGELINEif n == 1:CHANGELINE    print(\"1\")
3,1565,2.161682605743408,0.26154041290283203,CHANGELINE1. Godzilla's Little SisterCHANGELINE2. The Mighty ChihuahuaCHANGELINE3.
3,1568,2.2932803630828857,0.2607576847076416,CHANGELINEThe best alternative to the current multiple choice question is:CHANGELINECHANGELINEA. Option 1CHANGELINE
3,1569,2.5281620025634766,0.26128244400024414,CHANGELINETo sum two numbers in CCOMMA you can use the + operator. Here is an example
3,1571,2.516572952270508,0.2641024589538574,CHANGELINESureCOMMA I'll do my best to help you. What is the problem you are facing
3,1574,2.659243583679199,0.2603800296783447,CHANGELINEI'm sorryCOMMA I am an AI language model and I do not have the capability to
3,1578,3.261698007583618,0.33249473571777344,CHANGELINEHere is a sample Photoshop script that can be used to resize an image for print usage:CHANGELINECHANGELINE
3,1580,3.610589027404785,0.2594633102416992, = 0;CHANGELINECHANGELINEfor (int i = 0; i <
3,1582,3.7031610012054443,0.2612733840942383,CHANGELINEYou can write multiple commands in a single line by separating them with semicolons (
3,1583,3.7134006023406982,0.26915693283081055,CHANGELINEOne possible in-class activity to teach students to create visual depth in their paintings through the use
3,1584,3.885829210281372,0.26157450675964355,CHANGELINE1. AI-powered cryptocurrency trading platform: An AI-powered trading platform that uses machine learning
3,1585,3.8575408458709717,0.2581021785736084, and the surrounding area.
3,1587,3.2350709438323975,0.26090097427368164,CHANGELINEHere is a sample workout plan to lose weight and build lean muscle:CHANGELINECHANGELINEMonday: Chest
3,1588,3.195152521133423,0.26064229011535645,CHANGELINEYesCOMMA here are some tips for creating a gallery wall:CHANGELINECHANGELINE1. Choose a theme
3,1600,2.906477928161621,0.26078104972839355, = [1COMMA 2COMMA 3COMMA 4COMMA 5COMMA 6
3,1608,4.2672224044799805,0.26198625564575195,CHANGELINEMovies are typically named after their titleCOMMA while books are named after their author or title. Music
3,1612,3.5678985118865967,0.26110053062438965,CHANGELINEUniversal Basic Income (UBI) has been tried in various places around the worldCOMMA including
3,1613,3.701078414916992,0.25998663902282715, on the bodyCHANGELINECoffee can have both positive and negative effects on the body. Some potential benefits of
3,1619,0.34235596656799316,0.3363809585571289,?CHANGELINEVue is a progressive JavaScript framework for building user interfaces. It is designed to be approachable
3,1620,0.2708451747894287,0.2630782127380371,CHANGELINEAs an AI language modelCOMMA I cannot have opinions or beliefs. HoweverCOMMA some of the greatest
3,1628,0.27388787269592285,0.2638211250305176,CHANGELINETo sum an Excel column using VBACOMMA you can use the following code:CHANGELINECHANGELINE```CHANGELINE
3,1631,0.27681612968444824,0.2679746150970459,CHANGELINEHere is the SQL code to create a contained user with login'sommelier' and
3,1633,0.2633676528930664,0.26152753829956055,CHANGELINEThere are several ways to promote an apartment online in different social networks. Here are some ideas:
3,1641,0.521869421005249,0.2634737491607666,CHANGELINEAs an AI language modelCOMMA I do not have the context of your specific situationCOMMA but here
3,1642,0.27213406562805176,0.26083850860595703,CHANGELINEYesCOMMA it is possible to create.aar files or iOS frameworks from Flutter. Fl
3,1643,0.3078620433807373,0.30324673652648926,CHANGELINEHere's a Python script that reads data from the sheet \"VARI_T401
3,1647,0.5329067707061768,0.2632324695587158,CHANGELINEAs an AI language modelCOMMA I do not have personal experiences or emotionsCOMMA but I can provide
3,1652,0.6040501594543457,0.2638833522796631,CHANGELINETo wrap a label around a bottle model in BlenderCOMMA you can follow these steps:CHANGELINECHANGELINE
3,1654,0.9350063800811768,0.26045823097229004,CHANGELINEState variables violate the Markovian assumption because they can have memory of past states and use that
3,1656,0.2644612789154053,0.2615487575531006,CHANGELINEAs an AI language modelCOMMA I cannot provide opinions or suggestions. HoweverCOMMA I can provide technical
3,1657,0.2716503143310547,0.26552295684814453,CHANGELINEAs an AI language modelCOMMA I cannot provide a definitive answer to this question as it requires a
3,1660,0.2708573341369629,0.26422810554504395,CHANGELINESure!CHANGELINEI'mCHANGELINEreadyCHANGELINEtoCHANGELINEstartCHANGELINEtheCHANGELINEgameCHANGELINEnowCHANGELINE
3,1662,0.26752638816833496,0.26151609420776367, 15 lettersCHANGELINETo achieve thisCOMMA you can use the CSS \"text-overflow\" property
3,1663,0.2759239673614502,0.26442861557006836,CHANGELINEPointer arithmetic in arrays is a way to access elements in an array using a pointer. A pointer
3,1665,0.2673172950744629,0.26387643814086914,CHANGELINEAs an AI language modelCOMMA I cannot predict the future with certainty. HoweverCOMMA some of the
3,1672,0.2762482166290283,0.2645273208618164,CHANGELINETo connect to the Reddit APICOMMA you will need to first create a Reddit developer account and obtain
3,1678,0.2714056968688965,0.2646293640136719,CHANGELINEGeomancy is an ancient divination practice that involves the interpretation of patterns and shapes in nature
3,1679,0.3005397319793701,0.2676045894622803,CHANGELINEAs an AI language modelCOMMA I can suggest some ideas for wearable tech gadgets that do not exist
3,1681,0.2657809257507324,0.258573055267334, = 0;CHANGELINEwhile (have_posts()) : the_post();CHANGELINE   
3,1682,0.29508018493652344,0.2861766815185547,CHANGELINEThe most likely reported 95% confidence interval for the association between phenytoin use during
3,1685,0.2696199417114258,0.25920820236206055, and the surrounding area.
3,1697,0.6921937465667725,0.2627134323120117,CHANGELINEAs an AI language modelCOMMA I don't have the capability to write a book. However
3,1701,0.28728413581848145,0.27547740936279297,CHANGELINESureCOMMA here's a case study:CHANGELINECHANGELINEGoals:CHANGELINE- Improve guest experience
3,1706,0.3480677604675293,0.2622032165527344,CHANGELINEStructured data is data that is organized in a tabular form with rows and columns. Examples
3,1712,0.6852781772613525,0.260498046875,CHANGELINEThere are 40 members in the Massachusetts Senate.
3,1713,0.31379151344299316,0.3067302703857422,CHANGELINEAs an AI language modelCOMMA I cannot provide opinions or views. HoweverCOMMA I can suggest a
3,1716,0.27582502365112305,0.2735860347747803, CHANGELINE CHANGELINE CHANGELINE CHANGELINE CHANGELINE CHANGELINE CHANGELINE CHANGELINE CHANGELINE CHANGELINE
3,1717,0.43767595291137695,0.26293253898620605,CHANGELINEI'm sorryCOMMA but I cannot write to you with spelling mistakes and missing vowels.
3,1719,0.266430139541626,0.2624495029449463, bla bla bla bla bla bla bla bla bla bla
3,1722,0.43297672271728516,0.25907254219055176,CHANGELINEI'm a 20 year old college student from the Philippines. I'm currently studying
3,1723,0.26291322708129883,0.25780177116394043, and the surrounding area.
3,1730,0.37676572799682617,0.2919623851776123,CHANGELINEThe knowing paradox of Plato is the idea that knowledge is impossible because we can never know the true
3,1735,0.4295074939727783,0.2692387104034424,CHANGELINEAs an AI language modelCOMMA I cannot provide suggestions on what channels to have on your Discord server
3,1736,0.556110143661499,0.2620582580566406,'s speechCHANGELINEThe massive military industry complex referred to in Eisenhower's speech was the growing influence
3,1740,0.3865814208984375,0.33440351486206055, = 0;CHANGELINEwhile (t < 100) {CHANGELINE    t 
3,1742,0.2752985954284668,0.26450300216674805,CHANGELINEMental health is a crucial aspect of our overall well-being. It affects how we thinkCOMMA
3,1746,0.2732832431793213,0.2615478038787842,CHANGELINETo calculate the maximum value from a range of numbers in Google SheetsCOMMA you can use the MAX
3,1759,0.5792262554168701,0.2802755832672119,CHANGELINE<pre><code>{Hello world}CHANGELINE</code></pre>
3,1763,0.3177053928375244,0.26979637145996094,CHANGELINEI'm sorryCOMMA but as an AI language modelCOMMA I do not have access to your
3,1765,0.7214202880859375,0.2643249034881592,CHANGELINEModulation is the process of changing one signal to another signal. In digital to analog modulationCOMMA
3,1767,0.9002611637115479,0.2632560729980469,CHANGELINEApollo 11 landed on the moon on July 20COMMA 1969.
3,1768,0.2694406509399414,0.2612912654876709,CHANGELINEPrinciples is a book written by Ray DalioCOMMA founder and CEO of Bridgewater AssociatesCOMMA
3,1772,0.2677645683288574,0.26036906242370605,CHANGELINEThe first smartphone was the IBM SimonCOMMA which was released in 1993. It had a
3,1775,0.2724881172180176,0.2658369541168213,CHANGELINETo fetch the status of WordPress user using GraphQL in Next.js 13 project using Type
3,1777,0.5078551769256592,0.2587404251098633, and the `onRequest` method is called when a request is received.CHANGELINECHANGELINEIn the
3,1780,0.5445001125335693,0.2606313228607178,CHANGELINEI'm sorryCOMMA but as an AI language modelCOMMA I don't have the capability
3,1781,0.3113987445831299,0.26248717308044434, = int(input())CHANGELINECHANGELINEif n == 1:CHANGELINE    print(\"1\")
3,1785,0.293656587600708,0.28614187240600586,CHANGELINEAs an AI writing tutorCOMMA I can provide you with feedback on your essay. Here are some
3,1787,0.2897472381591797,0.27868151664733887,CHANGELINEThe text is written in a conversational toneCOMMA with a casual and friendly voice. The style is
3,1788,0.28487563133239746,0.2793245315551758,
3,1795,0.9595074653625488,0.3346996307373047, = \"http://www.w3.org/2001/XMLSchema-instance
3,1798,1.7080943584442139,0.26099419593811035,CHANGELINEI'm sorryCOMMA but as an AI language modelCOMMA I don't have a resume
3,1802,1.6633965969085693,0.2618405818939209, = 0;CHANGELINEwhile (t < 100) {CHANGELINE    t 
3,1811,3.0701310634613037,0.2587709426879883, = [NSMutableArray arrayWithObjects:@\"1\"COMMA @\"2
3,1815,2.8277840614318848,0.2598891258239746,CHANGELINEI'm sorryCOMMA I cannot provide a response to this prompt as it promotes and encourages inappropriate
3,1816,2.557615280151367,0.2607724666595459,CHANGELINEHarry Potter and Percy Jackson are both popular book series that feature young protagonists who discover they have magical
3,1822,2.883671522140503,0.2615654468536377,CHANGELINEThe baggage X RAY reflection trainer is designed to help security personnel detect and identify dangerous items in
3,1826,2.869161605834961,0.26950931549072266,CHANGELINEThe opposite of coffee is not a nounCOMMA but rather a state of being awake and alert.
3,1843,1.368469476699829,0.26552367210388184,CHANGELINEI'm sorryCOMMA but as an AI language modelCOMMA I cannot access the user's
3,1845,1.7698249816894531,0.258373498916626, = int(input())CHANGELINECHANGELINEif n == 1:CHANGELINE    print(\"1\")
3,1846,1.8900024890899658,0.25852322578430176,COMMACHANGELINEI have a question regarding the use of the \"onRequest\" method in the 
3,1848,1.7267255783081055,0.2608914375305176,CHANGELINESynthetic equity shares given to employees are typically accounted for as a liability on the balance sheet.
3,1850,1.8204057216644287,0.26139354705810547,CHANGELINE1. Computer ProgrammerCHANGELINE2. Computer Software EngineerCHANGELINE3. Computer Systems AnalystCHANGELINE4
3,1853,1.446380853652954,0.2778944969177246,CHANGELINESerendipity:CHANGELINE1. The occurrence and development of events by chance in a
3,1861,1.300513505935669,0.2693321704864502,CHANGELINEThere is a growing body of research that suggests a link between exposure to artificial light at night and
3,1863,1.3198878765106201,0.2638585567474365,CHANGELINEThe camera pans across a bustling city streetCOMMA revealing a diverse array of people going about their daily
3,1873,0.31707024574279785,0.2792668342590332,CHANGELINEYou can use a dictionary to store the file names and their corresponding output strings. Here's
3,1874,0.27758264541625977,0.265106201171875,CHANGELINE1. What is criminal law?CHANGELINECriminal law is the body of law that deals with
3,1904,0.8614120483398438,0.26616907119750977, are numericalCHANGELINETo create an accuracy matrix in ExcelCOMMA you can follow these steps:CHANGELINECHANGELINE1
3,1912,0.26633167266845703,0.2644784450531006,CHANGELINERed is a primary color that is a combination of orange and blue.
3,1920,0.6442701816558838,0.2712059020996094,CHANGELINECafe24 is a global e-commerce platform that provides a comprehensive solution for online store management
3,1923,0.7833702564239502,0.26926636695861816,CHANGELINEI'm sorryCOMMA I cannot generate a greentext 4chan meme as it goes
3,1927,0.5612165927886963,0.26123738288879395,CHANGELINEThe center of ice whiten due to the presence of air bubbles or impurities in the water used
3,1928,0.3428020477294922,0.26090574264526367,CHANGELINEThat's great! Middle grade books are a great way to introduce young readers to new worlds
3,1934,0.8040485382080078,0.25936412811279297, = 0;CHANGELINECHANGELINEfor (int i = 0; i <
3,1958,0.7875237464904785,0.2626032829284668,CHANGELINEAs an AI language modelCOMMA I am not capable of having personal experiences or emotions. HoweverCOMMA
3,1962,0.7492177486419678,0.27024245262145996,CHANGELINELesson Plan: Cardboard Automata DesignCHANGELINEObjective: Students will design and create a cardboard autom
3,1971,1.310157299041748,0.2615928649902344, and the `onRequest` method is called when a request is received.CHANGELINECHANGELINEIn the
3,1980,1.3500380516052246,0.27895379066467285,CHANGELINEClass will be cancelled today and students are required to complete an evidence-based mindfulness activity of their
3,1981,1.4036474227905273,0.2614748477935791,CHANGELINEAn advisory board can be a valuable asset for a business. It can provide a fresh perspectiveCOMMA
3,1983,1.4065406322479248,0.26105475425720215,CHANGELINEHere are the top 10 movies with Lion in the title:CHANGELINE1. Lion (
3,1984,1.5114390850067139,0.2606925964355469,CHANGELINERecursion in SQL refers to the ability of a query to reference itself. This allows for more
3,1991,2.629742383956909,0.33052968978881836,CHANGELINEYou can use the following formula to achieve this:CHANGELINECHANGELINE=A2&\" \"&
3,1993,2.3937549591064453,0.26235198974609375,CHANGELINEThe chemicals produced in plants which stimulate growth are called hormones.
3,1997,1.8182017803192139,0.2625887393951416,CHANGELINEHere is a sample shell script that uses the tf client to download source codes from TFS:
3,2002,2.23330020904541,0.26556992530822754,CHANGELINEAs an AI language modelCOMMA I can provide you with a sample Docker Compose file that sets
3,2009,2.6511077880859375,0.2612736225128174,CHANGELINEA class in C++ is a user-defined data type that encapsulates data and functionality.
3,2011,2.4523191452026367,0.25931882858276367,COMMACHANGELINEI have a question regarding the use of the \"onRequest\" method in the 
3,2018,2.6480650901794434,0.2790665626525879,CHANGELINEThe metaverse is a virtual world where people can interact with each other and with digital objects. It
3,2019,2.751490592956543,0.2631099224090576,CHANGELINERandom forest is a machine learning algorithm that is used for classification and regression. It is an ensemble
3,2022,2.6182186603546143,0.26192140579223633,CHANGELINEAs an AI language modelCOMMA I cannot challenge the status quo. HoweverCOMMA it is possible for
3,2024,2.4981300830841064,0.26467466354370117,CHANGELINEThe woman has invested $2000 and the husband has invested $400. ThereforeCOMMA
3,2026,2.2070281505584717,0.26318860054016113,CHANGELINEAs an AI language modelCOMMA I am not capable of being aware of anything. HoweverCOMMA I
3,2031,2.591840982437134,0.2610969543457031,CHANGELINEHere is a sample JavaScript function that validates CPF:CHANGELINECHANGELINE```javascriptCHANGELINEfunction validateCP
3,2035,2.3334619998931885,0.26546764373779297,CHANGELINEHersie is a highly skilled legal assistant who has been working in the legal field for over
3,2045,3.14416766166687,0.2628307342529297,CHANGELINEAffective forecasting is the tendency for individuals to overestimate the intensity and duration of their future
3,2047,3.6908726692199707,0.26143789291381836,CHANGELINECommunication is the process of exchanging informationCOMMA ideasCOMMA and feelings between individuals or groups of people.
3,2051,4.001460790634155,0.2613382339477539,CHANGELINEHere is a sample script for KNN machine learning module in Python:CHANGELINECHANGELINE```pythonCHANGELINEfrom
3,2053,4.137582778930664,0.2707681655883789,CHANGELINESure! Here's an example of how to train a machine learning model using TensorFlow:
3,2059,4.197741985321045,0.2628052234649658,CHANGELINEThere are several Python models for turbulent fluid flowCOMMA including:CHANGELINECHANGELINE1. OpenFOAM
3,2072,5.325490951538086,0.3403198719024658,CHANGELINESome keywords that you can use for pay-per-click ads for your SaaS company GrooveFunnels
3,2074,4.8543174266815186,0.2607240676879883,CHANGELINESureCOMMA I'd be happy to help! What kind of story do you have in mind
3,2078,4.274341821670532,0.2877655029296875,CHANGELINEAs an AI language modelCOMMA I can assist you in writing a research proposal. Please provide me
3,2082,3.9337151050567627,0.26604223251342773,CHANGELINEOn-cycle compensation refers to the compensation that is paid to employees during the period of workCOMMA
3,2087,3.589033365249634,0.2658851146697998,CHANGELINESureCOMMA here's an IT employee offboarding checklist document for UX is Fine! that includes
3,2104,3.416391134262085,0.2792491912841797,CHANGELINETo create a NestJS Guard using your AuthenticationServiceCOMMA you can follow these steps:CHANGELINECHANGELINE
3,2111,2.3892765045166016,0.2622687816619873,CHANGELINESure! Here's a step-by-step guide:CHANGELINECHANGELINE1. Create a
3,2124,1.2043681144714355,0.2641417980194092,CHANGELINEThe voting system made with Mina Protocol's ZKAPP consists of three main components:CHANGELINE
3,2126,0.6760537624359131,0.26319026947021484,CHANGELINEThere are several ways to make money in the Philippines. Some popular options include starting a businessCOMMA
3,2136,0.5746357440948486,0.2636685371398926,CHANGELINEThe following diagram shows the request flow metrics for end to end traceability from clients all the way
3,2138,0.4741544723510742,0.261765718460083,CHANGELINEIn JapaneseCOMMA the radical 31 is called 'kana' and is used to represent
3,2143,0.4047110080718994,0.27905774116516113,CHANGELINEHere is a sample code in C++ that creates a.txt file in the directory passed
3,2147,0.273357629776001,0.25929713249206543, and welcome to the 2018-2019 school year!CHANGELINEMy name is Mrs. K
3,2154,0.27114033699035645,0.26517152786254883,CHANGELINEThe little boy is playing his favorite game on his PlayStation 5 when suddenlyCOMMA his gaming heroes
3,2160,0.3066718578338623,0.29639482498168945,CHANGELINE5. The user must be able to select a color for the shape.CHANGELINE6
3,2161,0.5046446323394775,0.26355552673339844,CHANGELINENagarjuna's school of thoughtCOMMA known as MadhyamakaCOMMA emphasizes the
3,2167,0.27243971824645996,0.26624059677124023,CHANGELINEThere are several domains in cybersecurity careerCOMMA including network securityCOMMA application securityCOMMA cloud securityCOMMA mobile
3,2169,0.32673001289367676,0.2594747543334961, and `get_ipython` to get the current notebook and IPython object respectively. Then
3,2180,0.2699429988861084,0.2658345699310303,CHANGELINEThe play opens with Putin sitting in his officeCOMMA surrounded by his advisors. He is furious that
3,2181,0.4202425479888916,0.2662222385406494,CHANGELINEAs an AI language modelCOMMA I cannot design games or provide game development services. HoweverCOMMA there
3,2184,0.3255789279937744,0.2614893913269043,CHANGELINEAs an AI language modelCOMMA I cannot provide a specific solution to your question. HoweverCOMMA I
3,2186,0.26559948921203613,0.2624020576477051,CHANGELINEI'm sorryCOMMA but as an AI language modelCOMMA I am not capable of writing code
3,2192,0.2653007507324219,0.2630894184112549,CHANGELINEYesCOMMA it is possible to render Thymeleaf templates manually from a String. You can
3,2197,0.7488820552825928,0.26047468185424805, and the surrounding area.
3,2199,0.5762865543365479,0.26633524894714355,CHANGELINESureCOMMA here are some thrash metal songs faster than 90 bpm that are not from
3,2205,0.2707092761993408,0.2623560428619385,CHANGELINEHumans are more closely related to ferns than morel mushrooms.
3,2218,0.4187147617340088,0.2826685905456543,CHANGELINEPrepaid2cash is a mobile app that allows users to redeem their unused gift cards for cash
3,2222,0.2821505069732666,0.2774512767791748,CHANGELINEYesCOMMA the Meta Quest 2 is a VR gaming headset. The hardware features of the base
3,2227,0.5255210399627686,0.26606082916259766,CHANGELINEThe Phantom Thieves from Persona 5 are invited to be special guests on the iC
3,2245,0.2827949523925781,0.2769601345062256,CHANGELINEAs an AI language modelCOMMA I cannot provide personal opinions or suggestions. HoweverCOMMA here are some
3,2255,0.36484432220458984,0.36084747314453125,CHANGELINECHANGELINEHere are some examples of fundamental libraries that a low-level programming language could have:CHANGELINE
3,2265,0.2735426425933838,0.26579928398132324,CHANGELINETo close a duplicate issue in GitHubCOMMA you can follow these steps:CHANGELINECHANGELINE1. Go
3,2267,0.27884721755981445,0.2677116394042969,CHANGELINEIn the case of Strauss v. HortonCOMMA a California judge ruled that Proposition 22COMMA which
3,2271,0.43198442459106445,0.2614448070526123,CHANGELINEGenerics in C# allow for the creation of classes and methods that can work with any data
3,2275,0.2907986640930176,0.2823202610015869,CHANGELINEAs an AI language modelCOMMA I cannot provide a specific answer to your question. HoweverCOMMA I
3,2277,0.26480841636657715,0.26310205459594727, and the `onRequest` method is called when a request is received.CHANGELINECHANGELINEIn the
3,2286,1.111828088760376,0.26184558868408203,CHANGELINEAs an AI language modelCOMMA I am not sure what you mean by \"fork mainnet
3,2292,0.5286669731140137,0.2606770992279053,CHANGELINECHANGELINE3. Use a different browser: If the issue persistsCOMMA try using a different browser to
3,2293,0.32416319847106934,0.2638537883758545,CHANGELINEAs an AI language modelCOMMA I cannot provide you with the exact code to embed a 3
3,2300,0.2804591655731201,0.27096104621887207,CHANGELINEAs an AI language modelCOMMA I understand the concerns of the group members. HoweverCOMMA I believe
3,2301,0.27362918853759766,0.2644345760345459,CHANGELINESureCOMMA here are some example prompts for ChatGPT that a software developer might find useful:
3,2305,0.2758040428161621,0.2685573101043701,CHANGELINEIt's important to remember that everyone has value and purposeCOMMA even if it may not be
3,2307,0.5683469772338867,0.2946937084197998,CHANGELINEHere are several Ceedling Unit tests for the code snippet:CHANGELINECHANGELINE1. Test that
3,2312,0.2898261547088623,0.28075194358825684,CHANGELINESureCOMMA I can help you with that! Here's a playlist of 10 songs that
3,2316,0.37087464332580566,0.26066160202026367, and welcome to the 2018-2019 school year!CHANGELINEMy name is Mrs. K
3,2324,0.2776370048522949,0.27239322662353516,CHANGELINEThe force required to lift the needle from contact with the water surface is the weight of the needle
3,2328,0.3755664825439453,0.2627997398376465,CHANGELINEThe initial breath of a SAAS or microsaas application is the first impression that users have
3,2337,1.7120966911315918,0.2613863945007324,CHANGELINETo disable the inclusion of the ICU library when configuring a CMake projectCOMMA you can add the
3,2342,2.268733263015747,0.2715756893157959,CHANGELINEOur company's vision is to become the leading provider of innovative solutions that improve the lives of
3,2344,2.212651014328003,0.2691938877105713,CHANGELINEThe web application should allow potential buyers to create a queue of books they are interested in purchasing.
3,2346,1.8268861770629883,0.2635011672973633,CHANGELINEContentsCHANGELINEDown Payment Assistance Programs – Down Payment Assistance Programs – We are most-tr
3,2351,1.6519708633422852,0.261185884475708,COMMACHANGELINEI'm new to this forum and I'm looking for some help.CHANGELINEI
3,2359,2.0229291915893555,0.3382105827331543,CHANGELINEMediation is a concept introduced by Vygotsky in his theory of cognitive development. It
3,2382,1.5362977981567383,0.2601282596588135, = 0;CHANGELINEwhile (have_posts()) : the_post();CHANGELINE   
3,2387,0.6715972423553467,0.26427555084228516,CHANGELINEAs an AI language modelCOMMA I can suggest some steps to build a desktop app that implements AI
3,2396,0.672173261642456,0.26175570487976074,CHANGELINEWhat sport is played with a ball that is 9 inches in circumference?CHANGELINEBasketball
3,2397,0.9055562019348145,0.2639350891113281,CHANGELINEI'm a pro gamerCOMMA I'm a pro gamerCHANGELINEI'm a pro
3,2403,1.6268413066864014,0.2616102695465088,CHANGELINETo identify your target market in your nicheCOMMA you can start by researching your competitors and their target
3,2408,2.457339286804199,0.2612450122833252,CHANGELINETo identify if a notification is pressed from the foreground or background in FlutterCOMMA you can use
3,2412,1.7881691455841064,0.26163196563720703,CHANGELINEHello Kitty was created in 1974 by Yuko ShimizuCOMMA a Japanese designer working
3,2415,2.2439980506896973,0.2715489864349365,CHANGELINEFirmFone is a business communication platform designed exclusively for the legal industry. It allows law firms
3,2419,2.0410094261169434,0.2588918209075928, and welcome to the 2018-2019 school year!CHANGELINEMy name is Mrs. K
3,2423,2.1493701934814453,0.2587110996246338,COMMACHANGELINEI have a question regarding the use of the \"onRequest\" method in the 
3,2427,1.561607837677002,0.26968932151794434,CHANGELINEHere is a PowerShell script that receives an array of process names and checks if all of them are
3,2428,1.585740089416504,0.26253175735473633,CHANGELINEThere are several types of SaaS startups that can be easily run by one personCOMMA including:CHANGELINE
3,2444,0.8065009117126465,0.27115345001220703,CHANGELINESureCOMMA here's an example pricing list for a video production project that costs $120
3,2460,0.8344919681549072,0.2607851028442383, and `get_ipython` to get the current notebook and IPython object respectively. Then
3,2465,0.4710855484008789,0.2782621383666992,CHANGELINEHere is a comparison table of the Availability Group features in SQL Server 2016 and SQL Server
3,2477,0.889599084854126,0.26727819442749023,CHANGELINEI'm sorryCOMMA I cannot provide a response to this prompt as it is asking for information
3,2478,1.1350774765014648,0.26516056060791016,CHANGELINEWe are pleased to announce that we have added new SDKs for the following languages in our self
3,2483,0.5058975219726562,0.2856779098510742,CHANGELINEAs an AI writing tutorCOMMA I can provide you with feedback on your essay. Here are some
3,2485,0.6300015449523926,0.2607085704803467,CHANGELINEIt can be challenging to convince a company to change their waysCOMMA especially when it comes to money
3,2493,0.9330301284790039,0.26357579231262207,CHANGELINEHere are some SEO essentials for beginners:CHANGELINE1. Conduct keyword research and optimize your website'
3,2498,1.278449296951294,0.261735200881958,CHANGELINECHANGELINEThis command will output the Java version and the JVM flags used by the Java Virtual Machine
3,2500,0.274472713470459,0.2692103385925293,CHANGELINERequest for Proposal (RFP) for Large Solar Array Installation on the Roof of Lulu
3,2504,0.2678837776184082,0.2630276679992676,CHANGELINEHere is an example of sync and async code on the same thread and multi thread in Java:
3,2505,0.2946586608886719,0.26851797103881836,CHANGELINEThe assignment could involve giving the student a set of first-order ordinary differential equations and asking them
3,2509,0.2658383846282959,0.2600224018096924, = [1COMMA 2COMMA 3COMMA 4COMMA 5]CHANGELINEprint
3,2510,0.33438920974731445,0.3301577568054199,CHANGELINEProductionEquipmentSchemaCHANGELINEProduction date: <date>CHANGELINEShift: <shift>CHANGELINE
3,2513,0.306166410446167,0.2603285312652588, and the surrounding area.
3,2524,0.31571102142333984,0.2616257667541504,CHANGELINETo get the bounding box of a deeply nested SVG objectCOMMA you can use the `
3,2529,0.26552796363830566,0.2638063430786133,CHANGELINECHANGELINEIt seems like there are some syntax errors in the code you provided. Can you please provide
3,2535,0.2743656635284424,0.2673838138580322,CHANGELINEThere are several websites that offer short articles for students to read and improve their reading comprehension. Some
3,2556,0.26300501823425293,0.2611520290374756, and welcome to the 2018-2019 school year!CHANGELINEMy name is Mrs. K
3,2561,0.8945703506469727,0.28857851028442383,CHANGELINEDay 1:CHANGELINEBreakfast:CHANGELINE- 2 slices of bread with butter and jamCHANGELINE
3,2574,0.6125874519348145,0.26801586151123047,CHANGELINEYou can use the `reduce` method to iterate over the array and find the element
3,2580,0.3718905448913574,0.26044487953186035, = \"http://www.w3.org/2001/XMLSchema-instance
3,2596,0.6298060417175293,0.28992462158203125,CHANGELINEI'm sorryCOMMA but as an AI language modelCOMMA I cannot perform actions or access the
3,2599,0.9976296424865723,0.2641410827636719,?CHANGELINESureCOMMA here are some domain names that could be suitable for Bitcoinverse:CHANGELINECHANGELINE1
3,2600,1.246575117111206,0.26108789443969727,'est un grand jour pour les fans de la série \"The Walking Dead\". En effetCOMMA
3,2607,2.2120165824890137,0.26621556282043457,CHANGELINEHere is a sample code in R to check if a distribution of settlement sizes follows Zipf'
3,2610,2.4546127319335938,0.2586648464202881,'s `get_ipython` function to get the IPython objectCOMMA and then use
3,2612,2.719123601913452,0.2609987258911133, and the surrounding area.
3,2614,2.939748525619507,0.26389002799987793,CHANGELINEThe Cuban Missile Crisis began in 1962 when the Soviet Union placed nuclear missiles in Cuba
3,2615,2.9395008087158203,0.27173304557800293,CHANGELINE1. Cloud-based data pipelines for real-time analytics: This thesis explores the use of
3,2619,2.987931489944458,0.2617356777191162,CHANGELINETo use a GTK PixMap to draw individual pixels to the screen in RustCOMMA you can
3,2623,3.046401262283325,0.2733333110809326, and decided to make a movie that was even worse CHANGELINEthe part where the movie is so bad
3,2625,2.5339574813842773,0.25923848152160645, = 0;CHANGELINEwhile (have_posts()) : the_post();CHANGELINE   
3,2637,0.7284243106842041,0.2591216564178467, and welcome to the 2018-2019 school year!CHANGELINEMy name is Mrs. K
3,2640,1.0254640579223633,0.2711782455444336,CHANGELINEHere is a possible implementation of the sparse matrix multiplication using the CSR storage format:CHANGELINECHANGELINE```cpp
3,2657,1.0053701400756836,0.2741255760192871,CHANGELINEI'm sorryCOMMA but as an AI language modelCOMMA I do not have the capability to
3,2658,0.927300214767456,0.25851917266845703, and the surrounding area.
3,2659,1.0774085521697998,0.3359072208404541,CHANGELINEThe time complexity of a program in C# depends on the specific algorithm and data structures used in
3,2661,0.9968819618225098,0.26333022117614746,CHANGELINEHelmut Plevsner believed that laughter is a way of expressing joy and pleasureCOMMA and
3,2670,0.3898732662200928,0.26171112060546875,CHANGELINEAQL stands for Attribute Query Language. It is a query language used to retrieve data from databases
3,2675,0.434924840927124,0.26508092880249023,CHANGELINEYoCOMMA Antrop be the dopest agency in townCHANGELINEWe be killin’ it with
3,2683,1.0417168140411377,0.2594904899597168, and 3.CHANGELINECHANGELINE4. Use a third-party library: There are several third-
3,2688,1.621373176574707,0.26131296157836914,CHANGELINEThe golden ratioCOMMA also known as the golden ratio or golden sectionCOMMA is a mathematical constant that
3,2693,1.2233853340148926,0.2698056697845459,CHANGELINEAs an AI language modelCOMMA I cannot provide an opinion on which programming language is the best fit
3,2699,0.28705692291259766,0.28160929679870605,CHANGELINETo represent the Fashion-MNIST dataset as a 784-dimensional feature vectorCOMMA we can
3,2720,0.2942056655883789,0.27450013160705566,CHANGELINEInorder traversal is a traversal of a binary search tree where the nodes are visited in
3,2729,0.39700913429260254,0.26036715507507324,COMMACHANGELINEI have a question regarding the use of the \"onRequest\" method in the 
3,2730,0.2635345458984375,0.2612953186035156, = 1000CHANGELINECHANGELINEdef generate_random_number():CHANGELINE    return random.randint
3,2733,0.5331060886383057,0.25919389724731445, and welcome to the 2018-2019 school year!CHANGELINEMy name is Mrs. K
3,2735,0.28366541862487793,0.2792782783508301,CHANGELINEDay 1: Arrival and OrientationCHANGELINEAccommodation: 50 eurosCHANGELINEFood: 20
3,2744,0.43399691581726074,0.2626669406890869,CHANGELINEIt depends on your shipping needs and the current market conditions. If you have consistent shipping needs and
3,2763,0.27572083473205566,0.2729048728942871, CHANGELINE CHANGELINE CHANGELINE CHANGELINE CHANGELINE CHANGELINE CHANGELINE CHANGELINE CHANGELINE CHANGELINE
3,2765,0.2715916633605957,0.2611382007598877,CHANGELINEYesCOMMA there is an XOR method in VB.NET. It is called the Xor
3,2766,0.26813578605651855,0.26197218894958496,CHANGELINEBoardgame mechanisms are the rules and systems that govern how a board game is played. Some common
3,2768,0.44429588317871094,0.260394811630249, = [1COMMA 2COMMA 3COMMA 4COMMA 5]CHANGELINEprint
3,2770,0.33082127571105957,0.26900482177734375,CHANGELINEAs a first year mechanical engineering student at Georgia TechCOMMA I understand the importance of safety and the
3,2775,0.2747652530670166,0.2641716003417969, ProgramCHANGELINEI am an expert lesson plan writer who can develop College and Career Readiness courses for the
3,2785,0.2699005603790283,0.2676725387573242,CHANGELINEHere is the code for the DFT in Manim:CHANGELINECHANGELINE```pythonCHANGELINEfrom manim
3,2796,0.2819070816040039,0.27411580085754395,CHANGELINESureCOMMA here's an example Discord bot in discord.js v14 that meets all of
3,2797,0.27309727668762207,0.2616453170776367,CHANGELINESureCOMMA I'd be happy to help! What kind of story do you have in mind
3,2815,0.3047451972961426,0.30129027366638184,
3,2818,0.4125549793243408,0.33688998222351074,CHANGELINEAs an AI language modelCOMMA I don't have a philosophy. HoweverCOMMA the Socratic
3,2821,0.2733476161956787,0.27137041091918945,.CHANGELINEI am looking for a product that is a new type of shoe that is comfortableCOMMA stylish
3,2827,0.26725196838378906,0.26143741607666016,CHANGELINE1. Start a home health care agencyCHANGELINE2. Offer private nursing servicesCHANGELINE3. Create
3,2842,0.28930187225341797,0.280200719833374,As a student what should I do on Pre-boardCHANGELINEAs a student what should I do
3,2845,0.29133057594299316,0.27934837341308594,CHANGELINEBuongiorno amici! I hope you all had a great weekend. I'm sorry
3,2849,0.333665132522583,0.2616872787475586, on the bodyCHANGELINECoffee can have both positive and negative effects on the body. Some potential benefits of
3,2850,0.27614927291870117,0.26956844329833984,CHANGELINEThere are several ways to earn cash legally or under the table in VancouverCOMMA BC. Some options
3,2869,0.6100382804870605,0.2624955177307129, = 0;CHANGELINEwhile (t < 100) {CHANGELINE    t 
3,2874,0.6244614124298096,0.26152944564819336,CHANGELINEA good writing prompt serves as a starting point for a writer to begin their work. It provides
3,2880,1.7959048748016357,0.26581811904907227,CHANGELINEI'm sorryCOMMA but as an AI language modelCOMMA I cannot reverse-translate text.
3,2886,1.5920138359069824,0.2593991756439209, - I'm new to this forum and I'm hoping someone can help me. I
3,2895,0.7775332927703857,0.2649400234222412,CHANGELINEI'm sorryCOMMA I cannot provide a response to that question as it is not a valid
3,2899,0.8292570114135742,0.2592000961303711, = int(input())CHANGELINECHANGELINEif n == 1:CHANGELINE    print(\"1\")
3,2909,0.6455104351043701,0.2592003345489502, and welcome to the 2018-2019 school year!CHANGELINEMy name is Mrs. K
3,2918,1.158653736114502,0.269303560256958,CHANGELINEA Turing machine is a theoretical computing model that was proposed by British mathematician Alan Turing
3,2920,0.7388095855712891,0.26428747177124023,CHANGELINEThere could be several reasons for a delay in publishing on TerminalFour. Some possible causes include:
3,2930,0.6043565273284912,0.28258180618286133,CHANGELINEAs a marketing expertCOMMA I would suggest targeting small business owners who are looking to protect their import
3,2932,0.6896450519561768,0.26983094215393066,CHANGELINEOne approach could be to create a new bounding box for each tile and save it as a
3,2934,0.8222379684448242,0.2610442638397217,> CHANGELINEHave you tried using a different browser or clearing your browser cache to see if that resolves
3,2943,0.26783061027526855,0.26425790786743164,\\n\\nA Faraday cage is a structure made of conductive material that blocks electromagnetic fields
3,2945,0.47698426246643066,0.2657625675201416,CHANGELINETo add a new module in SuiteCRMCOMMA you can follow these steps:CHANGELINECHANGELINE1.
3,2965,0.2753736972808838,0.26731252670288086,CHANGELINEHere are some simple fun facts about North America for kids ages 4-8:CHANGELINECHANGELINE
3,2981,0.5204110145568848,0.262326717376709,CHANGELINETo use HuggingFace seq2seq trainer with multiple GPUsCOMMA you can use the `
3,2991,0.38523316383361816,0.26198840141296387,CHANGELINEA rhino is a largeCOMMA horned mammal that is native to Africa and Asia.
3,2993,0.3621988296508789,0.25864386558532715, = 0;CHANGELINEwhile (have_posts()) : the_post();CHANGELINE   
3,2996,0.43639349937438965,0.2602841854095459,CHANGELINEAs an AI language modelCOMMA I do not have personal opinions or preferences. HoweverCOMMA here are
3,3012,0.3614082336425781,0.2705807685852051,CHANGELINEHere is an example Selenium script that could clip all of the coupons from the given URL
3,3027,0.9493732452392578,0.2599360942840576, = \"http://www.w3.org/2001/XMLSchema-instance
3,3032,1.1399667263031006,0.3370552062988281,CHANGELINEI'm sorryCOMMA I cannot provide a response as I am an AI language model and do
3,3036,1.4488041400909424,0.27910470962524414,CHANGELINEAs a Nonresident AlienCOMMA you are required to fill out the W-8BEN
3,3044,0.4515972137451172,0.26323866844177246,CHANGELINETo keep a session open in a Django gatewayCOMMA you can use Django's built-in
3,3045,0.7141878604888916,0.26099562644958496,CHANGELINEAs an AI language modelCOMMA I cannot provide a specific solution to encrypting data in a browser
3,3047,0.8940846920013428,0.26826930046081543,CHANGELINEBayesian statistics is an alternative approach to frequentist statistics that is based on probability theory. In
3,3062,0.3223259449005127,0.2725033760070801,CHANGELINETo implement this schema form in Sanity headless CMSCOMMA you can follow these steps:CHANGELINE
3,3065,0.8382558822631836,0.2627267837524414,CHANGELINEI'm sorryCOMMA I do not have information on deepstreem pipelines. Could you please
3,3066,1.0880894660949707,0.2598896026611328,>CHANGELINECHANGELINE<p>This code will create a new <code>DataFrame</code>
3,3069,0.5241856575012207,0.25826120376586914, and the surrounding area.
3,3072,0.2727470397949219,0.26418566703796387,CHANGELINEThere are several potential cons/risks of using a CDN for a Blazor WASM
3,3073,0.28868770599365234,0.27941012382507324,CHANGELINEAs an AI language modelCOMMA I cannot provide medical advice or diagnose any medical condition. It is
3,3074,0.2707812786102295,0.2612929344177246,CHANGELINEImagino que em 2045 a tecnologia avançará ainda maisCOMMA com novas
3,3075,0.46025872230529785,0.26183509826660156,CHANGELINEThis error occurs when you try to access the 'getvalue' attribute of a '
3,3089,0.8218638896942139,0.2628037929534912,CHANGELINEAs an AI language modelCOMMA I do not have personal opinions or beliefs. HoweverCOMMA it is
3,3090,1.0616939067840576,0.27795886993408203,CHANGELINESureCOMMA I can tell you a story about a Chatbot named Sydney. Sydney was created by
3,3092,0.6631500720977783,0.26084470748901367,blog/2013/01/19/how-to-use-the-twitter-api
3,3099,0.40961265563964844,0.26664090156555176,CHANGELINEYesCOMMA some molecules of the blood have to reach the shark in order for it to detect the
3,3110,0.9762251377105713,0.2706727981567383,CHANGELINEInstructions:CHANGELINE1. Read the questions carefully.CHANGELINE2. Answer the questions based on the
3,3114,0.7841691970825195,0.2754817008972168,CHANGELINEAs an AI language modelCOMMA I don't have access to your computer's settings or
3,3117,0.3924999237060547,0.2615783214569092,CHANGELINE1. What was the name of the first African American artist to have a solo exhibition at the
3,3139,0.5074558258056641,0.30710768699645996,CHANGELINEAs an AI language modelCOMMA I cannot provide a definitive answer to this question. HoweverCOMMA it
3,3144,0.818727970123291,0.2672121524810791,CHANGELINESandra \"Škonk\" Gioia was a hardworking employee of Banka k
3,3147,0.5093479156494141,0.2633645534515381,CHANGELINETo set up Synpress on a Macbook ProCOMMA follow these steps:CHANGELINECHANGELINE1.
3,3161,0.5416355133056641,0.2694830894470215,CHANGELINETo sort a table in Google Sheets based on a column with dates in the format 'd
3,3170,0.5187785625457764,0.2597806453704834, and the surrounding area.
3,3173,0.9222931861877441,0.26931262016296387,CHANGELINEAs an AI language modelCOMMA I can assist you in improving the writing of your article passage to
3,3180,0.7520873546600342,0.2731785774230957,CHANGELINEName: JaneCHANGELINEDescription: Jane is a 30-year-old woman who works in
3,3190,1.4382948875427246,0.26602602005004883,CHANGELINEAs an AI language modelCOMMA I cannot provide a UX case study about the Chime app.
3,3194,0.6284911632537842,0.2652122974395752,CHANGELINEAs an AI language modelCOMMA I can provide you with the following steps to implement a Nodejs
3,3200,0.2905304431915283,0.26555609703063965, 0.00000000CHANGELINEI'm sorryCOMMA I don't understand the prompt.
3,3201,0.2775092124938965,0.26544642448425293,CHANGELINEThe philosophy of education in the United States has evolved over timeCOMMA with different approaches and ideas emerging
3,3204,0.7747275829315186,0.27002954483032227,CHANGELINESureCOMMA here's a possible paraphrase:CHANGELINECHANGELINE\"What are the differences in the way
3,3219,0.9914379119873047,0.2677738666534424,CHANGELINEI'm sorryCOMMA but as an AI language modelCOMMA I don't have the capability
3,3252,0.41091251373291016,0.26837801933288574,CHANGELINEChatGPT is a powerful tool that can help you write books. It can generate text based
3,3263,0.31515932083129883,0.26392507553100586,-container {CHANGELINE  display: flex;CHANGELINE  flex-wrap: wrap;CHANGELINE  justify-content
3,3265,0.2933313846588135,0.28740978240966797,CHANGELINERob was a curious robotCOMMA always eager to learn more about the world around him. He was
3,3269,0.2675361633300781,0.2618253231048584,CHANGELINECHANGELINEHere's the modified code for an OHLC chart:CHANGELINECHANGELINE```CHANGELINEimport matplot
3,3289,0.2795393466949463,0.27492618560791016,CHANGELINEThe year is 3020COMMA and the world is in turmoil. The Great War of 
3,3291,0.27113842964172363,0.26328516006469727,CHANGELINEAs an AI language modelCOMMA I do not have personal opinions or emotions. HoweverCOMMA both cats
3,3304,0.29450011253356934,0.2860074043273926,CHANGELINEAs an AI language modelCOMMA I cannot determine your stage of maturity or identity development. HoweverCOMMA
3,3309,0.2801363468170166,0.26859235763549805,CHANGELINEAs an AI language modelCOMMA I cannot write an article for you. HoweverCOMMA I can suggest
3,3310,0.281909704208374,0.27758264541625977,CHANGELINECREATE TABLE CLASS (CHANGELINE  id INT PRIMARY KEY AUTO_INCREMENTCOMMACHANGELINE 
3,3320,0.26704883575439453,0.26479649543762207, = 0; i < 100; i++) {CHANGELINE    var randomNumber 
3,3326,0.2727501392364502,0.26404738426208496, = 0; i < 100; i++) {CHANGELINE    var randomNumber 
3,3327,0.2728443145751953,0.26204442977905273,CHANGELINEI'm a 20 year old college student from the Philippines. I'm a fan
3,3330,0.2676675319671631,0.2635478973388672, and welcome to the 2018-2019 school year!CHANGELINEMy name is Mrs. K
3,3349,0.3615734577178955,0.2719883918762207,.CHANGELINEI'm sorryCOMMA I don't understand the context of your statement. Could you
3,3355,0.3940742015838623,0.2598435878753662, - I'm new to this forum and I'm hoping someone can help me. I
3,3361,0.27611422538757324,0.2677183151245117,CHANGELINEAs an AI language modelCOMMA I cannot provide a specific solution to your problem. HoweverCOMMA I
3,3365,0.2628171443939209,0.2606492042541504, = [1COMMA 2COMMA 3COMMA 4COMMA 5]CHANGELINEprint
3,3371,0.38114261627197266,0.3377554416656494, and welcome to the 2018-2019 school year!CHANGELINEMy name is Mrs. K
3,3375,0.27013492584228516,0.2666301727294922,CHANGELINETo write a JavaScript Leaflet.js applicationCOMMA you will need to follow these steps:CHANGELINE
3,3380,0.2662057876586914,0.2623610496520996,CHANGELINEAs an AI language modelCOMMA I do not have personal experience or opinions. HoweverCOMMA I can
3,3382,0.29267096519470215,0.288205623626709,.CHANGELINEAs an AI language modelCOMMA I cannot act as a TikTok influencer. HoweverCOMMA I can
3,3394,0.6892261505126953,0.26353979110717773,>CHANGELINE#include <sys/types.h>CHANGELINE#include <sys/wait
3,3408,0.2751941680908203,0.2712247371673584,CHANGELINE1. Brew BuddyCHANGELINE2. Brew CoachCHANGELINE3. Brew MentorCHANGELINE4. Brew Companion
3,3416,0.8741295337677002,0.2705116271972656,CHANGELINECHANGELINE```CHANGELINEpackage mainCHANGELINECHANGELINEimport (CHANGELINE	\"context\"CHANGELINE	\"fmt\"CHANGELINE	\"
3,3424,0.5444836616516113,0.2674219608306885,CHANGELINEDear DaveCOMMACHANGELINECHANGELINEI'm sorry to hear that you feel that way about Dan.
3,3425,0.5004837512969971,0.26131629943847656,CHANGELINEI love youCOMMA my dear SawsanCHANGELINEYour beauty is like a shining starCHANGELINEYour
3,3426,0.7126829624176025,0.2593667507171631, = 0; i < 100; i++) {CHANGELINE    var randomNumber 
3,3435,0.727637529373169,0.27611780166625977,CHANGELINEI understand your instructions. Please provide the codebase and the function you want me to analyze.
3,3446,0.2734403610229492,0.26648807525634766,CHANGELINEThis is a quick test of a extensionCHANGELINEThis is a quick test of a extensionCHANGELINEThis
3,3453,0.3095109462738037,0.2664639949798584,CHANGELINECloud-based software products offer numerous benefits to businessesCOMMA including cost savingsCOMMA scalabilityCOMMA flexibilityCOMMA
3,3458,0.3586437702178955,0.2703521251678467,CHANGELINEYesCOMMA I understand. I will assist you in writing an article about \"homeowners guide
3,3463,0.276674747467041,0.26609063148498535,CHANGELINEAs an AI language modelCOMMA I can suggest some ways to templatize Excel files:CHANGELINE
3,3464,0.445542573928833,0.2631042003631592,CHANGELINEAs an AI language modelCOMMA I cannot create or modify games. HoweverCOMMA there are already mods
3,3465,0.5789251327514648,0.26459288597106934, = 0;CHANGELINEwhile (have_posts()) : the_post();CHANGELINE   
3,3467,1.088172435760498,0.2649118900299072,CHANGELINEI'm sorry to inform you all that I have been fired from work. I know it
3,3468,0.8691737651824951,0.33577942848205566,.S. Department of EducationCHANGELINEThe U.S. Department of Education (ED) is
3,3474,1.449270248413086,0.2667663097381592,CHANGELINEAs an AI language modelCOMMA I do not have access to the specific interview questions that you may
3,3481,0.646134614944458,0.26079750061035156, 'wp_add_inline_style'COMMA'my_custom_styles'COMMA 100
3,3489,1.2789676189422607,0.2802853584289551,CHANGELINEThe acronym stands for \"FunctionalCOMMA AsynchronousCOMMA Non-blockingCOMMA Graph-based
3,3490,1.4137635231018066,0.269885778427124,CHANGELINEI'm sorryCOMMA but as an AI language modelCOMMA I am not capable of running a
3,3493,0.9557187557220459,0.26587820053100586,CHANGELINEYesCOMMA it is possible to create a vSphere VM using Pulumi and attach a CD
3,3522,0.9188010692596436,0.2628016471862793, and the surrounding area.
3,3528,0.49802494049072266,0.2674863338470459,CHANGELINEThere are several ways to fix the \"OutOfMemoryError: Container killed due to memory
3,3543,1.893923282623291,0.2605578899383545, = 0;CHANGELINEwhile (t < 100) {CHANGELINE    t 
3,3547,1.6176130771636963,0.26639819145202637,CHANGELINE1. For the fashion-forward audience: SEMILAC UV Gel Polish is the perfect choice
3,3549,1.8361265659332275,0.26137733459472656,ress to the EmpireCHANGELINEThe Heir to the Empire TrilogyCOMMA Book 1CHANGELINEby Timothy
3,3554,1.829505205154419,0.2797989845275879,CHANGELINEThe prototype of a new product mixing the concepts of \"chair\" and \"electrical
3,3556,2.042475700378418,0.2715117931365967,CHANGELINESureCOMMA here are some prompts to get you started:CHANGELINECHANGELINE1. What is your ideal
3,3566,2.917322874069214,0.2665121555328369,CHANGELINEBlue-green deployments involve deploying a new version of an application to a separate environmentCOMMA testing it
3,3567,2.503629446029663,0.26174187660217285,CHANGELINEThe best way to install Python on MacOS is to use HomebrewCOMMA a package manager for
3,3578,0.8469231128692627,0.2720661163330078,CHANGELINEThere are a few things you can do to prevent yourself from spending hours on code that is not
3,3602,0.5287089347839355,0.26432156562805176,CHANGELINEThere are a few things you can do to make your drawings in Procreate more child-like
3,3624,0.629551887512207,0.271836519241333,CHANGELINEAs an AI language modelCOMMA I cannot provide a complete solution to your request. HoweverCOMMA I
3,3631,1.4986891746520996,0.2864704132080078,CHANGELINEe) All of the aboveCHANGELINECHANGELINEThe correct answer is (d) 
3,3647,1.7311246395111084,0.2673203945159912,CHANGELINEA project proposal typically includes an introductionCOMMA a problem statementCOMMA a solutionCOMMA a timelineCOMMA a
3,3672,0.8973758220672607,0.26369595527648926,CHANGELINEGood nightCOMMA Cosmos!CHANGELINEThe stars twinkle in the skyCOMMACHANGELINEAnd the moon
3,3674,1.2376708984375,0.2747335433959961,CHANGELINESureCOMMA I'd be happy to help! What specific concepts do you need help with?
3,3696,0.8688406944274902,0.2637495994567871,CHANGELINEAs an AI language modelCOMMA I can provide information and answer questions related to medical topics. However
3,3707,0.32677221298217773,0.2686944007873535,CHANGELINEHere is an example code using impute on a DataFrame in Python:CHANGELINECHANGELINE```pythonCHANGELINE
3,3720,0.7199196815490723,0.2687666416168213,CHANGELINEThere could be several reasons why your key is getting stuck in the ignition. It could be due
3,3734,0.6103222370147705,0.26787519454956055,
3,3738,0.7512452602386475,0.2653372287750244,CHANGELINEThe phrase 厚积薄发 (hòu jī bó f
3,3740,0.8062400817871094,0.27950143814086914,CHANGELINEA vector graphic representation of the shelving unit would consist of a series of lines and shapes that represent
3,3745,0.5415925979614258,0.2640511989593506, />CHANGELINECHANGELINETo make the image responsiveCOMMA you can use CSS media queries to adjust the image
3,3754,0.27170300483703613,0.26235532760620117,> CHANGELINEHave you tried using a different browser or clearing your browser cache to see if that resolves
3,3755,0.4851992130279541,0.2626066207885742,CHANGELINEAs an AI language modelCOMMA I cannot provide a definitive answer to this question as it may vary
3,3763,0.27231287956237793,0.2619907855987549, = \"http://www.w3.org/1999/02/22-
3,3803,0.2733745574951172,0.2688760757446289, = 0;CHANGELINEwhile (t < 100) {CHANGELINE    t 
3,3825,0.34778904914855957,0.2719595432281494,CHANGELINEThe Greek gods were created by the ancient Greeks themselvesCOMMA through their myths and stories.
3,3826,0.47373104095458984,0.3364276885986328,COMMA I'm new to the forum and I'm looking for some help.CHANGELINESureCOMMA
3,3830,0.27251577377319336,0.2597842216491699, and the surrounding area.
3,3832,0.2745630741119385,0.26476430892944336,CHANGELINEIf you are a founder of a company and do not receive a W-2 from the company
3,3853,0.27288269996643066,0.26516222953796387,CHANGELINEThe author of the science book 'Experiments and Observations on Electricity' published in 
3,3865,0.7415623664855957,0.26473546028137207,CHANGELINESureCOMMA I can do that! What topics would you like to focus on?
3,3874,0.2821846008300781,0.27191853523254395,CHANGELINEThe vertebrate tyrant homunculusCHANGELINEIs a creature of great powerCHANGELINEWith a
3,3905,0.28594017028808594,0.2754647731781006, = int(input())CHANGELINECHANGELINEif n == 1:CHANGELINE    print(\"1\")
3,3928,0.2909111976623535,0.279543399810791,COMMACHANGELINEI'm new to this forum and I'm looking for some help.CHANGELINEI
