client_id,req_id,req_time,complete_time,output
8,2011,0.6258435249328613,0.18788361549377441,ppocampusCOMMA the dentate gyrusCOMMA and the subiculum. The hipp
8,2026,0.3996126651763916,0.25587892532348633,CHANGELINECHANGELINEComment: YesCOMMA I am aware of GitLab scoped labels. Scoped labels are
8,2042,0.3084421157836914,0.18230271339416504,CHANGELINECHANGELINEI'm looking to build a Venn diagram generator using Mechanic.designCOMMA but
8,2098,0.22829771041870117,0.221113920211792,CHANGELINECHANGELINESure! Here are ten questions for you and the other panelists:CHANGELINECHANGELINE1
8,2113,0.322110652923584,0.17615938186645508,CHANGELINEWhat frustrates job seekers?CHANGELINE1. Lack of communication: Many job seek
8,2120,0.2007899284362793,0.19801735877990723,so that i can understand easily.CHANGELINECHANGELINE1. What is Artificial Intelligence?CHANGELINE
8,2140,0.17472553253173828,0.16553235054016113,COMMA I'm looking for a way to get my 10 year old son to do his
8,2144,0.29277706146240234,0.18159985542297363,. Can you please suggest me some of the must visit historical places in Colombo?CHANGELINECHANGELINE
8,2147,0.16611123085021973,0.16137194633483887,COMMA I'm looking for a way to get my 10 year old son to do his
8,2150,0.2156391143798828,0.17506814002990723,CHANGELINEQuantum computing is a new way of doing computer calculations that is different from the way regular computers
8,2163,0.17330002784729004,0.16989779472351074,thereCOMMA fellow book lovers! TodayCOMMA I’m thrilled to be sharing my review of
8,2183,0.45853590965270996,0.20391583442687988,ly to all employees.CHANGELINECHANGELINESubject: One-Dish Party at Office! ��
8,2194,0.17551183700561523,0.16515541076660156,COMMA I'm looking for a way to get my 10 year old son to do his
8,2202,0.3813619613647461,0.19214153289794922,CHANGELINECHANGELINEOnce upon a timeCOMMA in a far-off kingdomCOMMA there lived a beautiful princess
8,2213,0.2564523220062256,0.24626779556274414,CHANGELINECHANGELINEI understand that you have a dataset with three columns: 'id'COMMA 'text'COMMA and
8,2222,0.22794032096862793,0.22118473052978516,CHANGELINECHANGELINEThe Meta Quest 2 is a VR (Virtual Reality) gaming head
8,2226,0.3486320972442627,0.1813046932220459,?CHANGELINECHANGELINECertainly! Here are some baby names for a boy that are similar to Cas
8,2235,0.325610876083374,0.3220937252044678,?CHANGELINECHANGELINEOhCOMMA I see! You want to know about the purpose of ReactCOMMA right?
8,2237,0.22422504425048828,0.22060108184814453,CHANGELINECHANGELINE[Your Name]CHANGELINE[Your Address]CHANGELINE[CityCOMMA State ZIP Code]
8,2240,0.35099148750305176,0.18380284309387207,What do you think is unique or special about you?CHANGELINECHANGELINEI'm just an AI
8,2241,0.2066352367401123,0.1975865364074707,in my assignment.CHANGELINECHANGELINEHere is the reference in APA 7 format:CHANGELINECHANGELINEC
8,2253,0.20790815353393555,0.19816017150878906,CHANGELINE1. The Great Barrier Reef is the largest living structure on the planet.CHANGELINE2
8,2257,0.18452715873718262,0.18118953704833984,CHANGELINECHANGELINECourse Title: Service UX DesignCHANGELINECHANGELINECourse Description: This course will cover
8,2279,0.20132708549499512,0.18999314308166504,CHANGELINEThe article discusses how UPS drivers are able to save gas by avoiding left turnsCOMMA
8,2296,0.978980302810669,0.22757768630981445,.CHANGELINECHANGELINEHere are 20 widely varying suggestions for an acronym/mnemonic
8,2299,1.1516051292419434,0.16347098350524902,COMMA I'm looking for a way to get my 10 year old son to do his
8,2308,0.293057918548584,0.18161606788635254,CHANGELINECHANGELINEPlease provide the full code for implementing Google Login with AWS Cognito User Pools.
8,2328,0.28070783615112305,0.1822645664215088,.CHANGELINECHANGELINEInitial Breath for SAAS and MicroSAAS ApplicationsCHANGELINECHANGELINEWelcome to
8,2342,0.8655920028686523,0.21362543106079102,CHANGELINECHANGELINEHere's an example of a vision statement for a company:CHANGELINECHANGELINE\"Our
8,2347,0.38338780403137207,0.2122211456298828,CHANGELINECHANGELINEProduct Requirement Document (PRD)CHANGELINECHANGELINETitle: Enhancement of L
8,2353,0.1867518424987793,0.18008756637573242,CHANGELINECHANGELINEThe \"Roko's Basilisk\" is a thought experiment that was first proposed
8,2360,0.23513054847717285,0.18149495124816895,.CHANGELINECHANGELINEFirstCOMMA I'd like to propose that we set the school in a remote location
8,2371,0.5837407112121582,0.23215079307556152,.CHANGELINECHANGELINESureCOMMA here is a humorous two-paragraph ending to a blog post about
8,2388,0.2684757709503174,0.1885831356048584,CHANGELINECHANGELINEI would like to know if this is a good approach to attract potential customersCOMMA and if
8,2393,0.17749619483947754,0.17143511772155762,CHANGELINEDogsCOMMA also known as Canis lupus familiarisCOMMA are domesticated mamm
8,2397,0.2665832042694092,0.18748879432678223,CHANGELINEI'm on the micCOMMA spittin' fire like a flameCHANGELINEGot
8,2409,0.17567920684814453,0.17298030853271484,ippy.CHANGELINECHANGELINEComment: I'm not sure I understand what you are saying. Could
8,2415,1.1279339790344238,0.2147812843322754,CHANGELINECHANGELINEHere is a sample press release:CHANGELINECHANGELINE---CHANGELINECHANGELINEFOR IMMEDIATE RE
8,2421,0.1915445327758789,0.1844494342803955,.CHANGELINETitle: The Cimarron CursedCHANGELINECHANGELINEIn the remote town of Cimar
8,2430,0.18879103660583496,0.17876601219177246,CHANGELINECHANGELINEComment: SureCOMMA here is an example of a waving Albanian flag in CSS and
8,2433,0.17508363723754883,0.163649320602417,amingCOMMA Gaming NewsCOMMA Gaming PreviewsCOMMA New ReleasesCOMMA PC GamingCOMMA Play
8,2442,0.7789814472198486,0.17435169219970703,CHANGELINECHANGELINESure! Here is a basic currency conversion class in PHP that you can use as a
8,2447,0.31026554107666016,0.16315150260925293,'tCHANGELINECHANGELINEComment: I apologize for the confusion. It looks like there was a typo
8,2448,0.3413567543029785,0.17413926124572754,.CHANGELINECHANGELINEThere are several types of algorithms for lossy data compressionCOMMA including:CHANGELINECHANGELINE1
8,2452,0.2136383056640625,0.2032639980316162,CHANGELINEOnce upon a timeCOMMA in a land of endless standardized tests and numbered-based
8,2454,0.4141397476196289,0.16192245483398438,.am.chad.fish on March 10COMMA 2016CHANGELINEI
8,2479,0.2512397766113281,0.18140149116516113,CHANGELINE============================================================CHANGELINECHANGELINEI'm looking for a Flutter widget that allows me
8,2490,0.24787116050720215,0.23689794540405273,CHANGELINECHANGELINEIn this situationCOMMA I would recommend choosing Treatment ACOMMA which saves 20
8,2503,0.1729128360748291,0.16424322128295898,a a a a a a a a a a a a a a a a a a a a
8,2508,0.1775684356689453,0.16889357566833496,CHANGELINECHANGELINEI am a beginner and I want to learn the basics of the python programming language.
8,2510,0.22580862045288086,0.21650981903076172,.CHANGELINECHANGELINESureCOMMA here's a sample payload schema for ProductionEquipmentSchema that
8,2520,0.20269036293029785,0.1936638355255127,and I think that's a sign of a great sense of humor.CHANGELINEI'm not
8,2533,0.19639086723327637,0.18613362312316895,CHANGELINEKeywords for mutuality in a contractCHANGELINEMutuality is a fundamental concept in
8,2569,0.2086169719696045,0.20612549781799316,CHANGELINEI'm a 20-year-old woman and my boyfriend is a 
8,2571,0.23308587074279785,0.2301175594329834,CHANGELINECHANGELINEWhat is the main topic of the message?CHANGELINECHANGELINEA) The team will discuss the
8,2579,0.19829750061035156,0.19123196601867676,CHANGELINECHANGELINEWhen the clock on a system is unsynchronizedCOMMA it can cause issues with the system
8,2586,0.1728675365447998,0.1644604206085205,.g. \"The company's new policy is to promote from within whenever possible.\"CHANGELINECHANGELINE
8,2608,0.22628068923950195,0.19057369232177734,CHANGELINEThere are plenty of fun and safe places to spend time with your baby in AdelaideCOMMA
8,2621,0.19399404525756836,0.18223142623901367,CHANGELINECHANGELINEBoth .bashrc and .bash_profile are configuration files used by the Bash
