client_id,req_id,req_time,complete_time,output
4,537,0.36395740509033203,0.35514092445373535,CHANGELINEI'm sorryCOMMA I am an AI language model and I do not have the capability to
4,538,0.28629112243652344,0.26784396171569824,?CHANGELINEI'm sorryCOMMA I cannot provide a response to this prompt as it is inappropriate and
4,539,0.2779881954193115,0.2698955535888672,CHANGELINE1. The collaboration between physicists and engineers has led to the development of new technologies that have
4,542,0.6330966949462891,0.27100324630737305,CHANGELINEAs an AI language modelCOMMA I cannot write code in PHP. HoweverCOMMA I can provide you
4,543,0.8055427074432373,0.26183104515075684,CHANGELINEI'm sorryCOMMA I am an AI language model and I do not have access to real
4,544,0.2748103141784668,0.2630641460418701,CHANGELINEHere's some sample code that creates 3D cubes with random sizesCOMMA colorsCOMMA and
4,546,0.42199277877807617,0.2597479820251465, = int(input())CHANGELINECHANGELINEif n == 1:CHANGELINE    print(\"1\")
4,548,0.2660224437713623,0.2603147029876709,CHANGELINETo support Azure Active Directory SSO tokens in Apache AirflowCOMMA you can follow these steps:
4,549,0.26629090309143066,0.26094579696655273, and welcome to the 2018-2019 school year!CHANGELINEMy name is Mrs. K
4,557,0.27042555809020996,0.2665059566497803,CHANGELINETo create a beautiful login page with tkinterCOMMA you can use the following steps:CHANGELINE
4,565,0.26753926277160645,0.26322436332702637,CHANGELINENortheastern University has a strong finance program due to several factors. FirstlyCOMMA the university has
4,567,0.27039337158203125,0.25975823402404785, on the bodyCHANGELINECoffee can have both positive and negative effects on the body. Some potential benefits of
4,575,0.26932668685913086,0.2615625858306885,CHANGELINEstudi di danteCHANGELINEStudi di Dante is a collection of essays on Dante Aligh
4,576,0.2710084915161133,0.26064372062683105, = \"http://www.w3.org/2001/XMLSchema-instance
4,578,0.2814807891845703,0.27033114433288574,CHANGELINEIntegrating a CRM system for an online poker and casino platform can have several benefits. FirstlyCOMMA
4,581,0.3685324192047119,0.271923303604126,CHANGELINEIt is important to note that our clientCOMMA cardinal-partners.comCOMMA has to compete
4,583,0.3787355422973633,0.26207685470581055, = 0;CHANGELINEwhile (t < 100) {CHANGELINE    t 
4,586,0.26757168769836426,0.26172804832458496,CHANGELINEThe task is to create a script that will display the current date and time in the format of
4,589,0.3007338047027588,0.2638978958129883,CHANGELINESureCOMMA here's a 13-week course outline for a data science course:CHANGELINE
4,597,0.2636401653289795,0.25911617279052734,COMMACHANGELINEI have a question regarding the use of the \"onRequest\" method in the 
4,598,0.48653244972229004,0.25878381729125977, = int(input())CHANGELINECHANGELINEif n == 1:CHANGELINE    print(\"1\")
4,600,0.8376882076263428,0.25749635696411133, and the surrounding area.
4,604,1.3396470546722412,0.2599344253540039,> CHANGELINEHave you tried using a different browser or clearing your browser cache to see if that resolves
4,607,1.6651813983917236,0.26093053817749023,CHANGELINEAs an AI language modelCOMMA I do not have personal opinions or beliefs. HoweverCOMMA it is
4,616,0.2706000804901123,0.26625657081604004,CHANGELINETo capture an image in SwiftUICOMMA you can use the `UIImagePickerController`
4,620,0.28570079803466797,0.2785604000091553,CHANGELINEIt's understandable that you may not be emotionally ready to talk about your ex-partner yet
4,621,0.4236717224121094,0.2691037654876709,CHANGELINEAs an AI language modelCOMMA I can assist you in writing an article about \"building inspector
4,627,0.2837951183319092,0.2734673023223877,CHANGELINETo code an application for a website that can aggregate multiple social media chats into one webpageCOMMA you
4,635,0.2694120407104492,0.26592111587524414,CHANGELINETo configure Postfix relay for multiple domainsCOMMA you will need to follow these steps:CHANGELINECHANGELINE
4,636,0.26362037658691406,0.2620415687561035,CHANGELINEI'm sorryCOMMA I cannot provide an answer as the URL you provided is not valid.
4,640,0.27203798294067383,0.2604038715362549,CHANGELINEQuantum computing is a type of computing that uses quantum-mechanical phenomenaCOMMA such as super
4,645,0.704587459564209,0.26879382133483887,CHANGELINEHere is a sample Python script using Selenium to open the given website:CHANGELINECHANGELINE```python
4,646,0.28018712997436523,0.27031970024108887,.CHANGELINEI'm sorryCOMMA I am an AI language model and I do not have enough context
4,649,0.26418018341064453,0.2595663070678711, and the surrounding area.
4,652,0.26602935791015625,0.2605550289154053,CHANGELINETo become a distributed systems engineerCOMMA you will typically need a degree in computer science or a related
4,658,0.29099035263061523,0.287125825881958,CHANGELINETo show a custom name instead of the client id when creating and editing files in SharePoint via an
4,659,0.28096556663513184,0.266099214553833,CHANGELINEThe process of going through the back and forth of office actions over a patent and the patent being
4,660,0.29708003997802734,0.26108646392822266,CHANGELINEThere are several protocols for derivatizing penicillamine for chiral chromatography. One common
4,661,0.26684999465942383,0.2603025436401367,CHANGELINECyber criminals are individuals or groups who use technology to commit illegal activities such as hackingCOMMA identity theft
4,662,0.2693490982055664,0.26245641708374023, and the surrounding area.
4,671,0.4320404529571533,0.27085280418395996,CHANGELINEThere could be several reasons for an ArgumentCountError being thrown when trying to access a new page
4,672,0.27250003814697266,0.2679598331451416,CHANGELINEEE Buck is a hardware-in-the-loop (HIL) simulation system that
4,678,0.6707620620727539,0.2621457576751709,CHANGELINEThe real estate market in the Czech Republic is currently experiencing a boom. The demand for housing is
4,679,0.27927446365356445,0.267240047454834,CHANGELINETo predict stock values using LSTMCOMMA you can use the Keras library in Python.
4,681,0.28638625144958496,0.27812838554382324,CHANGELINEAs an AI language modelCOMMA I cannot provide medical advice or information. It is important to consult
4,689,0.27431321144104004,0.27175283432006836,CHANGELINEHere is a sample SQL query that should give you the data you need:CHANGELINECHANGELINE```CHANGELINESELECT
4,692,0.3272836208343506,0.2609744071960449,CHANGELINEInsane means lacking in reason or logicCOMMA while inane means lacking in meaning or purpose.
4,708,0.28474998474121094,0.2599186897277832, and the surrounding area.
4,711,0.348158597946167,0.3421039581298828,CHANGELINEDiplomacy is the art and practice of conducting negotiations between representatives of different states or organizations.
4,720,0.27831411361694336,0.268829345703125,CHANGELINEYou can use the `soundcloud` library in Python to play the sound. Here'
4,722,0.3444356918334961,0.33359766006469727,?CHANGELINEI'm sorryCOMMA but as an AI language modelCOMMA I don't have the
4,725,0.26900696754455566,0.2651073932647705,CHANGELINEOmega-3 fatty acids are a type of polyunsaturated fat that are essential for human health
4,731,0.27594614028930664,0.26627421379089355,?CHANGELINEAs a language model AICOMMA I cannot provide a specific chess opening recommendation. HoweverCOMMA some
4,737,0.275745153427124,0.26634907722473145,CHANGELINEAs an AI language modelCOMMA I cannot access external links or websites. HoweverCOMMA I can assist
4,738,0.268143892288208,0.25987744331359863, = 0; i < 100; i++) {CHANGELINE    var randomNumber 
4,740,0.27286434173583984,0.2674264907836914,CHANGELINEThe sun was shining brightly as the child walked down the sandy beach. The waves crashed against the
4,742,0.2930324077606201,0.28017401695251465,CHANGELINEAs an AI language modelCOMMA I cannot provide a specific website or tool for your team building event
4,749,0.2652912139892578,0.2610797882080078,CHANGELINETo make an HTTP request in JavaScriptCOMMA you can use the XMLHttpRequest object. Here'
4,753,0.2953205108642578,0.28526782989501953,CHANGELINEI'm sorryCOMMA but as an AI language modelCOMMA I am not capable of providing specific
4,760,0.26862335205078125,0.2661604881286621,CHANGELINEAs an AI language modelCOMMA I cannot provide an opinion on which character is better for ranked mode
4,770,0.28964853286743164,0.27974748611450195,CHANGELINEHere is a possible code for an ImageJ plugin that can measure the longest and shortest diameters
4,772,0.2697737216949463,0.26044726371765137,CHANGELINEThe Divine Comedy is a three-part epic poem written by Dante Alighieri in the early
4,776,0.31406354904174805,0.26760077476501465,CHANGELINETaking a gap year before law school can be a great option for many students. It allows them
4,779,0.47423815727233887,0.2624979019165039,CHANGELINEThe Command Pattern is a design pattern that allows you to encapsulate a request as an objectCOMMA
4,781,0.2684338092803955,0.25884342193603516, = \"test\"CHANGELINECHANGELINEdef test_function():CHANGELINE    print(TEST)CHANGELINECHANGELINE
4,783,0.5957639217376709,0.25928378105163574,> CHANGELINEHave you tried using a different browser or clearing your browser cache to see if that resolves
4,787,0.2715187072753906,0.2628462314605713,CHANGELINECreating a data strategy for your company involves several steps:CHANGELINECHANGELINE1. Define your business goals
4,790,0.2665262222290039,0.2596421241760254, and welcome to the 2018-2019 school year!CHANGELINEMy name is Mrs. K
4,791,0.4175534248352051,0.25922298431396484, and welcome to the 2018-2019 school year!CHANGELINEMy name is Mrs. K
4,797,0.2936513423919678,0.28977394104003906,CHANGELINEAs a CEOCOMMA it is important to make the new hire feel valued and appreciated. You can
4,798,0.2678241729736328,0.2605762481689453, {CHANGELINE    @TestCHANGELINE    public void test() {CHANGELINE        String[] arr = {\"
4,807,0.2721269130706787,0.2659156322479248,CHANGELINE1. The sun sets over the horizonCOMMA casting a warm glow over the city.CHANGELINE2
4,809,0.5581216812133789,0.25890231132507324, and the surrounding area.
4,814,0.2633075714111328,0.2607872486114502, systemCHANGELINESCOOT (Split Cycle Offset Optimization Technique) is a traffic control system that uses real
4,822,0.26982569694519043,0.260758638381958, and 10.CHANGELINECHANGELINETo fix thisCOMMA you can use the `get_ipython
4,824,0.26394152641296387,0.25974154472351074,. IntroductionCHANGELINECHANGELINEThe COVID-19 pandemic has caused a significant impact on the global economyCOMMA and
4,825,0.2670321464538574,0.26052284240722656,CHANGELINETo write a career advice book in a competitive industryCOMMA you should start by identifying your target audience
4,827,0.2637612819671631,0.2604951858520508,CHANGELINEI'm sorryCOMMA I don't understand what you mean by 'outcome driven
4,830,0.44788312911987305,0.26308441162109375,CHANGELINE1. Improved decision-making skillsCHANGELINE2. Increased self-awareness and self-confidenceCHANGELINE
4,832,0.2670254707336426,0.2636141777038574,CHANGELINE1. Improve the youth academy: Fenerbahçe needs to invest in its youth academy
4,833,0.43136143684387207,0.2635622024536133,CHANGELINEThe story should be written in a way that appeals to childrenCOMMA with simple language and a clear
4,836,0.2706263065338135,0.26023197174072266,CHANGELINEPros of cats:CHANGELINE- Low maintenanceCHANGELINE- IndependentCHANGELINE- QuietCHANGELINE- CleanCHANGELINE-
4,838,0.26660871505737305,0.2592775821685791,> CHANGELINEHave you tried using a different browser or clearing your browser cache to see if that resolves
4,841,0.2713301181793213,0.2676858901977539,.CHANGELINERewrite:CHANGELINESupport the adoption and retention of the product operating model by raising
4,844,0.26432228088378906,0.2588801383972168, = 0; i < 100; i++) {CHANGELINE    var randomNumber 
4,846,0.2846999168395996,0.27954792976379395,CHANGELINE<pre><code>$ pwdCHANGELINE/home/user/Documents/CHANGELINECHANGELINE
4,847,0.5135500431060791,0.2694249153137207,CHANGELINEOne approach could be to create a base authentication service in the domain layer that implements the common methods
4,851,0.30104613304138184,0.26082277297973633,CHANGELINEStudents will be able to write clear and concise essays that effectively communicate their ideas and arguments.
4,852,0.2615790367126465,0.2594718933105469,CHANGELINEAs an AI language modelCOMMA I do not have personal preferences or opinions. Both cats and dogs
4,853,0.27701663970947266,0.26798295974731445,CHANGELINEYesCOMMA you can use the \"Paste Special\" option in Excel to paste the copied
4,857,0.3405575752258301,0.2623319625854492,CHANGELINETo make links clickable in a text on your webpageCOMMA you can use HTML tags. Here
4,858,0.2712113857269287,0.2604799270629883,CHANGELINEI'm sorry to hear that. It can be tough when a child is misbehaving
4,860,0.6230928897857666,0.25931239128112793,，我是小白，我是来自中国的AI语�
4,869,0.268338680267334,0.26273322105407715,CHANGELINETo test a SOPCOMMA you can follow these steps:CHANGELINECHANGELINE1. Identify the steps in
4,878,0.26990509033203125,0.25983238220214844,>CHANGELINE#include <sys/types.h>CHANGELINE#include <sys/wait
4,879,0.26305627822875977,0.259401798248291,CHANGELINEDocker is a containerization platform that allows developers to package and deploy applications in a standardized way
4,884,0.34868693351745605,0.338665246963501,CHANGELINEMale and female flies have different physical characteristics. Male flies have larger eyes and longer antennae than
4,885,0.2661416530609131,0.2591211795806885, and the surrounding area.
4,892,0.2663686275482178,0.26169657707214355,CHANGELINEI'm sorryCOMMA I cannot provide an accurate response as I do not have access to real
4,895,0.2757406234741211,0.27221155166625977,CHANGELINEOne way to find the shortest path between Page A and Page B is to use a graph search
