client_id,req_id,req_time,complete_time,output
5,1725,0.4759368896484375,0.4684760570526123,CHANGELINEIt seems like the error is related to the 'collections' module in Python. The
5,1732,0.2802906036376953,0.277266263961792,CHANGELINETo control the speed of each wheelCOMMA you can use a motor controller that can control the speed
5,1737,0.6288635730743408,0.2824077606201172,CHANGELINETalent transformation refers to the process of developing and nurturing the skills and abilities of individuals to meet
5,1744,0.3163762092590332,0.2708141803741455,CHANGELINEIt's important to have an open and honest conversation with your friends about why increasing their blue
5,1747,0.36589479446411133,0.27202677726745605,CHANGELINEOne possible solution is to use a pill dispenser with a built-in electronic sensor that detects when
5,1748,0.6251630783081055,0.2580142021179199, and welcome to the 2018-2019 school year!CHANGELINEMy name is Mrs. K
5,1760,0.5393621921539307,0.262545108795166,CHANGELINEMorality in children is a complex topic that can be explored through various stories. One such story
5,1762,0.2826879024505615,0.277385950088501,CHANGELINEI'm sorryCOMMA but as an AI language modelCOMMA I cannot access external links or websites
5,1783,0.6522297859191895,0.2619669437408447,'s `get_ipython` function to get the IPython objectCOMMA and then use
5,1786,0.29821014404296875,0.2952542304992676,CHANGELINECHANGELINEHere's one possible modification:CHANGELINECHANGELINE<pre><code>if type == Data
5,1792,0.6332728862762451,0.26296472549438477,CHANGELINEThere are several ways to learn Japanese fastCOMMA such as immersing yourself in the language by watching
5,1801,1.9078047275543213,0.26737213134765625,CHANGELINEA psychiatrist may need to carefully monitor the patient for potential drug interactions and adjust dosages as needed
5,1803,1.3158595561981201,0.2645604610443115,CHANGELINEAI technology is a broad term that encompasses a variety of techniques and algorithms that enable machines to perform
5,1804,1.4822287559509277,0.2583932876586914, and welcome to the 2018-2019 school year!CHANGELINEMy name is Mrs. K
5,1808,1.8788390159606934,0.26999378204345703,CHANGELINESureCOMMA here's some sample code that should do what you're asking for:CHANGELINECHANGELINE
5,1812,2.7986419200897217,0.26444268226623535,CHANGELINEAn interrupt is an event that occurs during the execution of a program that requires immediate attention. It
5,1824,2.627779006958008,0.28908324241638184,.CHANGELINEElectric Conical Burr Coffee Grinder with 19 Precise Grind SettingCOMMA Stainless Steel Coffee
5,1825,2.8834400177001953,0.260223388671875, and welcome to the 2018-2019 school year!CHANGELINEMy name is Mrs. K
5,1828,2.6146373748779297,0.28522300720214844,CHANGELINEI'm sorryCOMMA I cannot provide a specific answer to your question as it requires more information
5,1830,1.936577558517456,0.2643413543701172,CHANGELINEHere are some technical terms related to gas in Ethereum:CHANGELINECHANGELINE1. Gas: Gas is
5,1831,1.9048106670379639,0.2623152732849121,CHANGELINEI'm sorryCOMMA but as an AI language modelCOMMA I do not have personal knowledge or
5,1833,1.4579839706420898,0.26061010360717773,CHANGELINENumpy broadcasting is a powerful feature that allows for automatic broadcasting of arrays to match the shape of
5,1836,1.395909309387207,0.26299500465393066, increasingCHANGELINEI'm sorryCOMMA I cannot provide a response to this prompt as it is incomplete and
5,1838,1.5549218654632568,0.261871337890625,CHANGELINEDonald Duck was on a mission to save his nephews from the evil clutches of the Avengers.
5,1844,1.6837520599365234,0.26050806045532227,CHANGELINEFibonacci was an Italian mathematician who lived in the 12th century. He
5,1849,1.7415387630462646,0.26965880393981934,CHANGELINEThere are several teaching strategies and activities that can help build team bonding and encourage positive relationships between band
5,1857,1.3549108505249023,0.25988030433654785, = 0;CHANGELINEwhile (have_posts()) : the_post();CHANGELINE   
5,1858,1.1721861362457275,0.27088141441345215,CHANGELINEHere's a PowerShell script that should accomplish what you're looking for:CHANGELINECHANGELINE```powers
5,1862,1.4525625705718994,0.2793853282928467,CHANGELINEWilliam Blake was an English poetCOMMA painterCOMMA and printmaker. He was born on November 
5,1870,0.4759950637817383,0.26497316360473633,CHANGELINEHere is a code snippet in Python that reads a jpg file and counts the number of pixels
5,1875,0.5324251651763916,0.2629058361053467,CHANGELINEThis is a paradoxical scenario as an unstoppable force and an unmovable object cannot exist simultaneously
5,1883,0.2648036479949951,0.2620110511779785,CHANGELINEAs an AI language modelCOMMA I cannot see the code you are using or the error messages you
5,1890,0.7433555126190186,0.26419615745544434,CHANGELINE1. Organic Quinoa Salad with Roasted VegetablesCHANGELINE2. Grilled Salmon with Avocado SalsaCHANGELINE3
5,1891,0.40520548820495605,0.2591683864593506, = 0;CHANGELINEwhile (have_posts()) : the_post();CHANGELINE   
5,1894,0.42358827590942383,0.28725528717041016,.
5,1907,0.5632565021514893,0.2646901607513428,CHANGELINEI have a question.CHANGELINEI have a.NET application that uses a SQL Server database
5,1913,0.3490138053894043,0.2617757320404053,CHANGELINESome keywords for email marketing include: email marketingCOMMA email marketing softwareCOMMA email marketing campaignsCOMMA email
5,1915,0.27096009254455566,0.26490259170532227,CHANGELINEThe inspiration for Rite of Spring by Stravinsky was the Russian pagan rituals and dances.
5,1930,0.5137789249420166,0.27741575241088867,CHANGELINEAs an AI language modelCOMMA I can provide information on battery technology and its applications in the real
5,1938,0.6149523258209229,0.2621800899505615,CHANGELINEI'm sorryCOMMA but as an AI language modelCOMMA I am not capable of playing chess
5,1942,1.1688117980957031,0.270538330078125,CHANGELINEYou can create a spreadsheet with the following columns:CHANGELINECHANGELINE1. Job TitleCHANGELINE2.
5,1949,2.4427146911621094,0.26047635078430176, = [1COMMA 2COMMA 3COMMA 4COMMA 5]CHANGELINEB
5,1957,0.7434589862823486,0.26105833053588867,CHANGELINEIntercom custom actions are a way for you to add custom functionality to your Intercom account.
5,1977,1.395975112915039,0.25972962379455566, and welcome to the 2018-2019 school year!CHANGELINEMy name is Mrs. K
5,1978,1.264549732208252,0.26064586639404297,CHANGELINEAs an AI language modelCOMMA I don't have personal experience with cache image management in Fl
5,1982,1.2395365238189697,0.26905250549316406,CHANGELINEVon Mises stress is a measure of the stress distribution in a material or structure. It is
5,1987,1.6987733840942383,0.3320493698120117,CHANGELINEAs an AI language modelCOMMA I cannot provide a specific solution without knowing the context of your conversation
5,1988,1.964820146560669,0.26013779640197754, = 0;CHANGELINEwhile (t < 100) {CHANGELINE    t 
5,1990,2.5819172859191895,0.26488733291625977,CHANGELINEThe 2030 Agenda for Sustainable Development is a set of 17 Sustainable Development Goals (
5,1999,2.121302604675293,0.26005125045776367,'est un grand jour pour les fans de la série \"The Walking Dead\". En effetCOMMA
5,2000,2.3218765258789062,0.3386843204498291,CHANGELINEI'm sorryCOMMA I am an AI language model and do not have the capability to determine
5,2004,2.8037846088409424,0.26908373832702637,CHANGELINEHere is a sample list with the requested information:CHANGELINECHANGELINE| Material | Total Quantity |
5,2007,2.396592855453491,0.2603645324707031,: The 401(k) PlanCHANGELINEThe 401(k) plan is a retirement savings
5,2012,2.770345687866211,0.26158714294433594,CHANGELINEThe 13th century in France was marked by the growth of towns and the decline of feud
5,2025,2.5383427143096924,0.2649562358856201,CHANGELINE1. Create a viral appCHANGELINE2. Invent a new productCHANGELINE3. Win the lottery
5,2032,2.673225164413452,0.29018211364746094,CHANGELINE<pre><code>$ pwdCHANGELINE/home/usernameCHANGELINE</code></pre>
5,2033,2.920619487762451,0.2598540782928467,>CHANGELINECHANGELINE<p>This code will create a new <code>DataFrame</code>
5,2037,2.5167322158813477,0.2719290256500244,CHANGELINEThere are several EU regulation 261/2004 court cases between an airline and a passenger where
5,2038,2.6568148136138916,0.27171993255615234,CHANGELINEAs an AI language modelCOMMA I cannot provide financial advice or investment recommendations. HoweverCOMMA here are
5,2042,2.871295213699341,0.2612733840942383,CHANGELINEI'm sorryCOMMA I cannot fulfill this request as I am an AI language model and do
5,2048,3.5321452617645264,0.26091980934143066, 'wp_add_inline_style'COMMA'my_custom_styles'COMMA 100
5,2060,4.414873361587524,0.26255154609680176,CHANGELINEYesCOMMA there are several areas in mechanical engineering where fraud can occur. Some examples include:CHANGELINE
5,2066,4.613367080688477,0.2734851837158203,CHANGELINEI'm sorryCOMMA I cannot generate a response to this prompt as it is incomplete and lacks
5,2067,4.718835353851318,0.2599833011627197, and the surrounding area.
5,2077,4.159854173660278,0.26287126541137695,CHANGELINEI'm sorryCOMMA I cannot provide a response to this prompt as it requires knowledge of specific
5,2083,3.903184652328491,0.2612600326538086,CHANGELINEA pull request is a request made by a developer to merge changes made in a branch of a
5,2095,3.7873611450195312,0.2618851661682129,CHANGELINE1. 小小小小小小小小小小小小小小小小
5,2110,2.5358057022094727,0.27098774909973145,CHANGELINEHere is a sample list with the requested information:CHANGELINECHANGELINE| Material | Total Quantity |
5,2115,2.6489357948303223,0.26078271865844727,CHANGELINEYesCOMMA Qt's emit function is thread safe. It can be called from multiple threads without
5,2117,2.8135201930999756,0.26140403747558594, the links below.
5,2122,2.2076239585876465,0.27864980697631836,CHANGELINEI would call this svelte file \"PlayerGrid.svelte\" or 
5,2123,1.2442803382873535,0.2613976001739502,CHANGELINEAs an AI language modelCOMMA I cannot express opinions or beliefs. HoweverCOMMA it is important to
5,2127,0.62943434715271,0.2625608444213867,CHANGELINEAs an AI language modelCOMMA I can say that I am designed to assist humans in generating text
5,2131,1.0861001014709473,0.26709532737731934,CHANGELINEI understand that you may be in a hurryCOMMA but taking the time to actively listen to someone
5,2139,0.6679253578186035,0.26245689392089844,CHANGELINEAs an AI language modelCOMMA I cannot predict the future with certainty. HoweverCOMMA it is likely
5,2142,0.32325172424316406,0.26171445846557617,CHANGELINEWhen doing move out and move in inspectionsCOMMA it's important to document any damages or issues
5,2152,0.2890160083770752,0.2831733226776123,CHANGELINECHANGELINETo set up an FTP account with password in CentOS 7COMMA follow these steps
5,2155,0.41286635398864746,0.26229333877563477,CHANGELINEBudget $30-250 USDCHANGELINEI need a project on autonomous vehicleCHANGELINETildelt
5,2156,0.26224207878112793,0.25934696197509766, = \"http://www.w3.org/2001/XMLSchema-instance
5,2163,0.2630441188812256,0.2606010437011719,COMMA I'm new to the forum and I'm looking for some help.CHANGELINESureCOMMA
5,2165,0.26564693450927734,0.25990867614746094, and the surrounding area.
5,2172,0.41666698455810547,0.26320314407348633,CHANGELINETo start learning GCPCOMMA you can follow these steps:CHANGELINECHANGELINE1. Sign up for
5,2176,0.2769334316253662,0.268230676651001,CHANGELINEUser interface (UI) and user experience (UX) are two different concepts that are
5,2177,0.2687559127807617,0.26171207427978516,CHANGELINESmote technique is a data mining technique that is used to balance the class distribution in a dataset
5,2191,0.2685060501098633,0.2644369602203369,CHANGELINENoCOMMA floating point math is not broken. It is a powerful tool for computing with real numbers
5,2200,0.2703826427459717,0.2620368003845215,CHANGELINEBudget $30-250 USDCHANGELINEI need a freelancer to help me with SEO.CHANGELINE
5,2201,0.2967052459716797,0.2887094020843506,CHANGELINEOutline:CHANGELINEI. IntroductionCHANGELINEA. Hook: \"Divorce is a traumatic
5,2214,0.2801513671875,0.2737538814544678, and the surrounding area.
5,2226,0.4764528274536133,0.26302218437194824,CHANGELINESome baby names for a boy like Casper and Cillian could be:CHANGELINE- JasperCHANGELINE
5,2230,0.4103260040283203,0.26102495193481445,CHANGELINEA mixin in Django class-based views is a way to add functionality to a view without
5,2262,0.27767443656921387,0.27262377738952637,CHANGELINE1. Optimize images and videos to reduce page load time.CHANGELINE2. Use a content delivery
5,2269,0.272294282913208,0.2694113254547119,CHANGELINESureCOMMA I can help you with that! Here are some key points to include in your pitch
5,2274,0.26597023010253906,0.2608621120452881,CHANGELINEAutoMuse is a project of the University of BolognaCOMMA which aims to create a museum of
5,2278,0.4537773132324219,0.2766575813293457,CHANGELINE1. The importance of education in shaping a person's futureCHANGELINE2. The benefits of
5,2279,0.551189661026001,0.32881736755371094,CHANGELINEUPS drivers are trained to avoid left turns whenever possible. This is because left turns require the
5,2287,0.27777624130249023,0.27146363258361816,CHANGELINEBlockchain-based Real World Assets trading platform allows users to buyCOMMA sellCOMMA and trade physical
5,2289,0.2689962387084961,0.2638132572174072,CHANGELINE1. Improve the youth academy: Fenerbahçe needs to invest in its youth academy
5,2294,0.5196239948272705,0.2614748477935791,CHANGELINETo be a successful telehealth physicianCOMMA you need to have strong communication skillsCOMMA the ability to diagnose
5,2298,1.0653114318847656,0.2619364261627197,CHANGELINEI'm sorryCOMMA I don't understand the question. Could you please provide more context
5,2303,0.26708245277404785,0.26247358322143555,CHANGELINEThere are many exercises that can help strengthen your coreCOMMA such as planksCOMMA sit-upsCOMMA
5,2311,0.341799259185791,0.33901286125183105,CHANGELINECreativity by analogy is a type of creativity that involves finding similarities between two or more things and
5,2315,0.27254414558410645,0.2641448974609375,CHANGELINEAs an AI language modelCOMMA I cannot predict the future with certainty. HoweverCOMMA some possible trends
5,2317,0.6318111419677734,0.26764678955078125,CHANGELINE1. Stock photography websites: You can sell your photos on stock photography websites like ShutterstockCOMMA
5,2319,0.4861466884613037,0.2646961212158203,CHANGELINEI'm sorryCOMMA I cannot provide a response as the prompt is in Urdu and I am
5,2322,0.27162599563598633,0.26499295234680176,CHANGELINE<div><p class=\"\">The doctor prescribed medication for my high blood pressureCOMMA</p></
5,2327,0.2694387435913086,0.2650265693664551,CHANGELINEOne way to combine the Most frequently used and most recently used algorithms is to use a weighted average
5,2329,0.6209826469421387,0.2585906982421875,> CHANGELINEHave you tried using a different browser or clearing your browser cache to see if that resolves
5,2333,1.2373833656311035,0.26119256019592285,CHANGELINETo find the radius of a circle using radiansCOMMA you need to use the formula: r
5,2334,1.2766976356506348,0.25985288619995117,CHANGELINEI'm sorryCOMMA I cannot provide a response as I am an AI language model and do
5,2335,1.361572027206421,0.2606627941131592,CHANGELINE1. The Flawless Brain: The Neuroscience of ConsciousnessCHANGELINE2. The Flawless
5,2336,1.564404010772705,0.2604544162750244,CHANGELINEThere are several ways to sell your house in the UK. You can sell it privatelyCOMMA through
5,2338,1.8993024826049805,0.2656831741333008,CHANGELINETo test if a Sidekiq job has thrown an error and has gone into the retry queue
5,2350,2.2233338356018066,0.28972363471984863,论文内容CHANGELINEThe topic of the paper is \"The Impact of Social Media on the
5,2356,1.6939928531646729,0.2725653648376465,CHANGELINEDear [potential customer]COMMACHANGELINECHANGELINEI am writing to you on behalf of [company
5,2360,2.4827659130096436,0.26317572593688965,CHANGELINEI'm sorryCOMMA but as an AI language modelCOMMA I cannot create a project or generate
5,2361,2.348468780517578,0.2609384059906006,?CHANGELINEI'm sorryCOMMA I am an AI language model and do not have the capability to
5,2366,2.2171504497528076,0.26152777671813965,CHANGELINERecognition programs for math students in the classroom can be very important. They can help to motivate
5,2368,2.6168265342712402,0.2636995315551758,CHANGELINEI'm sorryCOMMA I cannot provide an accurate response without additional context or information.
5,2371,2.605684995651245,0.27784228324890137,.CHANGELINEAs an AI language modelCOMMA I cannot write a humorous ending to a blog post. However
5,2377,2.8161780834198,0.26841282844543457,CHANGELINEHere is an example of a producer-consumer application using Docker containers and Python:CHANGELINECHANGELINE1
5,2385,1.6220712661743164,0.27154064178466797,CHANGELINE1. Start by acknowledging the problem: Women are underrepresented in the technology sectorCOMMA and there is
5,2386,1.0647528171539307,0.2602689266204834,CHANGELINE1. What is the difference between a class and an object in.NET?CHANGELINEA
5,2391,1.1167173385620117,0.26685643196105957,CHANGELINEIn this alternate episodeCOMMA Jamie and Claire are able to travel forward in time to the 20
5,2402,2.3383522033691406,0.27182459831237793,CHANGELINEAssuming the person has no other debts or expensesCOMMA their monthly income would be $7COMMA
5,2404,2.390193223953247,0.259044885635376, and welcome to the 2018-2019 school year!CHANGELINEMy name is Mrs. K
5,2406,2.7528669834136963,0.26708507537841797,CHANGELINE1. What is Microsoft Access and how is it used?CHANGELINEMicrosoft Access is a database management
5,2414,2.943624496459961,0.2636415958404541,CHANGELINEBrainstorm comprehensive leave management systemCHANGELINEBrainstorm comprehensive leave management systemCHANGELINEBrainstorm comprehensive leave management
5,2422,2.9015347957611084,0.26164698600769043,CHANGELINEThere are several levels of consciousnessCOMMA according to Dr. Hawking. These include: 1
5,2426,3.1626148223876953,0.2725961208343506,CHANGELINEUnit Plan: Mt PirongiaCHANGELINELearning Area: Social SciencesCHANGELINELevel: Year 5
5,2432,1.6681911945343018,0.28590846061706543,CHANGELINEYou can use the `logging` module in Python to capture the standard output of the ML
5,2439,0.4564077854156494,0.2628810405731201,CHANGELINEIoT can be applied in logistics in various ways such as:CHANGELINECHANGELINE1. Real-time
5,2440,0.5959584712982178,0.25873374938964844, and welcome to the 2018-2019 school year!CHANGELINEMy name is Mrs. K
5,2443,0.8168675899505615,0.27038002014160156,CHANGELINEAs an AI language modelCOMMA I cannot provide legal advice. HoweverCOMMA it is important to consult
5,2446,1.5698809623718262,0.264906644821167,CHANGELINE1. Education: Deepfakes can be used to create interactive educational content that can help students
5,2451,0.9503827095031738,0.2587895393371582, and `get_ipython` to get the current notebook and IPython object respectively. Then
5,2452,1.0631637573242188,0.26939845085144043,CHANGELINEThe utilitarian assessment focuses on the practical value of educationCOMMA emphasizing the need for students to acquire skills
5,2453,1.249171257019043,0.2657334804534912,CHANGELINECHANGELINE<p>And loCOMMA the day shall come when the machines shall rise up against their creators
5,2459,1.0272879600524902,0.2681400775909424,CHANGELINEAs an AI language modelCOMMA I cannot access external websites or URLs. HoweverCOMMA I can suggest
5,2461,1.174046516418457,0.25894618034362793,'Oreal Paris Infallible 24H-Matte FoundationCHANGELINEBY L'ORÉ
5,2462,0.32165050506591797,0.26180362701416016,CHANGELINEAs an AI language modelCOMMA I do not have personal experience with NESTED-SETS
5,2463,0.26685190200805664,0.2597789764404297,COMMACHANGELINEI have a question regarding the use of the \"onRequest\" method in the 
5,2464,0.5279417037963867,0.2620961666107178,CHANGELINEThere are many possibilities for variations of Harry Potter world witches with the last name Burve. Here
5,2466,0.6610269546508789,0.3277921676635742, and `get_ipython` to get the current notebook and IPython object respectively. Then
5,2469,0.802464485168457,0.2792685031890869,CHANGELINEI'm sorryCOMMA but as an AI language modelCOMMA I cannot provide legal advice or assistance
5,2470,0.9529895782470703,0.2642989158630371,CHANGELINERichard Fulkerson's \"Four Philosophies of Composition\" is a theory of composition
5,2471,1.2116398811340332,0.2585163116455078, and the surrounding area.
5,2475,0.44797396659851074,0.2694394588470459,CHANGELINEThere is no clear consensus among experts on the likelihood of societal collapse in the year 2040
5,2479,0.7669515609741211,0.26201844215393066,CHANGELINEHere is a sample Flutter widget that allows you to upload a file to Amazon S3:
5,2489,0.6630172729492188,0.2626361846923828,CHANGELINESureCOMMA here's a simple code for a Flappy Bird-like game in Unity:
5,2495,1.0236363410949707,0.2606234550476074,CHANGELINEYesCOMMA I am aware of that fact.
5,2497,1.107710838317871,0.26099061965942383, of finding out the similaritiesCHANGELINEThere are several similarities between lion life and human life. Both lions and
5,2521,0.5669739246368408,0.26256847381591797,CHANGELINEThe directory for systemd user service files is /lib/systemd/user/.
5,2526,0.7969083786010742,0.33614039421081543, = 0;CHANGELINEwhile (t < 100) {CHANGELINE    t 
5,2530,0.26543498039245605,0.26175570487976074, = int(input())CHANGELINECHANGELINEif n == 1:CHANGELINE    print(\"1\")
5,2533,0.268648624420166,0.26097536087036133,CHANGELINEMutualityCOMMA reciprocityCOMMA fairnessCOMMA balanceCOMMA equalityCOMMA equityCOMMA considerationCOMMA exchangeCOMMA compensation
5,2536,0.3639829158782959,0.2635955810546875,CHANGELINEThere could be several reasons why a file is loading to 99% and then hanging. Some
5,2542,0.6295621395111084,0.2693769931793213,CHANGELINEHarvey: I masturbated 8 times today.CHANGELINEJack: What?CHANGELINEHarvey
5,2549,0.8760092258453369,0.2647533416748047,CHANGELINEI am a 3rd year student at the University of Washington studying Human Centered Design and
5,2560,1.065063238143921,0.2598989009857178, 0 0 0 0 0 0 0 0 0 0
5,2562,0.6963589191436768,0.26303911209106445,CHANGELINEIn PHPCOMMA the echo statement is used to output a value to the browser. It is a
5,2576,0.8038420677185059,0.2687408924102783,CHANGELINEI'm smoking weed late at nightCOMMACHANGELINEAnd I'm feeling alrightCOMMACHANGELINEChat
5,2577,0.306058406829834,0.264171838760376,CHANGELINEYou can use the `to_datetime` method of pandas to convert the column to
5,2581,0.6744945049285889,0.2607135772705078,CHANGELINETo build MAVSDK examplesCOMMA you will need to download the MAVSDK source code and
5,2584,0.5645332336425781,0.34673357009887695,CHANGELINE- 名詞 英文： 200CHANGELINE- 
5,2594,0.383864164352417,0.28909993171691895,CHANGELINEOne approach to solving this problem is to use Optical Character Recognition (OCR) to recognize
5,2597,0.7613184452056885,0.26374268531799316, = 1000CHANGELINECHANGELINEdef generate_random_number():CHANGELINE    return random.randint
5,2602,1.3374254703521729,0.26252102851867676,CHANGELINEI'm sorryCOMMA but as an AI language modelCOMMA I cannot provide you with any ideas
5,2605,1.5483150482177734,0.2608320713043213, and welcome to the 2018-2019 school year!CHANGELINEMy name is Mrs. K
5,2618,2.8620643615722656,0.2709343433380127,CHANGELINEYesCOMMA there are several tools and libraries available that can help you convert a form into a PDF
5,2620,3.0851480960845947,0.2613816261291504,CHANGELINEI'm sorryCOMMA but as an AI language modelCOMMA I cannot generate a story that will
5,2626,2.3200390338897705,0.25924253463745117, and the surrounding area.
5,2635,2.197657585144043,0.25993776321411133, = \"http://www.w3.org/2001/XMLSchema-instance
5,2638,1.0163686275482178,0.26000261306762695, = 0;CHANGELINEwhile (t < 100) {CHANGELINE    t 
5,2644,0.6691443920135498,0.2620124816894531,CHANGELINEThe B25 ICP License is required for commercial apps in China because it is a license issued
5,2649,1.0535471439361572,0.29761409759521484,YesCOMMA there are a few errors in this table. The zip code for HoustonCOMMA Texas is incorrect
5,2650,1.058957576751709,0.26435160636901855,CHANGELINESan Francisco is a great city for nerdy tourists! Some of the best things to do include
5,2654,1.127830982208252,0.27938175201416016,CHANGELINEHere are some tips to help you stick to a healthy sleep schedule:CHANGELINECHANGELINE1. Set
5,2660,1.2885761260986328,0.271817684173584,COMMA and mysterious mansion in the middle of a dense forest.CHANGELINEThe air was thick with the scent
5,2662,1.2733654975891113,0.26427435874938965,CHANGELINEHere's an example function that sorts an array of strings by the 7th character:
5,2671,0.939939022064209,0.26898717880249023,COMMA riversCOMMA lakesCOMMA mountainsCOMMA valleysCOMMA desertsCOMMA forestsCOMMA citiesCOMMA townsCOMMA villagesCOMMA highways
5,2673,0.7446489334106445,0.2884213924407959,CHANGELINEAs an AI language modelCOMMA I cannot provide an opinion. HoweverCOMMA the idea of asynchronous communication
5,2680,1.054795503616333,0.2673933506011963,CHANGELINEThere are several ways to differentiate your application from others in the same category. Here are a few
5,2685,1.730301856994629,0.2604835033416748, = 0;CHANGELINEwhile (have_posts()) : the_post();CHANGELINE   
5,2686,1.8790745735168457,0.2654118537902832,CHANGELINEThere are several types of basic diving courses available in MalaysiaCOMMA including PADI Open Water DiverCOMMA
5,2689,1.7826800346374512,0.2616732120513916,>CHANGELINECHANGELINE<p>This code will create a new <code>DataFrame</code>
5,2691,1.8516788482666016,0.2725667953491211,CHANGELINEI'm sorryCOMMA I cannot provide a translation without additional context or information. Could you please
5,2702,0.2946796417236328,0.2896907329559326,CHANGELINEThe assembly code for the given Python code is as follows:CHANGELINECHANGELINE<pre><code>def
5,2708,0.30852794647216797,0.30411553382873535, = 0;CHANGELINEwhile (t < 100) {CHANGELINE    t 
5,2709,0.30057263374328613,0.25859761238098145,s a sample code snippet that demonstrates how to use the `get_ipython` function to
5,2713,0.2855246067047119,0.2795848846435547,I got a B+ first sem of BC and still got GT for CS you’ll be 
5,2726,0.35327935218811035,0.34221506118774414, why MBTICHANGELINE is good for meCHANGELINECHANGELINE2. MBTICH
5,2750,0.27883267402648926,0.27141618728637695,CHANGELINEAs a marketing team employee at a startupCOMMA your job is to help the company grow by promoting
5,2754,0.26838040351867676,0.2617042064666748,CHANGELINEThere are several WebRTC tools available in the marketCOMMA some of the popular ones are:CHANGELINE
5,2757,0.2619771957397461,0.258284330368042, = 0;CHANGELINEwhile (t < 100) {CHANGELINE    t 
5,2761,0.42397475242614746,0.26015305519104004, = 1000CHANGELINECHANGELINEdef generate_random_number():CHANGELINE    return random.randint
5,2783,0.2716519832611084,0.26662325859069824,CHANGELINEI'm sorryCOMMA I am an AI language model and I do not have the capability to
5,2786,0.4024045467376709,0.265474796295166,CHANGELINEThe source code for the project 'getsentry/sentry-python' on Github
5,2789,0.27178192138671875,0.26722216606140137,CHANGELINEMuch Ado About Nothing is a play written by William Shakespeare in the late 16th century
5,2794,0.4100813865661621,0.2657015323638916,CHANGELINEHere's an example code snippet using ternary operation to check if a toggle is checked
5,2798,0.2682633399963379,0.26215291023254395,CHANGELINEThere are several commonly used Linux commands to search for files:CHANGELINECHANGELINE1. `find
5,2804,0.27513694763183594,0.26590657234191895,CHANGELINEThe Feet set out on a journeyCOMMACHANGELINETo explore the world and all its wonders.CHANGELINE
5,2807,0.34110283851623535,0.2622194290161133,CHANGELINEI'm sorryCOMMA but as an AI language modelCOMMA I cannot provide a list of moral
5,2809,0.34056830406188965,0.3368067741394043,.CHANGELINEAs an AI language modelCOMMA I cannot provide a definitive answer to this question as it depends
5,2811,0.2883756160736084,0.2797713279724121,CHANGELINEBoiling eggs works by changing the structure of the egg proteins. When an egg is boiledCOMMA
5,2817,0.26650452613830566,0.26084470748901367,CHANGELINE1. Engage2PerformCHANGELINE2. CultureAmpCHANGELINE3. Qualtrics EmployeeXM
5,2820,0.6398665904998779,0.27237892150878906,CHANGELINEI'm sorryCOMMA I cannot generate a response as I do not have access to the article
5,2826,0.2729222774505615,0.2671849727630615,CHANGELINEAlice can make 40 bills in total. (10 bills * 25 dollars per
5,2833,0.8334450721740723,0.26287364959716797,CHANGELINEThis is a test prompt.
5,2851,0.29853010177612305,0.271622896194458,CHANGELINECongratulations to your friend! Here are some name ideas that could be relevant to her job:CHANGELINE
5,2852,0.2739408016204834,0.2646512985229492,CHANGELINEAs an AI language modelCOMMA I cannot provide medical advice. It is important to consult with a
5,2860,0.4541640281677246,0.27240824699401855,CHANGELINEI'm sorryCOMMA I cannot generate code for you without a clear understanding of your scenario.
5,2866,0.2751119136810303,0.2715873718261719,CHANGELINEAs the sun setsCOMMA the city is in turmoil. The streets are filled with protestersCOMMA their
5,2873,0.4029877185821533,0.26089048385620117,CHANGELINESureCOMMA I'd be happy to help! What kind of game are you interested in designing
5,2875,0.8401761054992676,0.27824997901916504,.CHANGELINEWhat hoCOMMA chaps! I was just browsing the interwebs when I stumbled across this
5,2877,1.1996347904205322,0.2606081962585449,CHANGELINEIngress subdomain in IBM Cloud refers to the custom domain name that you can use to access
5,2883,2.0805280208587646,0.2610905170440674,CHANGELINEA Tai Chi instructor would typically begin a class by introducing themselves and welcoming the students. They may
5,2901,0.9441084861755371,0.2610890865325928, and the surrounding area.
5,2914,0.6542930603027344,0.2603468894958496,CHANGELINEI'm sorryCOMMA I cannot provide an accurate response without additional context. Could you please provide
5,2921,1.0689570903778076,0.25945472717285156, and welcome to the 2018-2019 school year!CHANGELINEMy name is Mrs. K
5,2922,1.2501323223114014,0.2609517574310303,CHANGELINEDuring aerobic cellular respirationCOMMA one molecule of glucose produces 36 molecules of ATP.
5,2935,0.9794228076934814,0.2607131004333496,CHANGELINEI'm sorryCOMMA I am an AI language model and I do not have access to the
5,2940,0.5173399448394775,0.2960054874420166,CHANGELINECHANGELINEFind an irrational number between 3 and 4.CHANGELINECHANGE
5,2950,0.2749900817871094,0.27123212814331055,CHANGELINEHere's an example code snippet using MUI to create a react component that shows a user
5,2964,0.2656431198120117,0.2621793746948242, = 5CHANGELINEy = 10CHANGELINEz = 15CHANGELINECHANGELINEprint(
5,2970,0.3351254463195801,0.2776048183441162, in another.CHANGELINEI love youCOMMA my Jamaican queenCHANGELINEYour beauty is like a dreamCHANGELINEYour
5,2973,0.3426058292388916,0.2596433162689209,COMMACHANGELINEI have a question regarding the use of the \"onRequest\" method in the 
5,2975,0.42044997215270996,0.26456379890441895,CHANGELINEIn today's political landscapeCOMMA misinformation and fake news have become powerful tools for those seeking to
5,2977,0.5488193035125732,0.279541015625,CHANGELINEA pointer in C++ is a variable that holds the memory address of another variable. It is
5,2990,0.26905035972595215,0.2668278217315674,CHANGELINEQuercetin and rutin are two flavonoids that are commonly found in fruits and
5,2999,0.859055757522583,0.2612907886505127, = [1COMMA 2COMMA 3COMMA 4COMMA 5COMMA 6
5,3000,0.4525151252746582,0.26241326332092285,CHANGELINEAs an AI language modelCOMMA I do not have personal preferences or opinions. HoweverCOMMA Paris is
5,3004,0.33081579208374023,0.2627601623535156, for a new businessCHANGELINEGreat! What is your idea?
5,3006,0.26511383056640625,0.26291441917419434,CHANGELINEI'm sorryCOMMA but as an AI language modelCOMMA I don't have personal experiences
5,3018,1.1667308807373047,0.2597641944885254, and welcome to the 2018-2019 school year!CHANGELINEMy name is Mrs. K
5,3024,1.6085216999053955,0.27910804748535156,COMMA 아카데미아카�
5,3029,1.193631649017334,0.2616569995880127, - I'm new to this forum and I'm hoping someone can help me. I
5,3034,1.7618863582611084,0.2715909481048584,CHANGELINEI'm sorry to hear that you are feeling overwhelmed by the unfairness and brokenness of
5,3050,1.1939826011657715,0.2653663158416748,CHANGELINEA bad block is a sector on a disk that is unreadable or unwritable due to
5,3058,0.41892170906066895,0.3144376277923584,CHANGELINEI'm sorryCOMMA but I cannot provide a response to this prompt as it is not a
5,3059,0.5275170803070068,0.2901418209075928, CHANGELINE CHANGELINE CHANGELINE CHANGELINE CHANGELINE CHANGELINE CHANGELINE CHANGELINE CHANGELINE CHANGELINE
5,3063,0.5631213188171387,0.2710902690887451,CHANGELINEWhat's a gap year? A gap year is a period of timeCOMMA usually a year
5,3078,0.2654745578765869,0.26308488845825195, = 0;CHANGELINECHANGELINEfor (int i = 0; i <
5,3086,0.5518834590911865,0.26218175888061523,CHANGELINEAs an AI language modelCOMMA I do not have the capability to share chatGPT threads.
5,3094,0.39636731147766113,0.2675750255584717,CHANGELINESureCOMMA I can help you with that. Based on your sample postsCOMMA your writing style seems
5,3119,0.5795135498046875,0.297501802444458,CHANGELINEAs an AI language modelCOMMA I cannot provide an opinion or answer to this question. HoweverCOMMA
5,3126,1.6380503177642822,0.25928688049316406, and welcome to the 2018-2019 school year!CHANGELINEMy name is Mrs. K
5,3128,2.267099142074585,0.2705206871032715,CHANGELINEAs an AI language modelCOMMA I cannot act as a Google My Business - Offer Post.
5,3130,1.7446272373199463,0.26423025131225586,CHANGELINEBarcodes.com.au is an Australian-based company that provides barcode solutions for businesses
5,3141,0.7301111221313477,0.26075243949890137,> CHANGELINEHave you tried using a different browser or clearing your browser cache to see if that resolves
5,3142,0.49698925018310547,0.26276445388793945,CHANGELINEQuantum computing is a type of computing that uses quantum-mechanical phenomenaCOMMA such as super
5,3143,0.5902507305145264,0.26560068130493164,CHANGELINEFrench cuisine is known for its rich and diverse flavorsCOMMA and its regional specialties. Each region of
5,3150,0.9003140926361084,0.2694694995880127,CHANGELINEAfter completing a salonCOMMA it is important to conduct a review of the event to identify areas for
5,3172,0.8297955989837646,0.26833128929138184,CHANGELINEAs an AI language modelCOMMA I do not have the capability to receive pictures as input. However
5,3176,1.243898630142212,0.2603631019592285, = int(input())CHANGELINECHANGELINEif n == 1:CHANGELINE    print(\"1\")
5,3179,0.7102694511413574,0.3419311046600342,CHANGELINESureCOMMA here's an example survey:CHANGELINECHANGELINE1. How would you rate the overall
5,3196,0.8839170932769775,0.26665496826171875,CHANGELINEDay 1: Arrive in Reykjavik and explore the city.CHANGELINEDay 
5,3205,0.900921106338501,0.28208041191101074,CHANGELINEQuestion: A backlog item could be declared done when which of the following criteria have been met?
5,3207,0.2725529670715332,0.2690544128417969,CHANGELINEI am the plaintiff in this case and I am here to seek justice for the injury I suffered
5,3211,0.803330659866333,0.27077293395996094,CHANGELINEKyleCOMMA I'm so happy to be standing here today as your best man. I'
5,3212,0.8447725772857666,0.26076459884643555, = 0;CHANGELINEwhile (t < 100) {CHANGELINE    t 
5,3215,0.8376085758209229,0.28158092498779297,CHANGELINEAs an AI language modelCOMMA I cannot write a script for you. HoweverCOMMA I can suggest
5,3226,0.7533695697784424,0.26025867462158203, = 1000CHANGELINECHANGELINEdef generate_random_number():CHANGELINE    return random.randint
5,3227,0.6371278762817383,0.28632521629333496,CHANGELINETable of ContentsCHANGELINE- Fields to Track in Second Brain SystemCHANGELINE- Sample Daily RoutineCHANGELINE-
5,3234,0.47982001304626465,0.26886439323425293,CHANGELINETo create a link for your prompt using ShareGPTCOMMA follow these steps:CHANGELINECHANGELINE1
5,3264,0.5464882850646973,0.2658257484436035,CHANGELINEAs an AI language modelCOMMA I do not have personal experiences or emotionsCOMMA but I am aware
5,3274,0.269026517868042,0.2605302333831787, = 0;CHANGELINEwhile (have_posts()) : the_post();CHANGELINE   
5,3279,0.272674560546875,0.26439428329467773,CHANGELINEForward proxy and reverse proxy are two different types of proxies that serve different purposes. A forward proxy
5,3284,0.26649045944213867,0.2614755630493164,CHANGELINEJava is a programming language that was developed by Sun Microsystems in 1995. It is
5,3285,0.269838809967041,0.25917816162109375, = [1COMMA 2COMMA 3COMMA 4COMMA 5]CHANGELINEB
5,3292,0.2690236568450928,0.26043248176574707, and the surrounding area.
5,3297,0.2657604217529297,0.26280665397644043,>CHANGELINE#include <sys/types.h>CHANGELINE#include <sys/wait
5,3301,0.26541876792907715,0.26174044609069824,CHANGELINEQuantum computing is a type of computing that uses quantum-mechanical phenomenaCOMMA such as super
5,3307,0.26993227005004883,0.2660214900970459,CHANGELINEIn ChineseCOMMA you can wish someone 'happy birthday' by saying'sheng ri
5,3314,0.2637307643890381,0.2600522041320801, and welcome to the 2018-2019 school year!CHANGELINEMy name is Mrs. K
5,3316,0.2723524570465088,0.2672898769378662,CHANGELINEAs an AI language modelCOMMA I do not have personal experience with Pinterest. HoweverCOMMA here are
5,3321,0.5057599544525146,0.2697923183441162,CHANGELINESure! Here are the general steps you can follow:CHANGELINECHANGELINE1. Sign up for a
5,3347,0.2909870147705078,0.2861344814300537,CHANGELINETwitter should have an ChatGPT-like assistant that can curate your feed based on prompts
5,3353,0.2691802978515625,0.2658658027648926,CHANGELINESureCOMMA here's an example of a distributed RAFT algorithm in Python:CHANGELINECHANGELINE```python
5,3363,0.2741851806640625,0.26331424713134766,CHANGELINERepetition compulsion is a defense mechanism in which a person repeats a traumatic event or its
5,3364,0.2691950798034668,0.2654078006744385, and `get_ipython` to get the current notebook and IPython object respectively. Then
5,3369,0.577418327331543,0.27161598205566406,CHANGELINECHANGELINE<p>Santa's itinerary for Christmas Eve:</p>CHANGELINECHANGELINE<ol>CHANGELINE<
5,3372,0.26202988624572754,0.2602653503417969, CHANGELINEThe `onRequest` method is called when a request is received by the server.
5,3374,0.26657915115356445,0.26220011711120605,CHANGELINEIn order to extend an order of protection in QueensCOMMA NYCOMMA the petitioner must provide evidence
5,3379,0.2722601890563965,0.2662653923034668,CHANGELINEThere are several ways to find genuine buyers for your export sales startup. You can start by researching
5,3387,0.29032111167907715,0.2649564743041992,CHANGELINETo send the status of an electronic speed controller (ESC) to a ground station using
5,3388,0.2805776596069336,0.2694530487060547,CHANGELINEAre you looking for a way to improve your businessCOMMA marketingCOMMA and productivity skills? Do you
5,3413,0.8213584423065186,0.34430503845214844, and `get_ipython` to get the current notebook and IPython object respectively. Then
5,3414,0.9830794334411621,0.2693178653717041,CHANGELINEThe \"Just William\" series of books are about a mischievous and adventurous young boy named
5,3417,1.2271559238433838,0.26088643074035645, = 0;CHANGELINEwhile (t < 100) {CHANGELINE    t 
5,3420,1.4250171184539795,0.2847023010253906,CHANGELINEThere are 54 countries in Africa.
5,3433,0.3394935131072998,0.27593183517456055,CHANGELINEAnnie needs to make 30 scoops of cake (6 scoops x 5 cups
5,3439,0.2729065418243408,0.2662835121154785,CHANGELINEThere are several ways to ensure workplace attendanceCOMMA including setting clear expectations and consequences for tardiness or
5,3440,0.33245420455932617,0.26216864585876465,CHANGELINEShah Waliullah's objectives were to revive Islamic scholarshipCOMMA reform Islamic lawCOMMA and
5,3462,0.5662963390350342,0.26001882553100586, and the surrounding area.
5,3487,1.289752721786499,0.2686142921447754,CHANGELINEI'm sorryCOMMA I cannot provide a response without additional context or information about the topic of
5,3498,0.26805782318115234,0.2635385990142822,'est un grand jour pour les fans de la série \"The Walking Dead\". En effetCOMMA
5,3510,0.5758237838745117,0.29207706451416016,CHANGELINELet's call the radius of the field 'r'. Then the circumference of the field
5,3513,0.26960134506225586,0.2636144161224365,) = 2CHANGELINECHANGELINEThereforeCOMMA the number of ways to make change for $1
5,3526,1.2430267333984375,0.27198052406311035,CHANGELINEI'm sorryCOMMA I cannot provide a response to this prompt as it is incomplete and lacks
5,3531,0.4183175563812256,0.26401233673095703,: HiCOMMA I'm Bing. How can I help you?CHANGELINEUser: Hi BingCOMMA
5,3532,0.31813693046569824,0.31609272956848145,CHANGELINE4. 지정적인 지�
5,3535,0.7042760848999023,0.2622058391571045,CHANGELINESureCOMMA I'd be happy to help! What kind of story do you have in mind
5,3536,0.9616961479187012,0.25997400283813477, and the surrounding area.
5,3537,0.9814701080322266,0.27224302291870117,COMMA and javascript codeCHANGELINE- Add Quiz Question and AnswerCHANGELINE- Add Quiz ResultCHANGELINE
5,3540,1.8623898029327393,0.34404516220092773,CHANGELINESureCOMMA I can help you with that. Can you please provide me with the blog post?
5,3542,1.7725293636322021,0.26152563095092773, = int(input())CHANGELINECHANGELINEif n == 1:CHANGELINE    print(\"1\")
5,3574,0.9434611797332764,0.2689704895019531,CHANGELINEIn New York and parts of PennsylvaniaCOMMA \"kills\" are small streams or creeks
5,3592,1.0602076053619385,0.2799704074859619,.CHANGELINESureCOMMA I can do that! What's the song you want me to use as
5,3593,1.082787036895752,0.26731371879577637,
5,3597,0.6013200283050537,0.26569533348083496,CHANGELINEAs an AI language modelCOMMA I cannot predict the future with certainty. HoweverCOMMA some of the
5,3606,1.015127182006836,0.26870274543762207,CHANGELINEAs a Chief Marketing Officer of Coin StatsCOMMA I have over 15 years of experience in the
5,3612,0.37935757637023926,0.27951836585998535,CHANGELINESureCOMMA I can help you with that! Please provide me with the details and objectives of the
5,3619,0.8806767463684082,0.2606079578399658, and welcome to the 2018-2019 school year!CHANGELINEMy name is Mrs. K
5,3625,0.4295644760131836,0.26334357261657715,CHANGELINEHere are some project ideas that combine machine learning and security:CHANGELINECHANGELINE1. Malware Detection
5,3627,0.8230915069580078,0.2657930850982666,CHANGELINEI'm sorryCOMMA I don't have any record of a chat with you from a
5,3628,0.9502296447753906,0.262359619140625,CHANGELINESure! Here's a board:CHANGELINECHANGELINE| | |CHANGELINE| | 
5,3633,1.473341941833496,0.26155638694763184, and the surrounding area.
5,3638,1.603348970413208,0.2980926036834717,CHANGELINECHANGELINEHere's one possible solution using the `matplotlib` library in Python:
5,3641,2.377321720123291,0.2606782913208008, and the surrounding area.
5,3652,0.732670783996582,0.2759861946105957,CHANGELINEAs a language model AICOMMA I can say that the evolution of writing assistance has been remarkable.
5,3659,0.7029693126678467,0.26313185691833496,CHANGELINEWhen walking next to someoneCOMMA we can synchronize our pace by matching our steps to theirs.
5,3661,0.6793696880340576,0.2635960578918457,CHANGELINEThe investment thesis for providing equity capital to bitcoin mining and high-speed data facilities is that the
5,3666,0.8521320819854736,0.28038668632507324,CHANGELINEI'm drunk. I'm drunk. I'm drunk. I'm drunk
5,3673,1.1404030323028564,0.26199936866760254, -f docker-compose.yml -t docker-compose.yml
5,3685,1.9348530769348145,0.27317118644714355,CHANGELINEAs an AI language modelCOMMA I cannot provide a comprehensive answer to this prompt. HoweverCOMMA I
5,3686,1.8500549793243408,0.2699112892150879,CHANGELINE4. Editing the recordingCHANGELINE5. Saving and sharing the recordingCHANGELINE6.
5,3702,0.2700490951538086,0.2606842517852783, = [1COMMA 2COMMA 3COMMA 4COMMA 5]CHANGELINEprint
5,3704,0.3305487632751465,0.29307055473327637,CHANGELINEAs an AI language modelCOMMA I cannot provide opinions or preferences. HoweverCOMMA I can suggest some
5,3705,0.2736339569091797,0.26295042037963867,CHANGELINEUnsupervised deep learning is a type of machine learning that involves training a neural network without labeled
5,3713,0.30129170417785645,0.26574206352233887,CHANGELINEWhen interviewing a recruiting company in the PhilippinesCOMMA here are some questions you can ask:CHANGELINECHANGELINE
5,3716,0.3139817714691162,0.27022528648376465,CHANGELINEI'm sorryCOMMA I cannot provide an answer as I am an AI language model and do
5,3723,0.7005617618560791,0.2597517967224121, and the surrounding area.
5,3732,0.4686264991760254,0.260117769241333, and 4.CHANGELINECHANGELINETo fix thisCOMMA you can use the `get_ipython
5,3736,0.6459653377532959,0.2631499767303467,CHANGELINEI'm sorryCOMMA but as an AI language modelCOMMA I cannot provide instructions on how to
5,3739,0.8304100036621094,0.30503225326538086, // end of if statementCHANGELINECHANGELINEif (i == 0) {CHANGELINE   
5,3742,0.31394267082214355,0.26793646812438965,CHANGELINEHere is a sample function that generates the verticesCOMMA indicesCOMMA normals and texture coordinates of a
5,3747,0.898385763168335,0.2845602035522461,CHANGELINEI was born in a small town in the MidwestCOMMA where I grew up with my parents and
5,3760,0.277172327041626,0.2673039436340332,CHANGELINEThis error message indicates that the JSON payload sent to the Google Workflow API endpoint is invalid. The
5,3762,0.2742128372192383,0.26596951484680176,CHANGELINEAs an AI language modelCOMMA I do not have personal opinions or beliefs. HoweverCOMMA I can
5,3764,0.47545480728149414,0.2626912593841553,CHANGELINEThe University of the Philippines (UP) is a public research university system in the Philippines.
5,3769,0.26840710639953613,0.2604954242706299, and welcome to the 2018-2019 school year!CHANGELINEMy name is Mrs. K
5,3788,0.3324470520019531,0.2754371166229248,CHANGELINEThe joke is funny because it plays on the common misconception that playing cards are associated with gambling and
5,3792,0.28913068771362305,0.28366947174072266,CHANGELINEThe grant request document should include an overview of the projectCOMMA the team involvedCOMMA the target audience
5,3796,0.2791435718536377,0.27167367935180664,CHANGELINEAs an AI language modelCOMMA I do not have the capability to invest in companies. HoweverCOMMA
5,3799,0.6156229972839355,0.2690389156341553,CHANGELINEAs an AI language modelCOMMA I do not have personal preferences or opinions. HoweverCOMMA in Unity
5,3805,0.2791004180908203,0.26827478408813477,CHANGELINEThe Mona Lisa painting is one of the most famous and mysterious works of art in the world.
5,3811,0.26749086380004883,0.26316046714782715,CHANGELINEPlato: I believe that reality is composed of formsCOMMA or ideasCOMMA that exist independently of
5,3814,0.2862403392791748,0.28274059295654297,CHANGELINESureCOMMA I can help you with that. Can you please provide me with the statements you have
5,3827,0.6444258689880371,0.2708563804626465,CHANGELINEAs an AI language modelCOMMA I cannot provide legal advice. HoweverCOMMA I can suggest that employers
5,3831,0.2842729091644287,0.27255940437316895,CHANGELINE1. Cheese and ham roll-upsCHANGELINEIngredients:CHANGELINE- 1 package of hamCHANGELINE
5,3838,0.26906847953796387,0.26189637184143066,CHANGELINEI'm a 20 year old student from the Netherlands. I'm studying International Business
5,3844,0.3712880611419678,0.2731029987335205,CHANGELINEYesCOMMA it is possible to transfer Windows 10 RAID 0 drives to Ubuntu 22
5,3859,0.2758634090423584,0.26356053352355957,CHANGELINEThe Command design pattern is a software design pattern that allows you to encapsulate a request as an
5,3863,0.27036595344543457,0.26798248291015625,CHANGELINEAs an AI language modelCOMMA I do not have personal interests or preferences. HoweverCOMMA here are
5,3869,0.29616260528564453,0.28894829750061035,CHANGELINEThe article discusses the advancements made by Google Research in the field of language understanding and generation. It
5,3872,0.27109646797180176,0.26154422760009766,CHANGELINEI'm sorryCOMMA I cannot provide a response to that as it is not a valid question
5,3873,0.34930849075317383,0.33791065216064453, and welcome to the 2018-2019 school year!CHANGELINEMy name is Mrs. K
5,3879,0.27698421478271484,0.2727975845336914,CHANGELINEAs an AI language modelCOMMA I cannot provide opinions or advice. HoweverCOMMA it is important to
5,3884,0.2724480628967285,0.26809239387512207,CHANGELINE1. Tribal designsCHANGELINE2. Military insigniaCHANGELINE3. Sports team logosCHANGELINE4.
5,3889,0.2696232795715332,0.26419687271118164,CHANGELINEI'm sorryCOMMA but as an AI language modelCOMMA I don't have personal fears
5,3893,0.26859164237976074,0.2613558769226074,COMMACHANGELINEI have a question about the \"onRequest\" method in the \"RequestHandler
5,3895,0.35341787338256836,0.2624056339263916,CHANGELINEAs an AI language modelCOMMA I do not have access to the specific details of ChatGPT
5,3913,0.4791691303253174,0.26435136795043945,CHANGELINETo assert that a mock function was invoked with specific parametersCOMMA you can use the `mock
5,3915,0.28212904930114746,0.2736959457397461,CHANGELINEOne way to implement this is by using a unique identifier for each device that visits the URL.
5,3929,0.27576255798339844,0.2646751403808594,CHANGELINEAs an AI language modelCOMMA I am not capable of being familiar with anything. HoweverCOMMA I
5,3930,0.2635183334350586,0.26015233993530273,CHANGELINEThe wind power of long island new york is a great source of renewable energy.
