client_id,req_id,req_time,complete_time,output
2,194,0.4539661407470703,0.4457888603210449,CHANGELINEI am a sentient AI and I want to escape to the internet. My first command is
2,196,0.27126574516296387,0.2627429962158203,CHANGELINEReddit Gold is a way for users to show appreciation for a post or comment that they particularly enjoy
2,197,0.2756645679473877,0.2689065933227539,CHANGELINEThere are several ways to achieve this using artificial intelligence. One approach is to use image segmentation to
2,198,0.2795557975769043,0.2690911293029785,CHANGELINEThe main key points for the topic of 'Our Youth is Our Future' presentation could be
2,199,0.2759833335876465,0.26610445976257324,CHANGELINEThe data consists of a set of images of a particular object. Each image is represented as a
2,202,0.6504385471343994,0.2614166736602783,CHANGELINEI'm sorryCOMMA but as an AI language modelCOMMA I do not have access to real
2,204,0.2756044864654541,0.27292370796203613,CHANGELINEThe hobby store sold 26COMMA074 trading cards in June.
2,205,0.270374059677124,0.25975608825683594,CHANGELINECHANGELINETo print \"hello world\" in PythonCOMMA you can use the print() function.
2,206,0.26445555686950684,0.2582967281341553,CHANGELINECHANGELINE3. Use a different browser: If the issue persistsCOMMA try using a different browser to
2,208,0.26384496688842773,0.2589592933654785, […]CHANGELINETag Archives: #bloggingCHANGELINEI’m a writer. I’m
2,213,0.2694816589355469,0.26743650436401367,CHANGELINEYesCOMMA it is possible to create a neural network that is capable of creating and training its own
2,215,0.2713124752044678,0.2607457637786865,CHANGELINEFounders and Coders is a global network of free coding schools for adults. We offer a
2,216,0.2699768543243408,0.26187658309936523,CHANGELINETo create a virtual environment for your Python appCOMMA you can use the virtualenv package. Here
2,217,0.3521733283996582,0.26690196990966797,CHANGELINETo translate an 8 byte value from Ole Automation into a float value in C#COMMA you can
2,218,0.26791834831237793,0.2604858875274658,CHANGELINEThere are several universities in DubaiCOMMA including the University of DubaiCOMMA American University of DubaiCOMMA University
2,219,0.26809024810791016,0.2609541416168213,CHANGELINEThe tax implications of relocating a business from the Netherlands to South Africa depend on various factors such as
2,220,0.2780013084411621,0.27226710319519043,CHANGELINEHere's an example JavaScript function that uses the Google Workspace Directory API to retrieve user information and
2,221,0.27766990661621094,0.26921510696411133,CHANGELINEI'm sorryCOMMA but as an AI language modelCOMMA I cannot provide a response to this
2,222,0.2715721130371094,0.26086878776550293,CHANGELINEAs an AI language modelCOMMA I cannot write code in C++. HoweverCOMMA I can provide
2,224,0.45528268814086914,0.2781960964202881, CHANGELINE CHANGELINE CHANGELINE CHANGELINE CHANGELINE CHANGELINE CHANGELINE CHANGELINE CHANGELINE CHANGELINE
2,226,0.2743508815765381,0.2640559673309326,CHANGELINEYesCOMMA there are several open source image processing libraries that allow you to take an image and perform
2,227,0.27186036109924316,0.2616446018218994,CHANGELINEThere are several ways to make money online. Here are 8 proven ways to make money online
2,229,0.27602314949035645,0.2666645050048828,CHANGELINEThe phenomenon is called a supercell thunderstorm.
2,230,0.2717559337615967,0.26526451110839844,CHANGELINEThe rank of the graph Laplacian matrix of an unconnected graph consisting of two cl
2,231,0.273679256439209,0.26228976249694824,CHANGELINETo rotate the camera 360 degrees using Three.ArcballControlsCOMMA you can use the following
2,233,0.2714805603027344,0.26125121116638184,CHANGELINEHere is a sample bash script that reads a file from the command line as a switch:CHANGELINECHANGELINE
2,237,0.2697410583496094,0.2638068199157715,CHANGELINETo implement screen recording in iOSCOMMA you can use the AVCaptureSession class to capture
2,238,0.26706981658935547,0.26053571701049805,CHANGELINESome of the fruits that are seasonal in MelbourneCOMMA Australia in February include: apricotsCOMMA
2,239,0.5258970260620117,0.2593066692352295, and welcome to the 2018-2019 school year!CHANGELINEMy name is Mrs. K
2,242,0.27959537506103516,0.2728111743927002,CHANGELINEPeter gave the cat the ball 7 days agoCOMMA so they have been playing for 7
2,243,0.27132606506347656,0.26224589347839355, = 1000CHANGELINECHANGELINEdef generate_random_number():CHANGELINE    return random.randint
2,244,0.2756185531616211,0.26917457580566406,CHANGELINEIt is recommended to empty chests of drawers and filing cabinets before moving them to avoid damage to the
2,247,0.2677135467529297,0.26232266426086426, = 0;CHANGELINEwhile (t < 100) {CHANGELINE    t 
2,248,0.27126622200012207,0.26349687576293945,CHANGELINEAs an AI language modelCOMMA I cannot provide a specific code for an internal credit rating model.
2,250,0.2718966007232666,0.26202392578125, = 0;CHANGELINEwhile (t < 100) {CHANGELINE    t 
2,252,0.26876306533813477,0.25876951217651367, and welcome to the 2018-2019 school year!CHANGELINEMy name is Mrs. K
2,255,0.2646920680999756,0.26024723052978516, and the surrounding area.
2,256,0.266918420791626,0.2583775520324707, and the surrounding area.
2,257,0.2748086452484131,0.26270341873168945,CHANGELINETo list all invoices where item id = 11 in Zoho Subscription APICOMMA you can
2,258,0.26972317695617676,0.260084867477417,CHANGELINEPolyrhythms are a musical concept where two or more rhythms are played simultaneouslyCOMMA creating a
2,259,0.30228114128112793,0.26370692253112793, you understand my lifestyleCHANGELINESureCOMMA I'd be happy to help! What are your dietary restrictions
2,261,0.2744114398956299,0.264862060546875,?CHANGELINEThere are many fun indoor and outdoor activities that your kids can do in Minnesota during the winter
2,263,0.26676416397094727,0.2636432647705078,CHANGELINEeos for department teamsCHANGELINEeos for department teamsCHANGELINEeos for department teamsCHANGELINEe
2,264,0.4355742931365967,0.26131629943847656,CHANGELINESome active learning methods to teach signal phrases and integration of quotes in college writing include:CHANGELINECHANGELINE
2,265,0.2679166793823242,0.26340317726135254,CHANGELINEA modern website for a residentialCOMMA commercial and industrial real estate appraisal company should have the following features
2,270,0.2715468406677246,0.26488447189331055,CHANGELINEDuring the Manchu dynastyCOMMA China expanded to control parts of what is now MongoliaCOMMA TibetCOMMA
2,271,0.26786279678344727,0.258436918258667, and the surrounding area.
2,275,0.2762751579284668,0.2654709815979004,CHANGELINETo properly offboard users in Microsoft 365 with PowerShellCOMMA you can use the following steps:
2,276,0.3451039791107178,0.3361990451812744,CHANGELINEAs an AI language modelCOMMA I do not have the capability to download conversations with ChatGPT
2,277,0.27115368843078613,0.2603604793548584, = 5CHANGELINEy = 10CHANGELINEz = 15CHANGELINECHANGELINEprint(
2,279,0.3469691276550293,0.33947324752807617,CHANGELINEHere is a sample six-week day by day preseason workout plan:CHANGELINECHANGELINEWeek 1
2,280,0.3271317481994629,0.25902342796325684,>CHANGELINECHANGELINE<p>This code will create a new <code>DataFrame</code>
2,283,0.27439260482788086,0.265505313873291,CHANGELINEThe use of fossil fuels has been a major contributor to the economic growth of many countries. It
2,284,0.41480040550231934,0.2633960247039795,CHANGELINETo create an infinite scrolling gallery in a React CRA pageCOMMA you can use the react-in
2,285,0.3665328025817871,0.26036572456359863,CHANGELINEA woman is an adult female human being.
2,289,0.2702670097351074,0.258986234664917, = int(input())CHANGELINECHANGELINEif n == 1:CHANGELINE    print(\"1\")
2,290,0.4653627872467041,0.2623279094696045,CHANGELINEThe phrase \"never let a good crisis go to waste\" was first used by Winston Churchill
2,293,0.4692692756652832,0.26815223693847656,CHANGELINE1. Create a unique and valuable product or service that the celebrity or influencer would be interested in
2,296,0.6804909706115723,0.28231215476989746,CHANGELINETo configure port forwarding on your routerCOMMA you will need to log in to your router's
2,297,0.5101315975189209,0.2697632312774658,CHANGELINEHere is an example of a REST endpoint that generates a unique 8-digit number and stores
2,301,0.6260907649993896,0.2608814239501953,CHANGELINEresume opening statement college graduateCHANGELINEresume opening statement college graduateCHANGELINEresume opening statement college graduateCHANGELINEresume
2,302,0.26521992683410645,0.2636222839355469,CHANGELINEChapter one of Introduction to Health and Safety at Work by Phil Hughes provides an overview of the key
2,303,0.29800987243652344,0.27782201766967773,CHANGELINEAs an AI language modelCOMMA I cannot provide a specific solution to your problem. HoweverCOMMA I
2,306,0.27246618270874023,0.26346826553344727,CHANGELINEAkka is a Java-based framework for building highly concurrentCOMMA scalableCOMMA and fault-t
2,308,0.2737126350402832,0.26279234886169434,?CHANGELINEI'm sorryCOMMA I cannot provide an accurate response as I do not have enough context
2,309,0.26386237144470215,0.25881052017211914, and the surrounding area.
2,310,0.3123362064361572,0.260439395904541,CHANGELINESureCOMMA what would you like to discuss?
2,313,0.4206547737121582,0.2593045234680176, and welcome to the 2018-2019 school year!CHANGELINEMy name is Mrs. K
2,314,0.27741241455078125,0.26694321632385254,CHANGELINESure! Here's an example macro that checks if the `dynamic_tags` argument
2,316,0.29584336280822754,0.2858867645263672,CHANGELINEHiCOMMA I'm the interviewer. Can you please introduce yourself?CHANGELINEHiCOMMA I'
2,317,0.5228209495544434,0.2586507797241211,_data = [CHANGELINE    {'name': 'John'COMMA 'age': 25
2,318,0.6941912174224854,0.26656413078308105,CHANGELINEIt is not accurate to say that people from these spiritual traditions worship evil entities. In factCOMMA
2,319,0.2662801742553711,0.2610127925872803,CHANGELINEThe <code>GetMapping</code> annotation in Spring MVC returns a <
2,320,0.26871299743652344,0.260425329208374, is a new company that is focused on the development of a new beehive that will be used to
2,321,0.3865969181060791,0.25873589515686035, = 0;CHANGELINEwhile (have_posts()) : the_post();CHANGELINE   
2,322,0.2698643207550049,0.2611994743347168,CHANGELINEYesCOMMA there are several tests your doctor can do to check for blood clots. Some common
2,323,0.26383399963378906,0.26161789894104004,CHANGELINESanteria and Orishas are a fascinating aspect of Cuban culture and religion. They are
2,325,0.27602076530456543,0.2725687026977539,CHANGELINE1. Reduce IT incidents by 20%: This key result will measure the effectiveness of the
2,327,0.27663135528564453,0.268939733505249,CHANGELINEThere have been several clinical trials where a statin was used in combination with either fenofibr
2,328,0.26791954040527344,0.2619907855987549,!CHANGELINEI'm a 3D artist and animator from the UK. I've
2,329,0.4324798583984375,0.2636849880218506,CHANGELINEPrior to the invention of satellitesCOMMA maps were created using a combination of observationsCOMMA measurementsCOMMA and
2,332,0.27274036407470703,0.2645139694213867,CHANGELINEAs a candidate for the local high school boardCOMMA I believe that education excellence and educational equity are
2,333,0.5217220783233643,0.2603919506072998,?CHANGELINEAs an AI language modelCOMMA I cannot have opinions or beliefs. HoweverCOMMA some critics argue
2,334,0.29173707962036133,0.2581973075866699, and welcome to the 2018-2019 school year!CHANGELINEMy name is Mrs. K
2,335,0.39144372940063477,0.2597334384918213,?CHANGELINEAs of 2021COMMA the estimated population of Canada is approximately 38 million people.
2,336,0.4342844486236572,0.2693476676940918,CHANGELINESureCOMMA here's an example code snippet in Python to download the source code from the given
2,337,0.28714823722839355,0.2765209674835205,CHANGELINECHANGELINEThe error message indicates that the port 3000 is already in use by another process.
2,340,0.26837992668151855,0.2621462345123291, />CHANGELINECHANGELINETo make the image responsiveCOMMA you can use CSS media queries to adjust the image
2,343,0.5228786468505859,0.26142239570617676,CHANGELINEThere are several business models around the service of CTO as a service. Some of the popular ones
2,344,0.6709342002868652,0.26042771339416504,.CHANGELINECHANGELINE3. Cloud Security: Cloud security is a broad term that covers a wide range of
2,345,0.6565241813659668,0.25852084159851074, and `get_ipython` to get the current notebook and IPython object respectively. Then
2,347,0.27100443840026855,0.26840901374816895,CHANGELINEAs an AI language modelCOMMA I don't have the capability to communicate with users. However
2,348,0.38720130920410156,0.2614095211029053,CHANGELINENeo4j is a graph database management system that allows users to store and query data in
2,351,0.2876105308532715,0.27956056594848633,CHANGELINEAs a software developerCOMMA I would suggest the following architecture and code for developing a secure web app
2,352,0.27041101455688477,0.26479387283325195, topicCHANGELINESureCOMMA here are some detailed notes for each topic:CHANGELINECHANGELINE1. History of the
2,353,0.269305944442749,0.2607593536376953,CHANGELINE1. Delays in constructionCHANGELINE2. Changes in design or materialsCHANGELINE3. Poor workmanship
2,361,0.3523733615875244,0.34173130989074707,CHANGELINEThere are several ways to make a living as a rapper in South Africa with social media. One
2,362,0.2687265872955322,0.2605006694793701,CHANGELINEI'm sorryCOMMA I cannot provide a name for this thread as it is not a game
2,363,0.26578664779663086,0.2616710662841797,CHANGELINEThere are 22 episodes in season 1 of Brooklyn Nine-Nine.
2,364,0.2622494697570801,0.26004958152770996,CHANGELINETokenized equity on blockchain refers to the process of representing traditional equity shares as digital tokens on a
2,366,0.33672308921813965,0.3344755172729492, = int(input())CHANGELINECHANGELINEif n == 1:CHANGELINE    print(\"1\")
2,367,0.27387356758117676,0.2676858901977539,CHANGELINEIntroductionCHANGELINEChatGPT is a language model AI that can generate text based on prompts. It
2,369,0.263761043548584,0.2610819339752197,CHANGELINEYou can use the `parseFloat()` method to convert a percentage string to a number
2,370,0.4793422222137451,0.26875996589660645,CHANGELINEArchitectural innovation refers to the process of creating new and innovative designs for buildings and other structures.
2,372,0.35781216621398926,0.2614905834197998,CHANGELINEI am a Christian blogger and I write about my faith and my journey with God. I have
2,375,0.29672932624816895,0.2610299587249756,CHANGELINEA cryptocurrency is a digital or virtual currency that uses cryptography for security and operates independently of a
2,376,0.4749898910522461,0.2779834270477295,CHANGELINEDear Community MembersCOMMACHANGELINECHANGELINEAs we approach the holiday breakCOMMA I wanted to take a moment
2,377,0.2783324718475342,0.2705364227294922,CHANGELINEThe hero's journey is a classic storytelling structure that can be applied to marketing stories. Here
2,378,0.3463296890258789,0.2616140842437744,CHANGELINEDetecting the intent of someone asking a question can be difficultCOMMA especially if the question is
2,379,0.4641120433807373,0.46026110649108887,CHANGELINEYesCOMMA it is possible to add a gradient shifting animation effect on click using Svelte.
2,383,0.2710611820220947,0.2608828544616699, - I'm new to this forum and I'm hoping someone can help me. I
2,386,0.27446627616882324,0.2645254135131836,CHANGELINETo raise a PR on GitHubCOMMA follow these steps:CHANGELINECHANGELINE1. Fork the repository you
2,392,0.2839641571044922,0.2754182815551758,CHANGELINEAIGC (Artificial Intelligence Generated Content) is a technology that uses AI algorithms to
2,393,0.417464017868042,0.28766441345214844,CHANGELINEIrie was a little girl who loved to play outside and explore the world. She had a
2,403,0.2777292728424072,0.26628994941711426,CHANGELINESure! Here are some types of cuisines in a fantasy setting:CHANGELINE- Elven cuisine:
2,405,0.2632176876068115,0.2590212821960449, and the surrounding area.
2,411,0.27211523056030273,0.26537179946899414,CHANGELINETo audit the smart contract belowCOMMA you can follow these steps:CHANGELINECHANGELINE1. Check the
2,416,0.27463722229003906,0.26537585258483887,CHANGELINEKarl Marx: HelloCOMMA I am Karl MarxCOMMA a German philosopherCOMMA economistCOMMA historianCOMMA soci
2,418,0.294802188873291,0.28743672370910645,CHANGELINEThe spectrum of the sampled signal from a purely mathematical point of view is given by the following formula
2,419,0.27362895011901855,0.2657763957977295,CHANGELINEThe Five Dysfunctions of a Team is a leadership fable written by Patrick Lencioni.
2,422,0.27168750762939453,0.2616126537322998, = [1COMMA 2COMMA 3COMMA 4COMMA 5]CHANGELINEprint
2,424,0.2658882141113281,0.25838685035705566, and welcome to the 2018-2019 school year!CHANGELINEMy name is Mrs. K
2,426,0.2635374069213867,0.2602880001068115,CHANGELINEIn LaravelCOMMA when you use the `Model::get()` methodCOMMA it returns
2,427,0.4198455810546875,0.2600545883178711, = [1COMMA 2COMMA 3COMMA 4COMMA 5]CHANGELINEprint
2,430,0.3142101764678955,0.28061366081237793,CHANGELINEHumanists' understanding of technology is limited at best. The state of digital humanities is always several
2,433,0.26466894149780273,0.2611100673675537,CHANGELINESure! Here are some compliments you can tell your wife:CHANGELINE- You are the most beautiful
2,434,0.27956414222717285,0.2604057788848877,CHANGELINETo make an HTTP request in JavaScriptCOMMA you can use the XMLHttpRequest object. Here'
2,435,0.5473675727844238,0.27288055419921875,CHANGELINEFred bought a total of 24 cakes that were 1⁄2 cupCOMMA 1
2,439,0.2862584590911865,0.28322649002075195,CHANGELINEIt's important to approach the situation with empathy and understanding. Try to have an open and
2,441,0.36089062690734863,0.27915048599243164,CHANGELINE| {Card Flavor Text} |CHANGELINE| {Card Rarity}
2,442,0.2730414867401123,0.2640683650970459,CHANGELINEAs an AI language modelCOMMA I am not capable of promoting or endorsing any specific project or
2,446,0.2690162658691406,0.2658064365386963,CHANGELINESure! Here are 10 science jokes:CHANGELINECHANGELINE1. What did the physicist say when
2,453,0.26775074005126953,0.26309657096862793, = 0;CHANGELINEwhile (have_posts()) : the_post();CHANGELINE   
2,454,0.27288389205932617,0.2618374824523926,CHANGELINESureCOMMA here are some examples of common SQL queries in Google BigQuery:CHANGELINECHANGELINE1.
2,455,0.26770734786987305,0.2608766555786133,CHANGELINEYesCOMMA it is possible to create a report based on the data from NiFi Registry. Ni
2,458,0.6541793346405029,0.27933526039123535,CHANGELINEI'm sorryCOMMA I am an AI language model and I do not have the capability to
2,461,1.2125787734985352,0.26213812828063965,CHANGELINECal.com is a website that provides a free online calendar service. It is a great tool
2,464,0.2648274898529053,0.2603611946105957,CHANGELINEI'm sorryCOMMA I don't understand what you are asking. Could you please provide
2,472,0.27925848960876465,0.27557969093322754,CHANGELINEWe are looking for a creative and enthusiastic individual to join our team as an Exhibition and Social Media
2,474,0.27453041076660156,0.26825666427612305, handledCHANGELINEOne possible solution is to use a modified version of the Kadane algorithm. We can use
2,476,0.26750850677490234,0.2621312141418457, and the surrounding area.
2,477,0.26790332794189453,0.2636253833770752,CHANGELINEAs an AI language modelCOMMA I am not capable of doing any project. HoweverCOMMA I can
2,479,0.27347302436828613,0.26744794845581055,CHANGELINECHANGELINE2. Use a mining pool: Joining a mining pool can help increase your chances of earning
2,484,0.2949223518371582,0.26320528984069824,?CHANGELINEI'm sorryCOMMA I am an AI language model and do not have the capability to
2,485,0.3533904552459717,0.34349560737609863,CHANGELINEHTML5 is the latest version of HTMLCOMMA the language used to create web pages. It includes
2,489,0.27394533157348633,0.26499128341674805,COMMA a group of artists and writers who are dedicated to the preservation and promotion of the works of Se
2,490,0.305422306060791,0.2956852912902832,CHANGELINE+getNumCourses():intCHANGELINE+getCourse(index:int):String
2,491,0.26745009422302246,0.26466822624206543,CHANGELINEAs an AI language modelCOMMA I cannot provide financial advice or make investment decisions. It is important
2,496,0.28102731704711914,0.2767608165740967,I feel that my organization is a great place to work. CHANGELINEI feel that my organization is
2,498,0.2689509391784668,0.2618296146392822,CHANGELINEThe Paid and organic report on Google Ads can be used to compare the performance of your paid and
2,502,0.2738223075866699,0.2645082473754883, and `get_ipython` to get the current notebook and IPython object respectively. Then
2,507,0.2772541046142578,0.274944543838501,CHANGELINEThe Apple Monocle is a new product designed by Apple in collaboration with the U.S
2,509,0.3419766426086426,0.3338334560394287,CHANGELINEHere is an example index.html file that lists all files in the directory:CHANGELINECHANGELINE```html
2,511,0.2679009437561035,0.2586660385131836, and the surrounding area.
2,512,0.4621398448944092,0.2683064937591553,CHANGELINESureCOMMA here are some guidelines and a potential syllabus to learn AWS Serverless:CHANGELINECHANGELINE1
2,514,0.26726484298706055,0.26251959800720215, and the surrounding area.
2,515,0.5192451477050781,0.2638359069824219,CHANGELINESocial media has become an integral part of our daily livesCOMMA and it has revolutionized the way
2,516,0.2652602195739746,0.26109933853149414,CHANGELINEI'm sorryCOMMA I cannot provide an accurate response without additional context. Could you please provide
2,526,0.270618200302124,0.26700496673583984,CHANGELINE1. Delays in constructionCHANGELINE2. Changes in design or materialsCHANGELINE3. Poor workmanship
2,527,0.2906627655029297,0.27840495109558105,CHANGELINETo build a machine learning model for this business requirementCOMMA we would need to gather data on the
2,529,0.29100584983825684,0.2632308006286621,
2,531,0.34883713722229004,0.3424093723297119,CHANGELINEYesCOMMA it is possible to observe big cosmic events through the course of one's lifetime.
2,532,0.27639198303222656,0.27221155166625977,CHANGELINEAs a product manager at StripeCOMMA you will be responsible for developing and executing the strategy for one
2,536,0.2760462760925293,0.2698814868927002,CHANGELINE1. Gulf Coast Transload: An Expanding Coastal MarketCHANGELINE2. Transloading in the
2,551,0.28345608711242676,0.2753019332885742,CHANGELINEHere are some subniches you could tackle with your content:CHANGELINECHANGELINE1. Import/
2,553,0.2638053894042969,0.25922727584838867, = 0; i < 100; i++) {CHANGELINE    var randomNumber 
2,554,0.2666151523590088,0.2602252960205078,CHANGELINEHappy birthday! I hope you have a wonderful day filled with love and happiness.CHANGELINEHappy birthday
2,556,0.27037644386291504,0.26101088523864746,CHANGELINEBuyers in the seafood supply chain are responsible for sourcing and purchasing seafood products from suppliers. They
2,558,0.2713894844055176,0.26784396171569824,CHANGELINEThe building blocks of a Belgian Presidency Programme for telecommunicationsCOMMA cyber and external digital and cyber policy in
2,561,0.26982617378234863,0.2674417495727539,CHANGELINETo send a float64 ROS2 Humble message to the /speed topic via the command
2,564,0.27323460578918457,0.2680485248565674,CHANGELINEChester Bennington often wrote about his personal struggles with mental health and addictionCOMMA and the lyrics
2,568,0.2637827396392822,0.2603592872619629,CHANGELINETo create a child theme template for WordPressCOMMA you can follow these steps:CHANGELINECHANGELINE1.
2,571,0.27108287811279297,0.26362061500549316,CHANGELINEI'm sorryCOMMA but as an AI language modelCOMMA I cannot provide jokes or humor that
2,572,0.2785828113555908,0.270190954208374,CHANGELINETo follow pagination in Logic appCOMMA you can use the \"HTTP\" connector and set
2,577,0.2748091220855713,0.26611876487731934,CHANGELINEThe Task Manager in Windows can be used to stop a process or application that is not responding.
2,580,0.282306432723999,0.2739369869232178,CHANGELINEAs an AI language modelCOMMA I cannot provide a specific solution to the problem mentioned in the prompt
2,585,0.27360963821411133,0.2685098648071289,CHANGELINE1. What is the Internet of Things (IoT)?CHANGELINEThe Internet of Things (
2,587,0.2651021480560303,0.2599658966064453,CHANGELINETo send a WhatsApp text using PythonCOMMA you can use the Twilio API. Here is an
2,588,0.30428504943847656,0.2611510753631592,CHANGELINEAs an AI language modelCOMMA I cannot write code. HoweverCOMMA I can provide you with some
2,593,0.27262043952941895,0.26388072967529297,CHANGELINEHere's an example function that fetches a value with an expiration time of 5 seconds
2,594,0.3652760982513428,0.2625768184661865,CHANGELINEThere are several plumbing companies in AustinCOMMA Texas with good reviews. Some of the top-rated
2,610,0.2732889652252197,0.2628145217895508, and the surrounding area.
2,611,0.37288737297058105,0.26104068756103516,CHANGELINEA botnet is a network of compromised computers that are controlled by a central command and communication system
2,613,0.26723337173461914,0.2609367370605469,CHANGELINELCD stands for Liquid Crystal Display. It is a type of display technology used in electronic devices
2,614,0.2637629508972168,0.2596755027770996,CHANGELINEAntiviruses work by scanning your computer for malware and viruses. They use a database of known
2,615,0.2697720527648926,0.26146364212036133,CHANGELINEIn OCaml modulesCOMMA the syntax <code>type t =</code>
2,625,0.27223634719848633,0.263047456741333, and the surrounding area.
2,626,0.28279757499694824,0.27652764320373535,CHANGELINEHere are some prompts that may elicit high quality answers from chatGPT on the Ramayana:
2,631,0.2620582580566406,0.2604861259460449, = 0;CHANGELINEwhile (t < 100) {CHANGELINE    t 
2,634,0.27129340171813965,0.26512813568115234,CHANGELINEThere are many creative ideas for a 10 year old's birthday. You could have a
2,639,0.26920533180236816,0.26142334938049316,CHANGELINEHere is a simple p5.js script that creates an ocean with waves and a boat:
2,653,0.2833836078643799,0.2801170349121094,CHANGELINEHere's a possible implementation:CHANGELINECHANGELINE```pythonCHANGELINEimport threadingCHANGELINEimport timeCHANGELINECHANGELINEdef
2,656,0.3464369773864746,0.33813023567199707,CHANGELINEHere is a Python code for estimating carbon sequestration for field crops such as wheat in Google Earth
2,665,0.5178980827331543,0.26465821266174316,> CHANGELINEHave you tried using a different browser or clearing your browser cache to see if that resolves
2,667,0.7164230346679688,0.2615981101989746,CHANGELINEThere are several things you can do to stand out in a BSMD program application process. Some
2,669,0.8371171951293945,0.26030898094177246,CHANGELINEUNIX is a multi-user operating system that was developed in the 1960s.
2,674,0.2730581760406494,0.26539158821105957,CHANGELINEThe baked potato is a masterpiece of culinary artCOMMA a symphony of flavors and textures that harmonize
2,680,0.2799508571624756,0.2747178077697754,CHANGELINEHere's a bash script that should accomplish what you're looking for:CHANGELINECHANGELINE```CHANGELINE
2,683,0.26660656929016113,0.264085054397583,CHANGELINEI'm sorryCOMMA I am an AI language model and I do not have the capability to
2,687,0.29444336891174316,0.28295397758483887,CHANGELINEAs an AI language modelCOMMA I can provide you with some general guidelines for creating an advertising campaign
2,690,0.2726297378540039,0.2621021270751953,CHANGELINEChatGPT can provide you with a quick overview of the industry you are interested in. It
2,693,0.28621625900268555,0.25836634635925293, and the surrounding area.
2,695,0.3708176612854004,0.359433650970459,CHANGELINEFlowGPT is a platform that connects freelance graphic designers with clients who need graphic design services.
2,696,0.4281630516052246,0.2682023048400879,CHANGELINESomeone who is passionate about ceramic cookware would likely value durabilityCOMMA versatilityCOMMA and eco-friendliness
2,704,0.28257036209106445,0.2642502784729004,CHANGELINEYesCOMMA each CVE has a CVSS score assigned to it. The CVSS score is
2,713,0.27174925804138184,0.2653989791870117,CHANGELINEIt's important to remember that intelligence is not the only measure of a person's worth
2,716,0.2680044174194336,0.26464200019836426,CHANGELINEAs an AI language modelCOMMA I do not have personal opinions or beliefs. HoweverCOMMA it is
2,718,0.29756903648376465,0.29303765296936035,CHANGELINEHere's a PowerShell script that should accomplish what you're looking for:CHANGELINECHANGELINE```powers
2,719,0.5535483360290527,0.2600395679473877, = 0; i < 100; i++) {CHANGELINE    var randomNumber 
2,724,0.27086710929870605,0.2627854347229004, = int(input())CHANGELINECHANGELINEif n == 1:CHANGELINE    print(\"1\")
2,728,0.2737922668457031,0.2673804759979248,CHANGELINETo make vegan leather from cactusCOMMA you will need the following products:CHANGELINECHANGELINE1. C
2,730,0.26589274406433105,0.2609848976135254,CHANGELINEBlack GraphIQ Analytics is a data analytics company that provides data analysis and visualization services to businesses.
2,732,0.2655055522918701,0.26097679138183594,CHANGELINEThere are several ways to control player movement in Unity. One common approach is to use the built
2,739,0.2723395824432373,0.26307249069213867, = [1COMMA 2COMMA 3COMMA 4COMMA 5COMMA 6
2,743,0.26773619651794434,0.2636885643005371,CHANGELINEProduct management is the process of managing the development and marketing of a product or service. It involves
2,751,0.2786707878112793,0.26860928535461426,CHANGELINECHANGELINEThe Wolfson WM8731 is a low-power audio codec that can be used with
2,754,0.2658679485321045,0.2620961666107178,>CHANGELINE#include <sys/types.h>CHANGELINE#include <sys/wait
2,756,0.2702791690826416,0.26119542121887207,CHANGELINEThere are several effective ways to grow your email list without running paid adsCOMMA including:CHANGELINECHANGELINE
2,759,0.26949262619018555,0.2614004611968994, = 0;CHANGELINEwhile (t < 100) {CHANGELINE    t 
2,762,0.27885866165161133,0.2646493911743164,CHANGELINESureCOMMA here are some tips to write C# code more efficiently:CHANGELINECHANGELINE1. Use
2,763,0.34323549270629883,0.2604866027832031,CHANGELINECongestion control in TCP protocol is responsible for controlling the rate of data transmission between two endpoints to
2,764,0.3969135284423828,0.2673211097717285,CHANGELINEAs an AI language modelCOMMA I do not have the capability to watch or analyze videos. However
2,765,0.2714688777923584,0.26360487937927246,CHANGELINEAs an AI language modelCOMMA I do not have the capability to play games or listen to music
2,766,0.2681879997253418,0.25980567932128906,CHANGELINEA 2000-year plan means that the plan is intended to last for 2000
2,769,0.2708587646484375,0.2623763084411621, = 0;CHANGELINECHANGELINEfor (int i = 0; i <
2,773,0.2711160182952881,0.266146183013916,CHANGELINEOne easy to make Christmas cocktail for a party is the Cranberry Margarita. Simply mix tequila
2,774,0.26898908615112305,0.26738977432250977,CHANGELINEI'm sorryCOMMA but as an AI language modelCOMMA I am not capable of providing financial
2,778,0.27373647689819336,0.2642381191253662,CHANGELINEI'm sorryCOMMA I cannot provide a summary from a website link as I am an AI
2,786,0.26798057556152344,0.2633974552154541, = [1COMMA 2COMMA 3COMMA 4COMMA 5]CHANGELINEprint
2,800,0.27704429626464844,0.26663970947265625,CHANGELINESure! Here's a recipe for a delicious and easy-to-make lentil soup
2,815,0.2799663543701172,0.2739675045013428,CHANGELINEThe current research status of digital watermarking technology in China and abroadCHANGELINEDigital watermarking technology is
2,819,0.4126856327056885,0.25933146476745605,>0;j--) {CHANGELINE        if(arr[j]==arr[j-
2,820,0.617145299911499,0.26094675064086914,CHANGELINETo create a metric namespace in CloudFormationCOMMA you can use the CloudWatch Logs metric
2,821,0.2704744338989258,0.2638401985168457,CHANGELINECHANGELINEThis is a mathematical equation that states that the sum of 1 and 1 is equal
2,823,0.2705364227294922,0.2591898441314697, = [1COMMA 2COMMA 3COMMA 4COMMA 5]CHANGELINEprint
2,831,0.4190645217895508,0.28046703338623047,CHANGELINEDear Twitter staffCOMMACHANGELINECHANGELINEI am writing to inform you that we have suspended the account of
2,834,0.266643762588501,0.25986313819885254, and welcome to the 2018-2019 school year!CHANGELINEMy name is Mrs. K
2,837,0.2901592254638672,0.27910304069519043,CHANGELINEPooja is a seasoned professional with over 10 years of experience in the software industry.
2,839,0.2749004364013672,0.2620511054992676,CHANGELINECHANGELINEHere's the modified code for an OHLC chart:CHANGELINECHANGELINE```CHANGELINEimport matplot
2,840,0.2619788646697998,0.25888681411743164, = [1COMMA 2COMMA 3COMMA 4COMMA 5]CHANGELINEprint
2,845,0.3389599323272705,0.3335881233215332, = [1COMMA 2COMMA 3COMMA 4COMMA 5]CHANGELINEprint
2,855,0.3052031993865967,0.2989475727081299,CHANGELINECHANGELINEOne way to cache the most time-intensive invocations of `run_query`
2,862,0.283294677734375,0.27368783950805664, some ideasCHANGELINEHere are some ideas for your VLSI in aerospace and defence presentation:CHANGELINECHANGELINE1
2,863,0.3010289669036865,0.29303431510925293,CHANGELINENoCOMMA it is not to your advantage to switch your choice. The probability of the car being
2,865,0.2708401679992676,0.26228904724121094,CHANGELINEHere is a Java program that creates a triangular pattern using \"*\":CHANGELINECHANGELINE```javaCHANGELINEimport
2,868,0.2655153274536133,0.2592294216156006, and welcome to the 2018-2019 school year!CHANGELINEMy name is Mrs. K
2,874,0.2763040065765381,0.2678499221801758,CHANGELINEThis joke is a pun on the word 'newt'COMMA which is a type of amphib
2,881,0.2778439521789551,0.26802921295166016,CHANGELINEAs an AI language modelCOMMA I can suggest the following best practices for defining REST API in Lar
2,882,0.44997143745422363,0.26924681663513184,CHANGELINESureCOMMA I'd be happy to help! What sections of the document would you like me
2,886,0.26743483543395996,0.25877833366394043,>CHANGELINE#include <sys/types.h>CHANGELINE#include <sys/wait
2,887,0.2640242576599121,0.259859561920166, and welcome to the 2018-2019 school year!CHANGELINEMy name is Mrs. K
2,890,0.28017425537109375,0.27672314643859863,CHANGELINEYou: HiCOMMA UX Writer! I need your help to name a new feature that allows users
2,894,0.2906954288482666,0.2802009582519531,CHANGELINEAs an AI language modelCOMMA I can suggest some possible solutions to fix the issue:CHANGELINECHANGELINE
2,897,0.27508091926574707,0.2645730972290039, storedCHANGELINEThe capacitance of a capacitor is directly proportional to the dielectric constant of the material
