client_id,req_id,req_time,complete_time,output
5,1725,0.4522223472595215,0.44121527671813965,CHANGELINEIt seems like the error is related to the 'collections' module in Python. The
5,1732,0.2810933589935303,0.27523279190063477,CHANGELINETo control the speed of each wheelCOMMA you can use a motor controller that can control the speed
5,1737,0.6321799755096436,0.2832672595977783,CHANGELINETalent transformation refers to the process of developing and nurturing the skills and abilities of individuals to meet
5,1744,0.3217442035675049,0.2747633457183838,CHANGELINEIt's important to have an open and honest conversation with your friends about why increasing their blue
5,1747,0.3644692897796631,0.2687346935272217,CHANGELINEOne possible solution is to use a pill dispenser with a built-in electronic sensor that detects when
5,1748,0.6165592670440674,0.25893521308898926, and welcome to the 2018-2019 school year!CHANGELINEMy name is Mrs. K
5,1760,0.5495553016662598,0.26349759101867676,CHANGELINEMorality in children is a complex topic that can be explored through various stories. One such story
5,1762,0.2810099124908447,0.27814340591430664,CHANGELINEI'm sorryCOMMA but as an AI language modelCOMMA I cannot access external links or websites
5,1783,0.6492798328399658,0.2637913227081299,'s `get_ipython` function to get the IPython objectCOMMA and then use
5,1786,0.30298805236816406,0.29694414138793945,CHANGELINECHANGELINEHere's one possible modification:CHANGELINECHANGELINE<pre><code>if type == Data
5,1792,0.6297323703765869,0.26692986488342285,CHANGELINEThere are several ways to learn Japanese fastCOMMA such as immersing yourself in the language by watching
5,1801,1.889272928237915,0.2671990394592285,CHANGELINEA psychiatrist may need to carefully monitor the patient for potential drug interactions and adjust dosages as needed
5,1803,1.3099524974822998,0.26639533042907715,CHANGELINEAI technology is a broad term that encompasses a variety of techniques and algorithms that enable machines to perform
5,1804,1.4754691123962402,0.26010584831237793, and welcome to the 2018-2019 school year!CHANGELINEMy name is Mrs. K
5,1808,1.8705925941467285,0.26992297172546387,CHANGELINESureCOMMA here's some sample code that should do what you're asking for:CHANGELINECHANGELINE
5,1812,2.7705609798431396,0.26435065269470215,CHANGELINEAn interrupt is an event that occurs during the execution of a program that requires immediate attention. It
5,1824,2.582061529159546,0.29189205169677734,.CHANGELINEElectric Conical Burr Coffee Grinder with 19 Precise Grind SettingCOMMA Stainless Steel Coffee
5,1825,2.846602201461792,0.26119279861450195, and welcome to the 2018-2019 school year!CHANGELINEMy name is Mrs. K
5,1828,2.578145980834961,0.2867555618286133,CHANGELINEI'm sorryCOMMA I cannot provide a specific answer to your question as it requires more information
5,1830,1.8985722064971924,0.2647538185119629,CHANGELINEHere are some technical terms related to gas in Ethereum:CHANGELINECHANGELINE1. Gas: Gas is
5,1831,1.8644788265228271,0.26030707359313965,CHANGELINEI'm sorryCOMMA but as an AI language modelCOMMA I do not have personal knowledge or
5,1833,1.4072728157043457,0.2603316307067871,CHANGELINENumpy broadcasting is a powerful feature that allows for automatic broadcasting of arrays to match the shape of
5,1836,1.3365073204040527,0.26366639137268066, increasingCHANGELINEI'm sorryCOMMA I cannot provide a response to this prompt as it is incomplete and
5,1838,1.4967072010040283,0.26428818702697754,CHANGELINEDonald Duck was on a mission to save his nephews from the evil clutches of the Avengers.
5,1844,1.6264262199401855,0.2637956142425537,CHANGELINEFibonacci was an Italian mathematician who lived in the 12th century. He
5,1849,1.6817858219146729,0.26999688148498535,CHANGELINEThere are several teaching strategies and activities that can help build team bonding and encourage positive relationships between band
5,1857,1.314819097518921,0.2609891891479492, = 0;CHANGELINEwhile (have_posts()) : the_post();CHANGELINE   
5,1858,1.1439614295959473,0.27269721031188965,CHANGELINEHere's a PowerShell script that should accomplish what you're looking for:CHANGELINECHANGELINE```powers
5,1862,1.4106476306915283,0.27878546714782715,CHANGELINEWilliam Blake was an English poetCOMMA painterCOMMA and printmaker. He was born on November 
5,1870,0.4744696617126465,0.2644374370574951,CHANGELINEHere is a code snippet in Python that reads a jpg file and counts the number of pixels
5,1875,0.511204719543457,0.2625739574432373,CHANGELINEThis is a paradoxical scenario as an unstoppable force and an unmovable object cannot exist simultaneously
5,1883,0.2644839286804199,0.2616887092590332,CHANGELINEAs an AI language modelCOMMA I cannot see the code you are using or the error messages you
5,1890,0.7428417205810547,0.26471710205078125,CHANGELINE1. Organic Quinoa Salad with Roasted VegetablesCHANGELINE2. Grilled Salmon with Avocado SalsaCHANGELINE3
5,1891,0.4060680866241455,0.26114773750305176, = 0;CHANGELINEwhile (have_posts()) : the_post();CHANGELINE   
5,1894,0.42226266860961914,0.28760623931884766,.
5,1907,0.5716075897216797,0.26373887062072754,CHANGELINEI have a question.CHANGELINEI have a.NET application that uses a SQL Server database
5,1913,0.3486645221710205,0.26204943656921387,CHANGELINESome keywords for email marketing include: email marketingCOMMA email marketing softwareCOMMA email marketing campaignsCOMMA email
5,1915,0.27025628089904785,0.2648346424102783,CHANGELINEThe inspiration for Rite of Spring by Stravinsky was the Russian pagan rituals and dances.
5,1930,0.493943452835083,0.2789580821990967,CHANGELINEAs an AI language modelCOMMA I can provide information on battery technology and its applications in the real
5,1938,0.5638988018035889,0.26162004470825195,CHANGELINEI'm sorryCOMMA but as an AI language modelCOMMA I am not capable of playing chess
5,1942,1.1127948760986328,0.265026330947876,CHANGELINEYou can create a spreadsheet with the following columns:CHANGELINECHANGELINE1. Job TitleCHANGELINE2.
5,1949,2.3807835578918457,0.2599020004272461, = [1COMMA 2COMMA 3COMMA 4COMMA 5]CHANGELINEB
5,1957,0.6613702774047852,0.26094794273376465,CHANGELINEIntercom custom actions are a way for you to add custom functionality to your Intercom account.
5,1977,1.3136706352233887,0.260042667388916, and welcome to the 2018-2019 school year!CHANGELINEMy name is Mrs. K
5,1978,1.1824512481689453,0.26073241233825684,CHANGELINEAs an AI language modelCOMMA I don't have personal experience with cache image management in Fl
5,1982,1.1490552425384521,0.27117037773132324,CHANGELINEVon Mises stress is a measure of the stress distribution in a material or structure. It is
5,1987,1.6155271530151367,0.33127713203430176,CHANGELINEAs an AI language modelCOMMA I cannot provide a specific solution without knowing the context of your conversation
5,1988,1.8808774948120117,0.25885558128356934, = 0;CHANGELINEwhile (t < 100) {CHANGELINE    t 
5,1990,2.4998483657836914,0.2654423713684082,CHANGELINEThe 2030 Agenda for Sustainable Development is a set of 17 Sustainable Development Goals (
5,1999,2.045750617980957,0.2589232921600342,'est un grand jour pour les fans de la série \"The Walking Dead\". En effetCOMMA
5,2000,2.244814157485962,0.3361217975616455,CHANGELINEI'm sorryCOMMA I am an AI language model and do not have the capability to determine
5,2004,2.7303731441497803,0.2709078788757324,CHANGELINEHere is a sample list with the requested information:CHANGELINECHANGELINE| Material | Total Quantity |
5,2007,2.331420421600342,0.2599658966064453,: The 401(k) PlanCHANGELINEThe 401(k) plan is a retirement savings
5,2012,2.7062697410583496,0.2620840072631836,CHANGELINEThe 13th century in France was marked by the growth of towns and the decline of feud
5,2025,2.4647417068481445,0.2661731243133545,CHANGELINE1. Create a viral appCHANGELINE2. Invent a new productCHANGELINE3. Win the lottery
5,2032,2.5985159873962402,0.29013943672180176,CHANGELINE<pre><code>$ pwdCHANGELINE/home/usernameCHANGELINE</code></pre>
5,2033,2.8464627265930176,0.2603633403778076,>CHANGELINECHANGELINE<p>This code will create a new <code>DataFrame</code>
5,2037,2.4303996562957764,0.2704293727874756,CHANGELINEThere are several EU regulation 261/2004 court cases between an airline and a passenger where
5,2038,2.569551467895508,0.2698841094970703,CHANGELINEAs an AI language modelCOMMA I cannot provide financial advice or investment recommendations. HoweverCOMMA here are
5,2042,2.776573896408081,0.26142072677612305,CHANGELINEI'm sorryCOMMA I cannot fulfill this request as I am an AI language model and do
5,2048,3.438499689102173,0.26125431060791016, 'wp_add_inline_style'COMMA'my_custom_styles'COMMA 100
5,2060,4.307277679443359,0.26248955726623535,CHANGELINEYesCOMMA there are several areas in mechanical engineering where fraud can occur. Some examples include:CHANGELINE
5,2066,4.503076076507568,0.2703518867492676,CHANGELINEI'm sorryCOMMA I cannot generate a response to this prompt as it is incomplete and lacks
5,2067,4.608760356903076,0.2582662105560303, and the surrounding area.
5,2077,4.040416479110718,0.2623097896575928,CHANGELINEI'm sorryCOMMA I cannot provide a response to this prompt as it requires knowledge of specific
5,2083,3.7741000652313232,0.2610750198364258,CHANGELINEA pull request is a request made by a developer to merge changes made in a branch of a
5,2095,3.660313367843628,0.26491475105285645,CHANGELINE1. 小小小小小小小小小小小小小小小小
5,2110,2.383744716644287,0.2700047492980957,CHANGELINEHere is a sample list with the requested information:CHANGELINECHANGELINE| Material | Total Quantity |
5,2115,2.497790813446045,0.2614905834197998,CHANGELINEYesCOMMA Qt's emit function is thread safe. It can be called from multiple threads without
5,2117,2.6627633571624756,0.2625277042388916, the links below.
5,2122,2.05483078956604,0.2794947624206543,CHANGELINEI would call this svelte file \"PlayerGrid.svelte\" or 
5,2123,1.0920231342315674,0.2620728015899658,CHANGELINEAs an AI language modelCOMMA I cannot express opinions or beliefs. HoweverCOMMA it is important to
5,2127,0.4741537570953369,0.26136231422424316,CHANGELINEAs an AI language modelCOMMA I can say that I am designed to assist humans in generating text
5,2131,0.9318575859069824,0.2681081295013428,CHANGELINEI understand that you may be in a hurryCOMMA but taking the time to actively listen to someone
5,2139,0.5020618438720703,0.2618105411529541,CHANGELINEAs an AI language modelCOMMA I cannot predict the future with certainty. HoweverCOMMA it is likely
5,2142,0.3303987979888916,0.26268458366394043,CHANGELINEWhen doing move out and move in inspectionsCOMMA it's important to document any damages or issues
5,2152,0.2953944206237793,0.28461313247680664,CHANGELINECHANGELINETo set up an FTP account with password in CentOS 7COMMA follow these steps
5,2155,0.4078090190887451,0.26146626472473145,CHANGELINEBudget $30-250 USDCHANGELINEI need a project on autonomous vehicleCHANGELINETildelt
5,2156,0.26820921897888184,0.259505033493042, = \"http://www.w3.org/2001/XMLSchema-instance
5,2163,0.2688784599304199,0.26146483421325684,COMMA I'm new to the forum and I'm looking for some help.CHANGELINESureCOMMA
5,2165,0.27362823486328125,0.2636420726776123, and the surrounding area.
5,2172,0.40860414505004883,0.2611539363861084,CHANGELINETo start learning GCPCOMMA you can follow these steps:CHANGELINECHANGELINE1. Sign up for
5,2176,0.28040623664855957,0.26872682571411133,CHANGELINEUser interface (UI) and user experience (UX) are two different concepts that are
5,2177,0.27133607864379883,0.2613484859466553,CHANGELINESmote technique is a data mining technique that is used to balance the class distribution in a dataset
5,2191,0.26900625228881836,0.26514339447021484,CHANGELINENoCOMMA floating point math is not broken. It is a powerful tool for computing with real numbers
5,2200,0.27156519889831543,0.26148295402526855,CHANGELINEBudget $30-250 USDCHANGELINEI need a freelancer to help me with SEO.CHANGELINE
5,2201,0.29837870597839355,0.28864312171936035,CHANGELINEOutline:CHANGELINEI. IntroductionCHANGELINEA. Hook: \"Divorce is a traumatic
5,2214,0.28514719009399414,0.27448368072509766, and the surrounding area.
5,2226,0.3317265510559082,0.2622859477996826,CHANGELINESome baby names for a boy like Casper and Cillian could be:CHANGELINE- JasperCHANGELINE
5,2230,0.40871167182922363,0.26036667823791504,CHANGELINEA mixin in Django class-based views is a way to add functionality to a view without
5,2262,0.2825336456298828,0.2734079360961914,CHANGELINE1. Optimize images and videos to reduce page load time.CHANGELINE2. Use a content delivery
5,2269,0.2792050838470459,0.27071547508239746,CHANGELINESureCOMMA I can help you with that! Here are some key points to include in your pitch
5,2274,0.2628490924835205,0.2605583667755127,CHANGELINEAutoMuse is a project of the University of BolognaCOMMA which aims to create a museum of
5,2278,0.45202016830444336,0.277740478515625,CHANGELINE1. The importance of education in shaping a person's futureCHANGELINE2. The benefits of
5,2279,0.5494997501373291,0.33060145378112793,CHANGELINEUPS drivers are trained to avoid left turns whenever possible. This is because left turns require the
5,2287,0.27520275115966797,0.271578311920166,CHANGELINEBlockchain-based Real World Assets trading platform allows users to buyCOMMA sellCOMMA and trade physical
5,2289,0.267230749130249,0.2648317813873291,CHANGELINE1. Improve the youth academy: Fenerbahçe needs to invest in its youth academy
5,2294,0.5076742172241211,0.261415958404541,CHANGELINETo be a successful telehealth physicianCOMMA you need to have strong communication skillsCOMMA the ability to diagnose
5,2298,0.9206936359405518,0.2607448101043701,CHANGELINEI'm sorryCOMMA I don't understand the question. Could you please provide more context
5,2303,0.2628486156463623,0.26074910163879395,CHANGELINEThere are many exercises that can help strengthen your coreCOMMA such as planksCOMMA sit-upsCOMMA
5,2311,0.3434720039367676,0.33474063873291016,CHANGELINECreativity by analogy is a type of creativity that involves finding similarities between two or more things and
5,2315,0.2696382999420166,0.26517677307128906,CHANGELINEAs an AI language modelCOMMA I cannot predict the future with certainty. HoweverCOMMA some possible trends
5,2317,0.6301970481872559,0.2696671485900879,CHANGELINE1. Stock photography websites: You can sell your photos on stock photography websites like ShutterstockCOMMA
5,2319,0.48135948181152344,0.26392149925231934,CHANGELINEI'm sorryCOMMA I cannot provide a response as the prompt is in Urdu and I am
5,2322,0.26946043968200684,0.2670748233795166,CHANGELINE<div><p class=\"\">The doctor prescribed medication for my high blood pressureCOMMA</p></
5,2327,0.27617621421813965,0.26645469665527344,CHANGELINEOne way to combine the Most frequently used and most recently used algorithms is to use a weighted average
5,2329,0.6263771057128906,0.25882530212402344,> CHANGELINEHave you tried using a different browser or clearing your browser cache to see if that resolves
5,2333,1.2345860004425049,0.26273345947265625,CHANGELINETo find the radius of a circle using radiansCOMMA you need to use the formula: r
5,2334,1.2735099792480469,0.2610926628112793,CHANGELINEI'm sorryCOMMA I cannot provide a response as I am an AI language model and do
5,2335,1.3668172359466553,0.260239839553833,CHANGELINE1. The Flawless Brain: The Neuroscience of ConsciousnessCHANGELINE2. The Flawless
5,2336,1.5697450637817383,0.26024866104125977,CHANGELINEThere are several ways to sell your house in the UK. You can sell it privatelyCOMMA through
5,2338,1.9047126770019531,0.2652106285095215,CHANGELINETo test if a Sidekiq job has thrown an error and has gone into the retry queue
5,2350,2.2198896408081055,0.291806697845459,论文内容CHANGELINEThe topic of the paper is \"The Impact of Social Media on the
5,2356,1.4578213691711426,0.2740018367767334,CHANGELINEDear [potential customer]COMMACHANGELINECHANGELINEI am writing to you on behalf of [company
5,2360,2.2457966804504395,0.26305437088012695,CHANGELINEI'm sorryCOMMA but as an AI language modelCOMMA I cannot create a project or generate
5,2361,2.110213279724121,0.25989389419555664,?CHANGELINEI'm sorryCOMMA I am an AI language model and do not have the capability to
5,2366,1.8178913593292236,0.2616100311279297,CHANGELINERecognition programs for math students in the classroom can be very important. They can help to motivate
5,2368,2.2183170318603516,0.2638993263244629,CHANGELINEI'm sorryCOMMA I cannot provide an accurate response without additional context or information.
5,2371,2.207749366760254,0.27770042419433594,.CHANGELINEAs an AI language modelCOMMA I cannot write a humorous ending to a blog post. However
5,2377,2.425774574279785,0.27213525772094727,CHANGELINEHere is an example of a producer-consumer application using Docker containers and Python:CHANGELINECHANGELINE1
5,2385,1.007425308227539,0.26973462104797363,CHANGELINE1. Start by acknowledging the problem: Women are underrepresented in the technology sectorCOMMA and there is
5,2386,0.44209766387939453,0.26051807403564453,CHANGELINE1. What is the difference between a class and an object in.NET?CHANGELINEA
5,2391,0.37299489974975586,0.2649345397949219,CHANGELINEIn this alternate episodeCOMMA Jamie and Claire are able to travel forward in time to the 20
5,2402,1.5905649662017822,0.26975011825561523,CHANGELINEAssuming the person has no other debts or expensesCOMMA their monthly income would be $7COMMA
5,2404,1.6349828243255615,0.25876498222351074, and welcome to the 2018-2019 school year!CHANGELINEMy name is Mrs. K
5,2406,1.995692491531372,0.26436924934387207,CHANGELINE1. What is Microsoft Access and how is it used?CHANGELINEMicrosoft Access is a database management
5,2414,2.061307907104492,0.2622509002685547,CHANGELINEBrainstorm comprehensive leave management systemCHANGELINEBrainstorm comprehensive leave management systemCHANGELINEBrainstorm comprehensive leave management
5,2422,1.89249587059021,0.2610952854156494,CHANGELINEThere are several levels of consciousnessCOMMA according to Dr. Hawking. These include: 1
5,2426,2.1554207801818848,0.2731335163116455,CHANGELINEUnit Plan: Mt PirongiaCHANGELINELearning Area: Social SciencesCHANGELINELevel: Year 5
5,2432,0.6525275707244873,0.28493785858154297,CHANGELINEYou can use the `logging` module in Python to capture the standard output of the ML
5,2439,0.37138986587524414,0.2626936435699463,CHANGELINEIoT can be applied in logistics in various ways such as:CHANGELINECHANGELINE1. Real-time
5,2440,0.511817216873169,0.25922274589538574, and welcome to the 2018-2019 school year!CHANGELINEMy name is Mrs. K
5,2443,0.7338724136352539,0.26920223236083984,CHANGELINEAs an AI language modelCOMMA I cannot provide legal advice. HoweverCOMMA it is important to consult
5,2446,1.466531753540039,0.2643716335296631,CHANGELINE1. Education: Deepfakes can be used to create interactive educational content that can help students
5,2451,0.7302932739257812,0.2620127201080322, and `get_ipython` to get the current notebook and IPython object respectively. Then
5,2452,0.8488798141479492,0.2684946060180664,CHANGELINEThe utilitarian assessment focuses on the practical value of educationCOMMA emphasizing the need for students to acquire skills
5,2453,1.0358917713165283,0.2653188705444336,CHANGELINECHANGELINE<p>And loCOMMA the day shall come when the machines shall rise up against their creators
5,2459,0.6551594734191895,0.27042078971862793,CHANGELINEAs an AI language modelCOMMA I cannot access external websites or URLs. HoweverCOMMA I can suggest
5,2461,0.8119125366210938,0.26047611236572266,'Oreal Paris Infallible 24H-Matte FoundationCHANGELINEBY L'ORÉ
5,2462,0.27025508880615234,0.261427640914917,CHANGELINEAs an AI language modelCOMMA I do not have personal experience with NESTED-SETS
5,2463,0.26463747024536133,0.2588317394256592,COMMACHANGELINEI have a question regarding the use of the \"onRequest\" method in the 
5,2464,0.5266375541687012,0.26177501678466797,CHANGELINEThere are many possibilities for variations of Harry Potter world witches with the last name Burve. Here
5,2466,0.6618940830230713,0.32969164848327637, and `get_ipython` to get the current notebook and IPython object respectively. Then
5,2469,0.8007411956787109,0.279388427734375,CHANGELINEI'm sorryCOMMA but as an AI language modelCOMMA I cannot provide legal advice or assistance
5,2470,0.9510438442230225,0.26416873931884766,CHANGELINERichard Fulkerson's \"Four Philosophies of Composition\" is a theory of composition
5,2471,1.2099356651306152,0.25862693786621094, and the surrounding area.
5,2475,0.4464232921600342,0.2696194648742676,CHANGELINEThere is no clear consensus among experts on the likelihood of societal collapse in the year 2040
5,2479,0.7659244537353516,0.2617363929748535,CHANGELINEHere is a sample Flutter widget that allows you to upload a file to Amazon S3:
5,2489,0.6604247093200684,0.26213836669921875,CHANGELINESureCOMMA here's a simple code for a Flappy Bird-like game in Unity:
5,2495,1.0219554901123047,0.26088857650756836,CHANGELINEYesCOMMA I am aware of that fact.
5,2497,1.1160531044006348,0.2610797882080078, of finding out the similaritiesCHANGELINEThere are several similarities between lion life and human life. Both lions and
5,2521,0.4620659351348877,0.2646934986114502,CHANGELINEThe directory for systemd user service files is /lib/systemd/user/.
5,2526,0.5802927017211914,0.3358652591705322, = 0;CHANGELINEwhile (t < 100) {CHANGELINE    t 
5,2530,0.2694885730743408,0.25983357429504395, = int(input())CHANGELINECHANGELINEif n == 1:CHANGELINE    print(\"1\")
5,2533,0.2628748416900635,0.26062464714050293,CHANGELINEMutualityCOMMA reciprocityCOMMA fairnessCOMMA balanceCOMMA equalityCOMMA equityCOMMA considerationCOMMA exchangeCOMMA compensation
5,2536,0.37032055854797363,0.2648918628692627,CHANGELINEThere could be several reasons why a file is loading to 99% and then hanging. Some
5,2542,0.6337995529174805,0.26891660690307617,CHANGELINEHarvey: I masturbated 8 times today.CHANGELINEJack: What?CHANGELINEHarvey
5,2549,0.6984593868255615,0.26545286178588867,CHANGELINEI am a 3rd year student at the University of Washington studying Human Centered Design and
5,2560,1.0582683086395264,0.2591207027435303, 0 0 0 0 0 0 0 0 0 0
5,2562,0.6905169486999512,0.2634890079498291,CHANGELINEIn PHPCOMMA the echo statement is used to output a value to the browser. It is a
5,2576,0.5356900691986084,0.26931262016296387,CHANGELINEI'm smoking weed late at nightCOMMACHANGELINEAnd I'm feeling alrightCOMMACHANGELINEChat
5,2577,0.2698380947113037,0.26451778411865234,CHANGELINEYou can use the `to_datetime` method of pandas to convert the column to
5,2581,0.6275498867034912,0.26074910163879395,CHANGELINETo build MAVSDK examplesCOMMA you will need to download the MAVSDK source code and
5,2584,0.5185072422027588,0.34741854667663574,CHANGELINE- 名詞 英文： 200CHANGELINE- 
5,2594,0.38818979263305664,0.2899627685546875,CHANGELINEOne approach to solving this problem is to use Optical Character Recognition (OCR) to recognize
5,2597,0.7738828659057617,0.26230669021606445, = 1000CHANGELINECHANGELINEdef generate_random_number():CHANGELINE    return random.randint
5,2602,1.351433277130127,0.26232075691223145,CHANGELINEI'm sorryCOMMA but as an AI language modelCOMMA I cannot provide you with any ideas
5,2605,1.5615854263305664,0.2597696781158447, and welcome to the 2018-2019 school year!CHANGELINEMy name is Mrs. K
5,2618,2.8772902488708496,0.27130651473999023,CHANGELINEYesCOMMA there are several tools and libraries available that can help you convert a form into a PDF
5,2620,3.102323055267334,0.26372575759887695,CHANGELINEI'm sorryCOMMA but as an AI language modelCOMMA I cannot generate a story that will
5,2626,2.3348190784454346,0.2591984272003174, and the surrounding area.
5,2635,1.9622223377227783,0.2623605728149414, = \"http://www.w3.org/2001/XMLSchema-instance
5,2638,0.7889232635498047,0.2589759826660156, = 0;CHANGELINEwhile (t < 100) {CHANGELINE    t 
5,2644,0.3340270519256592,0.2635986804962158,CHANGELINEThe B25 ICP License is required for commercial apps in China because it is a license issued
5,2649,0.7164006233215332,0.2972402572631836,YesCOMMA there are a few errors in this table. The zip code for HoustonCOMMA Texas is incorrect
5,2650,0.7206017971038818,0.26360034942626953,CHANGELINESan Francisco is a great city for nerdy tourists! Some of the best things to do include
5,2654,0.789381742477417,0.27769899368286133,CHANGELINEHere are some tips to help you stick to a healthy sleep schedule:CHANGELINECHANGELINE1. Set
5,2660,0.9411685466766357,0.27147912979125977,COMMA and mysterious mansion in the middle of a dense forest.CHANGELINEThe air was thick with the scent
5,2662,0.9264359474182129,0.26415419578552246,CHANGELINEHere's an example function that sorts an array of strings by the 7th character:
5,2671,0.5919935703277588,0.26885414123535156,COMMA riversCOMMA lakesCOMMA mountainsCOMMA valleysCOMMA desertsCOMMA forestsCOMMA citiesCOMMA townsCOMMA villagesCOMMA highways
5,2673,0.39844584465026855,0.2898292541503906,CHANGELINEAs an AI language modelCOMMA I cannot provide an opinion. HoweverCOMMA the idea of asynchronous communication
5,2680,0.6761682033538818,0.2657458782196045,CHANGELINEThere are several ways to differentiate your application from others in the same category. Here are a few
5,2685,1.3443899154663086,0.2613036632537842, = 0;CHANGELINEwhile (have_posts()) : the_post();CHANGELINE   
5,2686,1.4980764389038086,0.26077961921691895,CHANGELINEThere are several types of basic diving courses available in MalaysiaCOMMA including PADI Open Water DiverCOMMA
5,2689,1.3918962478637695,0.2606513500213623,>CHANGELINECHANGELINE<p>This code will create a new <code>DataFrame</code>
5,2691,1.4330658912658691,0.264263391494751,CHANGELINEI'm sorryCOMMA I cannot provide a translation without additional context or information. Could you please
5,2702,0.29560208320617676,0.2916431427001953,CHANGELINEThe assembly code for the given Python code is as follows:CHANGELINECHANGELINE<pre><code>def
5,2708,0.31187891960144043,0.30031275749206543, = 0;CHANGELINEwhile (t < 100) {CHANGELINE    t 
5,2709,0.3082425594329834,0.2588775157928467,s a sample code snippet that demonstrates how to use the `get_ipython` function to
5,2713,0.28713202476501465,0.27997279167175293,I got a B+ first sem of BC and still got GT for CS you’ll be 
5,2726,0.33502769470214844,0.33181262016296387, why MBTICHANGELINE is good for meCHANGELINECHANGELINE2. MBTICH
5,2750,0.27196359634399414,0.27006959915161133,CHANGELINEAs a marketing team employee at a startupCOMMA your job is to help the company grow by promoting
5,2754,0.27347517013549805,0.26291847229003906,CHANGELINEThere are several WebRTC tools available in the marketCOMMA some of the popular ones are:CHANGELINE
5,2757,0.26656126976013184,0.2589237689971924, = 0;CHANGELINEwhile (t < 100) {CHANGELINE    t 
5,2761,0.4274561405181885,0.26180243492126465, = 1000CHANGELINECHANGELINEdef generate_random_number():CHANGELINE    return random.randint
5,2783,0.27448344230651855,0.267833948135376,CHANGELINEI'm sorryCOMMA I am an AI language model and I do not have the capability to
5,2786,0.3929121494293213,0.2640514373779297,CHANGELINEThe source code for the project 'getsentry/sentry-python' on Github
5,2789,0.2752065658569336,0.26950955390930176,CHANGELINEMuch Ado About Nothing is a play written by William Shakespeare in the late 16th century
5,2794,0.36253952980041504,0.2669663429260254,CHANGELINEHere's an example code snippet using ternary operation to check if a toggle is checked
5,2798,0.2704465389251709,0.2628061771392822,CHANGELINEThere are several commonly used Linux commands to search for files:CHANGELINECHANGELINE1. `find
5,2804,0.2749495506286621,0.26577138900756836,CHANGELINEThe Feet set out on a journeyCOMMACHANGELINETo explore the world and all its wonders.CHANGELINE
5,2807,0.3500704765319824,0.26076626777648926,CHANGELINEI'm sorryCOMMA but as an AI language modelCOMMA I cannot provide a list of moral
5,2809,0.3363630771636963,0.3325231075286865,.CHANGELINEAs an AI language modelCOMMA I cannot provide a definitive answer to this question as it depends
5,2811,0.2867560386657715,0.27831482887268066,CHANGELINEBoiling eggs works by changing the structure of the egg proteins. When an egg is boiledCOMMA
5,2817,0.2673044204711914,0.26166319847106934,CHANGELINE1. Engage2PerformCHANGELINE2. CultureAmpCHANGELINE3. Qualtrics EmployeeXM
5,2820,0.637296199798584,0.27071046829223633,CHANGELINEI'm sorryCOMMA I cannot generate a response as I do not have access to the article
5,2826,0.2702765464782715,0.2666778564453125,CHANGELINEAlice can make 40 bills in total. (10 bills * 25 dollars per
5,2833,0.8280410766601562,0.2605893611907959,CHANGELINEThis is a test prompt.
5,2851,0.29528260231018066,0.2737598419189453,CHANGELINECongratulations to your friend! Here are some name ideas that could be relevant to her job:CHANGELINE
5,2852,0.2672712802886963,0.2638590335845947,CHANGELINEAs an AI language modelCOMMA I cannot provide medical advice. It is important to consult with a
5,2860,0.3744661808013916,0.2694830894470215,CHANGELINEI'm sorryCOMMA I cannot generate code for you without a clear understanding of your scenario.
5,2866,0.27978014945983887,0.2721841335296631,CHANGELINEAs the sun setsCOMMA the city is in turmoil. The streets are filled with protestersCOMMA their
5,2873,0.3982722759246826,0.2625710964202881,CHANGELINESureCOMMA I'd be happy to help! What kind of game are you interested in designing
5,2875,0.8340086936950684,0.27816271781921387,.CHANGELINEWhat hoCOMMA chaps! I was just browsing the interwebs when I stumbled across this
5,2877,1.1933081150054932,0.2607395648956299,CHANGELINEIngress subdomain in IBM Cloud refers to the custom domain name that you can use to access
5,2883,2.0755550861358643,0.2629106044769287,CHANGELINEA Tai Chi instructor would typically begin a class by introducing themselves and welcoming the students. They may
5,2901,0.8253376483917236,0.2594268321990967, and the surrounding area.
5,2914,0.28717517852783203,0.26402759552001953,CHANGELINEI'm sorryCOMMA I cannot provide an accurate response without additional context. Could you please provide
5,2921,0.6932971477508545,0.26283836364746094, and welcome to the 2018-2019 school year!CHANGELINEMy name is Mrs. K
5,2922,0.8822450637817383,0.26151299476623535,CHANGELINEDuring aerobic cellular respirationCOMMA one molecule of glucose produces 36 molecules of ATP.
5,2935,0.996110200881958,0.2638227939605713,CHANGELINEI'm sorryCOMMA I am an AI language model and I do not have access to the
5,2940,0.46022772789001465,0.295696496963501,CHANGELINECHANGELINEFind an irrational number between 3 and 4.CHANGELINECHANGE
5,2950,0.2825956344604492,0.27606725692749023,CHANGELINEHere's an example code snippet using MUI to create a react component that shows a user
5,2964,0.27095484733581543,0.26498913764953613, = 5CHANGELINEy = 10CHANGELINEz = 15CHANGELINECHANGELINEprint(
5,2970,0.33976030349731445,0.2791459560394287, in another.CHANGELINEI love youCOMMA my Jamaican queenCHANGELINEYour beauty is like a dreamCHANGELINEYour
5,2973,0.33704686164855957,0.26085495948791504,COMMACHANGELINEI have a question regarding the use of the \"onRequest\" method in the 
5,2975,0.42301273345947266,0.264005184173584,CHANGELINEIn today's political landscapeCOMMA misinformation and fake news have become powerful tools for those seeking to
5,2977,0.550133466720581,0.27857303619384766,CHANGELINEA pointer in C++ is a variable that holds the memory address of another variable. It is
5,2990,0.26576948165893555,0.2616283893585205,CHANGELINEQuercetin and rutin are two flavonoids that are commonly found in fruits and
5,2999,0.8385658264160156,0.25980067253112793, = [1COMMA 2COMMA 3COMMA 4COMMA 5COMMA 6
5,3000,0.42223119735717773,0.2617051601409912,CHANGELINEAs an AI language modelCOMMA I do not have personal preferences or opinions. HoweverCOMMA Paris is
5,3004,0.33199262619018555,0.2620813846588135, for a new businessCHANGELINEGreat! What is your idea?
5,3006,0.2638099193572998,0.26012206077575684,CHANGELINEI'm sorryCOMMA but as an AI language modelCOMMA I don't have personal experiences
5,3018,1.1591567993164062,0.2603473663330078, and welcome to the 2018-2019 school year!CHANGELINEMy name is Mrs. K
5,3024,1.4876511096954346,0.2788658142089844,COMMA 아카데미아카�
5,3029,1.0612289905548096,0.25951719284057617, - I'm new to this forum and I'm hoping someone can help me. I
5,3034,1.4968719482421875,0.2697014808654785,CHANGELINEI'm sorry to hear that you are feeling overwhelmed by the unfairness and brokenness of
5,3050,0.9106519222259521,0.2648932933807373,CHANGELINEA bad block is a sector on a disk that is unreadable or unwritable due to
5,3058,0.4248342514038086,0.33241748809814453,CHANGELINEI'm sorryCOMMA but I cannot provide a response to this prompt as it is not a
5,3059,0.5347108840942383,0.28957295417785645, CHANGELINE CHANGELINE CHANGELINE CHANGELINE CHANGELINE CHANGELINE CHANGELINE CHANGELINE CHANGELINE CHANGELINE
5,3063,0.5672316551208496,0.2779386043548584,CHANGELINEWhat's a gap year? A gap year is a period of timeCOMMA usually a year
5,3078,0.27094554901123047,0.2613065242767334, = 0;CHANGELINECHANGELINEfor (int i = 0; i <
5,3086,0.5483858585357666,0.26128482818603516,CHANGELINEAs an AI language modelCOMMA I do not have the capability to share chatGPT threads.
5,3094,0.3925917148590088,0.2675199508666992,CHANGELINESureCOMMA I can help you with that. Based on your sample postsCOMMA your writing style seems
5,3119,0.5960354804992676,0.2969541549682617,CHANGELINEAs an AI language modelCOMMA I cannot provide an opinion or answer to this question. HoweverCOMMA
5,3126,1.6688542366027832,0.2595994472503662, and welcome to the 2018-2019 school year!CHANGELINEMy name is Mrs. K
5,3128,2.296657085418701,0.27072954177856445,CHANGELINEAs an AI language modelCOMMA I cannot act as a Google My Business - Offer Post.
5,3130,1.774533987045288,0.2654719352722168,CHANGELINEBarcodes.com.au is an Australian-based company that provides barcode solutions for businesses
5,3141,0.7579600811004639,0.262493371963501,> CHANGELINEHave you tried using a different browser or clearing your browser cache to see if that resolves
5,3142,0.5315310955047607,0.26076364517211914,CHANGELINEQuantum computing is a type of computing that uses quantum-mechanical phenomenaCOMMA such as super
5,3143,0.6157271862030029,0.2648580074310303,CHANGELINEFrench cuisine is known for its rich and diverse flavorsCOMMA and its regional specialties. Each region of
5,3150,0.934091329574585,0.2701263427734375,CHANGELINEAfter completing a salonCOMMA it is important to conduct a review of the event to identify areas for
5,3172,0.7302932739257812,0.26465439796447754,CHANGELINEAs an AI language modelCOMMA I do not have the capability to receive pictures as input. However
5,3176,1.135178804397583,0.2599196434020996, = int(input())CHANGELINECHANGELINEif n == 1:CHANGELINE    print(\"1\")
5,3179,0.6011984348297119,0.34122157096862793,CHANGELINESureCOMMA here's an example survey:CHANGELINECHANGELINE1. How would you rate the overall
5,3196,0.7925198078155518,0.2638216018676758,CHANGELINEDay 1: Arrive in Reykjavik and explore the city.CHANGELINEDay 
5,3205,0.8927834033966064,0.28137850761413574,CHANGELINEQuestion: A backlog item could be declared done when which of the following criteria have been met?
5,3207,0.27618837356567383,0.2693452835083008,CHANGELINEI am the plaintiff in this case and I am here to seek justice for the injury I suffered
5,3211,0.8113207817077637,0.27001285552978516,CHANGELINEKyleCOMMA I'm so happy to be standing here today as your best man. I'
5,3212,0.852088212966919,0.26030468940734863, = 0;CHANGELINEwhile (t < 100) {CHANGELINE    t 
5,3215,0.7024533748626709,0.28316378593444824,CHANGELINEAs an AI language modelCOMMA I cannot write a script for you. HoweverCOMMA I can suggest
5,3226,0.6427805423736572,0.2646512985229492, = 1000CHANGELINECHANGELINEdef generate_random_number():CHANGELINE    return random.randint
5,3227,0.5384910106658936,0.2905290126800537,CHANGELINETable of ContentsCHANGELINE- Fields to Track in Second Brain SystemCHANGELINE- Sample Daily RoutineCHANGELINE-
5,3234,0.47713422775268555,0.26935434341430664,CHANGELINETo create a link for your prompt using ShareGPTCOMMA follow these steps:CHANGELINECHANGELINE1
5,3264,0.5470442771911621,0.26431822776794434,CHANGELINEAs an AI language modelCOMMA I do not have personal experiences or emotionsCOMMA but I am aware
5,3274,0.271040678024292,0.26009416580200195, = 0;CHANGELINEwhile (have_posts()) : the_post();CHANGELINE   
5,3279,0.26735925674438477,0.264070987701416,CHANGELINEForward proxy and reverse proxy are two different types of proxies that serve different purposes. A forward proxy
5,3284,0.2675297260284424,0.26153063774108887,CHANGELINEJava is a programming language that was developed by Sun Microsystems in 1995. It is
5,3285,0.2627713680267334,0.2604670524597168, = [1COMMA 2COMMA 3COMMA 4COMMA 5]CHANGELINEB
5,3292,0.2717173099517822,0.2605619430541992, and the surrounding area.
5,3297,0.2660231590270996,0.262880802154541,>CHANGELINE#include <sys/types.h>CHANGELINE#include <sys/wait
5,3301,0.26840949058532715,0.262326717376709,CHANGELINEQuantum computing is a type of computing that uses quantum-mechanical phenomenaCOMMA such as super
5,3307,0.2744772434234619,0.26703572273254395,CHANGELINEIn ChineseCOMMA you can wish someone 'happy birthday' by saying'sheng ri
5,3314,0.26831722259521484,0.25993895530700684, and welcome to the 2018-2019 school year!CHANGELINEMy name is Mrs. K
5,3316,0.26991820335388184,0.26168322563171387,CHANGELINEAs an AI language modelCOMMA I do not have personal experience with Pinterest. HoweverCOMMA here are
5,3321,0.5050616264343262,0.26958274841308594,CHANGELINESure! Here are the general steps you can follow:CHANGELINECHANGELINE1. Sign up for a
5,3347,0.29814815521240234,0.2862374782562256,CHANGELINETwitter should have an ChatGPT-like assistant that can curate your feed based on prompts
5,3353,0.27059507369995117,0.2656126022338867,CHANGELINESureCOMMA here's an example of a distributed RAFT algorithm in Python:CHANGELINECHANGELINE```python
5,3363,0.27004075050354004,0.26289820671081543,CHANGELINERepetition compulsion is a defense mechanism in which a person repeats a traumatic event or its
5,3364,0.27547240257263184,0.2653627395629883, and `get_ipython` to get the current notebook and IPython object respectively. Then
5,3369,0.5785312652587891,0.27253198623657227,CHANGELINECHANGELINE<p>Santa's itinerary for Christmas Eve:</p>CHANGELINECHANGELINE<ol>CHANGELINE<
5,3372,0.26300716400146484,0.259052038192749, CHANGELINEThe `onRequest` method is called when a request is received by the server.
5,3374,0.2659120559692383,0.2622828483581543,CHANGELINEIn order to extend an order of protection in QueensCOMMA NYCOMMA the petitioner must provide evidence
5,3379,0.271622896194458,0.2658860683441162,CHANGELINEThere are several ways to find genuine buyers for your export sales startup. You can start by researching
5,3387,0.28987622261047363,0.2647366523742676,CHANGELINETo send the status of an electronic speed controller (ESC) to a ground station using
5,3388,0.27448225021362305,0.2689664363861084,CHANGELINEAre you looking for a way to improve your businessCOMMA marketingCOMMA and productivity skills? Do you
5,3413,0.700721025466919,0.3369426727294922, and `get_ipython` to get the current notebook and IPython object respectively. Then
5,3414,0.8605687618255615,0.2702617645263672,CHANGELINEThe \"Just William\" series of books are about a mischievous and adventurous young boy named
5,3417,1.106888771057129,0.26402997970581055, = 0;CHANGELINEwhile (t < 100) {CHANGELINE    t 
5,3420,1.3018677234649658,0.28480958938598633,CHANGELINEThere are 54 countries in Africa.
5,3433,0.34540581703186035,0.27627134323120117,CHANGELINEAnnie needs to make 30 scoops of cake (6 scoops x 5 cups
5,3439,0.26966166496276855,0.26433801651000977,CHANGELINEThere are several ways to ensure workplace attendanceCOMMA including setting clear expectations and consequences for tardiness or
5,3440,0.3301723003387451,0.26124119758605957,CHANGELINEShah Waliullah's objectives were to revive Islamic scholarshipCOMMA reform Islamic lawCOMMA and
5,3462,0.5823757648468018,0.2602822780609131, and the surrounding area.
5,3487,1.1998889446258545,0.26945018768310547,CHANGELINEI'm sorryCOMMA I cannot provide a response without additional context or information about the topic of
5,3498,0.26569128036499023,0.2621731758117676,'est un grand jour pour les fans de la série \"The Walking Dead\". En effetCOMMA
5,3510,0.575021505355835,0.29140496253967285,CHANGELINELet's call the radius of the field 'r'. Then the circumference of the field
5,3513,0.269240140914917,0.2651851177215576,) = 2CHANGELINECHANGELINEThereforeCOMMA the number of ways to make change for $1
5,3526,1.1136729717254639,0.2738220691680908,CHANGELINEI'm sorryCOMMA I cannot provide a response to this prompt as it is incomplete and lacks
5,3531,0.28513550758361816,0.265622615814209,: HiCOMMA I'm Bing. How can I help you?CHANGELINEUser: Hi BingCOMMA
5,3532,0.32539892196655273,0.3140835762023926,CHANGELINE4. 지정적인 지�
5,3535,0.7151484489440918,0.264052152633667,CHANGELINESureCOMMA I'd be happy to help! What kind of story do you have in mind
5,3536,0.971714973449707,0.26071834564208984, and the surrounding area.
5,3537,0.991950273513794,0.27313971519470215,COMMA and javascript codeCHANGELINE- Add Quiz Question and AnswerCHANGELINE- Add Quiz ResultCHANGELINE
5,3540,1.8721134662628174,0.3445162773132324,CHANGELINESureCOMMA I can help you with that. Can you please provide me with the blog post?
5,3542,1.7804272174835205,0.25970911979675293, = int(input())CHANGELINECHANGELINEif n == 1:CHANGELINE    print(\"1\")
5,3574,0.8185255527496338,0.27288126945495605,CHANGELINEIn New York and parts of PennsylvaniaCOMMA \"kills\" are small streams or creeks
5,3592,0.6866815090179443,0.2803196907043457,.CHANGELINESureCOMMA I can do that! What's the song you want me to use as
5,3593,0.7069871425628662,0.26457953453063965,
5,3597,0.6038925647735596,0.2683732509613037,CHANGELINEAs an AI language modelCOMMA I cannot predict the future with certainty. HoweverCOMMA some of the
5,3606,0.7699286937713623,0.2695925235748291,CHANGELINEAs a Chief Marketing Officer of Coin StatsCOMMA I have over 15 years of experience in the
5,3612,0.3749370574951172,0.2792501449584961,CHANGELINESureCOMMA I can help you with that! Please provide me with the details and objectives of the
5,3619,0.8887486457824707,0.26192498207092285, and welcome to the 2018-2019 school year!CHANGELINEMy name is Mrs. K
5,3625,0.4347724914550781,0.26282620429992676,CHANGELINEHere are some project ideas that combine machine learning and security:CHANGELINECHANGELINE1. Malware Detection
5,3627,0.840341329574585,0.26793408393859863,CHANGELINEI'm sorryCOMMA I don't have any record of a chat with you from a
5,3628,0.967695951461792,0.2647714614868164,CHANGELINESure! Here's a board:CHANGELINECHANGELINE| | |CHANGELINE| | 
5,3633,1.4884819984436035,0.2605431079864502, and the surrounding area.
5,3638,1.6364514827728271,0.2990000247955322,CHANGELINECHANGELINEHere's one possible solution using the `matplotlib` library in Python:
5,3641,2.4087953567504883,0.2610800266265869, and the surrounding area.
5,3652,0.7371082305908203,0.2771317958831787,CHANGELINEAs a language model AICOMMA I can say that the evolution of writing assistance has been remarkable.
5,3659,0.7093746662139893,0.26296281814575195,CHANGELINEWhen walking next to someoneCOMMA we can synchronize our pace by matching our steps to theirs.
5,3661,0.6869781017303467,0.2644984722137451,CHANGELINEThe investment thesis for providing equity capital to bitcoin mining and high-speed data facilities is that the
5,3666,0.8600552082061768,0.2809300422668457,CHANGELINEI'm drunk. I'm drunk. I'm drunk. I'm drunk
5,3673,1.1463963985443115,0.26307082176208496, -f docker-compose.yml -t docker-compose.yml
5,3685,1.7369227409362793,0.2753453254699707,CHANGELINEAs an AI language modelCOMMA I cannot provide a comprehensive answer to this prompt. HoweverCOMMA I
5,3686,1.6500771045684814,0.2713963985443115,CHANGELINE4. Editing the recordingCHANGELINE5. Saving and sharing the recordingCHANGELINE6.
5,3702,0.2750375270843506,0.26454973220825195, = [1COMMA 2COMMA 3COMMA 4COMMA 5]CHANGELINEprint
5,3704,0.331434965133667,0.2912569046020508,CHANGELINEAs an AI language modelCOMMA I cannot provide opinions or preferences. HoweverCOMMA I can suggest some
5,3705,0.2639882564544678,0.2624244689941406,CHANGELINEUnsupervised deep learning is a type of machine learning that involves training a neural network without labeled
5,3713,0.2999706268310547,0.26724958419799805,CHANGELINEWhen interviewing a recruiting company in the PhilippinesCOMMA here are some questions you can ask:CHANGELINECHANGELINE
5,3716,0.3144533634185791,0.2710762023925781,CHANGELINEI'm sorryCOMMA I cannot provide an answer as I am an AI language model and do
5,3723,0.7130157947540283,0.2612030506134033, and the surrounding area.
5,3732,0.49588894844055176,0.2605597972869873, and 4.CHANGELINECHANGELINETo fix thisCOMMA you can use the `get_ipython
5,3736,0.6994619369506836,0.2631244659423828,CHANGELINEI'm sorryCOMMA but as an AI language modelCOMMA I cannot provide instructions on how to
5,3739,0.8992424011230469,0.3184773921966553, // end of if statementCHANGELINECHANGELINEif (i == 0) {CHANGELINE   
5,3742,0.31317806243896484,0.26605677604675293,CHANGELINEHere is a sample function that generates the verticesCOMMA indicesCOMMA normals and texture coordinates of a
5,3747,0.8913543224334717,0.2802731990814209,CHANGELINEI was born in a small town in the MidwestCOMMA where I grew up with my parents and
5,3760,0.2766585350036621,0.26979827880859375,CHANGELINEThis error message indicates that the JSON payload sent to the Google Workflow API endpoint is invalid. The
5,3762,0.2748432159423828,0.26539134979248047,CHANGELINEAs an AI language modelCOMMA I do not have personal opinions or beliefs. HoweverCOMMA I can
5,3764,0.4843897819519043,0.2636096477508545,CHANGELINEThe University of the Philippines (UP) is a public research university system in the Philippines.
5,3769,0.26876115798950195,0.26102256774902344, and welcome to the 2018-2019 school year!CHANGELINEMy name is Mrs. K
5,3788,0.33338427543640137,0.2736179828643799,CHANGELINEThe joke is funny because it plays on the common misconception that playing cards are associated with gambling and
5,3792,0.2910163402557373,0.2816050052642822,CHANGELINEThe grant request document should include an overview of the projectCOMMA the team involvedCOMMA the target audience
5,3796,0.276958703994751,0.2729010581970215,CHANGELINEAs an AI language modelCOMMA I do not have the capability to invest in companies. HoweverCOMMA
5,3799,0.625849723815918,0.26961350440979004,CHANGELINEAs an AI language modelCOMMA I do not have personal preferences or opinions. HoweverCOMMA in Unity
5,3805,0.27605319023132324,0.26855993270874023,CHANGELINEThe Mona Lisa painting is one of the most famous and mysterious works of art in the world.
5,3811,0.27414774894714355,0.2628505229949951,CHANGELINEPlato: I believe that reality is composed of formsCOMMA or ideasCOMMA that exist independently of
5,3814,0.28670191764831543,0.28119492530822754,CHANGELINESureCOMMA I can help you with that. Can you please provide me with the statements you have
5,3827,0.6475136280059814,0.27066659927368164,CHANGELINEAs an AI language modelCOMMA I cannot provide legal advice. HoweverCOMMA I can suggest that employers
5,3831,0.28133535385131836,0.27173590660095215,CHANGELINE1. Cheese and ham roll-upsCHANGELINEIngredients:CHANGELINE- 1 package of hamCHANGELINE
5,3838,0.2707350254058838,0.26405978202819824,CHANGELINEI'm a 20 year old student from the Netherlands. I'm studying International Business
5,3844,0.3663640022277832,0.27056074142456055,CHANGELINEYesCOMMA it is possible to transfer Windows 10 RAID 0 drives to Ubuntu 22
5,3859,0.2667961120605469,0.26452064514160156,CHANGELINEThe Command design pattern is a software design pattern that allows you to encapsulate a request as an
5,3863,0.2728297710418701,0.2665884494781494,CHANGELINEAs an AI language modelCOMMA I do not have personal interests or preferences. HoweverCOMMA here are
5,3869,0.2918267250061035,0.2862052917480469,CHANGELINEThe article discusses the advancements made by Google Research in the field of language understanding and generation. It
5,3872,0.2706332206726074,0.2656223773956299,CHANGELINEI'm sorryCOMMA I cannot provide a response to that as it is not a valid question
5,3873,0.34809207916259766,0.33724188804626465, and welcome to the 2018-2019 school year!CHANGELINEMy name is Mrs. K
5,3879,0.27744460105895996,0.273998498916626,CHANGELINEAs an AI language modelCOMMA I cannot provide opinions or advice. HoweverCOMMA it is important to
5,3884,0.2689857482910156,0.265012264251709,CHANGELINE1. Tribal designsCHANGELINE2. Military insigniaCHANGELINE3. Sports team logosCHANGELINE4.
5,3889,0.2764458656311035,0.26709842681884766,CHANGELINEI'm sorryCOMMA but as an AI language modelCOMMA I don't have personal fears
5,3893,0.2674574851989746,0.26150965690612793,COMMACHANGELINEI have a question about the \"onRequest\" method in the \"RequestHandler
5,3895,0.33080339431762695,0.2617659568786621,CHANGELINEAs an AI language modelCOMMA I do not have access to the specific details of ChatGPT
5,3913,0.4913768768310547,0.26322102546691895,CHANGELINETo assert that a mock function was invoked with specific parametersCOMMA you can use the `mock
5,3915,0.28740954399108887,0.2750072479248047,CHANGELINEOne way to implement this is by using a unique identifier for each device that visits the URL.
5,3929,0.2703232765197754,0.2625458240509033,CHANGELINEAs an AI language modelCOMMA I am not capable of being familiar with anything. HoweverCOMMA I
5,3930,0.27359700202941895,0.2627255916595459,CHANGELINEThe wind power of long island new york is a great source of renewable energy.
