client_id,req_id,req_time,complete_time,output
3,524,0.3980216979980469,0.39179396629333496, = [1COMMA 2COMMA 3COMMA 4COMMA 5COMMA 6
3,529,0.32053375244140625,0.2696797847747803,
3,534,0.2695448398590088,0.2669856548309326,CHANGELINESureCOMMA here are some tips to write an effective email to reach out to potential suppliers:CHANGELINE
3,535,0.4792466163635254,0.2580292224884033,COMMACHANGELINEI have a question about the \"onRequest\" method in the \"RequestHandler
3,537,0.2746896743774414,0.2644813060760498,CHANGELINEI'm sorryCOMMA I am an AI language model and I do not have the capability to
3,539,0.3641648292541504,0.27011632919311523,CHANGELINE1. The collaboration between physicists and engineers has led to the development of new technologies that have
3,540,0.6127665042877197,0.26879119873046875,CHANGELINE- Use sensory detailsCHANGELINE- Use repetitionCHANGELINE- Use humorCHANGELINE- Use
3,542,0.27813124656677246,0.27089715003967285,CHANGELINEAs an AI language modelCOMMA I cannot write code in PHP. HoweverCOMMA I can provide you
3,547,0.2744560241699219,0.2634735107421875,CHANGELINESome of the most critical differences between cities today and in the future include the increasing use of technology
3,551,0.2775862216949463,0.2688770294189453,CHANGELINEHere are some subniches you could tackle with your content:CHANGELINECHANGELINE1. Import/
3,554,0.26586437225341797,0.2607443332672119,CHANGELINEHappy birthday! I hope you have a wonderful day filled with love and happiness.CHANGELINEHappy birthday
3,562,0.32506632804870605,0.2662465572357178,CHANGELINEPeter Griffin is sitting in his living room watching TV when he hears a knock at the door.
3,564,0.3945338726043701,0.26831746101379395,CHANGELINEChester Bennington often wrote about his personal struggles with mental health and addictionCOMMA and the lyrics
3,566,0.6409986019134521,0.26175689697265625,CHANGELINEYesCOMMA Megillat Esther is a biblical book that tells the story of the Jewish heroine Esther
3,575,0.2750880718231201,0.266355037689209,CHANGELINEstudi di danteCHANGELINEStudi di Dante is a collection of essays on Dante Aligh
3,576,0.26120662689208984,0.2595672607421875, = \"http://www.w3.org/2001/XMLSchema-instance
3,578,0.2688865661621094,0.26552629470825195,CHANGELINEIntegrating a CRM system for an online poker and casino platform can have several benefits. FirstlyCOMMA
3,579,0.4981856346130371,0.25834083557128906, and the surrounding area.
3,586,0.3676877021789551,0.26448774337768555,CHANGELINEThe task is to create a script that will display the current date and time in the format of
3,587,0.4420440196990967,0.26079893112182617,CHANGELINETo send a WhatsApp text using PythonCOMMA you can use the Twilio API. Here is an
3,589,0.816596269607544,0.2642631530761719,CHANGELINESureCOMMA here's a 13-week course outline for a data science course:CHANGELINE
3,591,0.5373489856719971,0.259218692779541, and the surrounding area.
3,592,0.5546939373016357,0.2621927261352539,CHANGELINETo map a custom key binding to call a function in a Chrome extensionCOMMA you can use the
3,594,0.8293521404266357,0.26226067543029785,CHANGELINEThere are several plumbing companies in AustinCOMMA Texas with good reviews. Some of the top-rated
3,595,0.4383854866027832,0.2771337032318115,CHANGELINEWanda has 2 kilograms of food at homeCOMMA which is enough to feed her pets
3,598,0.40800905227661133,0.2590148448944092, = int(input())CHANGELINECHANGELINEif n == 1:CHANGELINE    print(\"1\")
3,601,0.8218331336975098,0.2878568172454834,CHANGELINEAs an AI language modelCOMMA I can provide you with some general tips to improve your YouTube channel
3,605,1.0373389720916748,0.2618710994720459,CHANGELINEI'm sorryCOMMA but as an AI language modelCOMMA I am not capable of acting as
3,609,0.9200544357299805,0.2620849609375,CHANGELINETo optimize ElasticSearch queries for sub nested fieldsCOMMA you can use the \"nested\"
3,610,0.445601224899292,0.2591583728790283, and the surrounding area.
3,613,0.4362454414367676,0.26044702529907227,CHANGELINELCD stands for Liquid Crystal Display. It is a type of display technology used in electronic devices
3,614,0.26764822006225586,0.2598445415496826,CHANGELINEAntiviruses work by scanning your computer for malware and viruses. They use a database of known
3,622,0.27566003799438477,0.26450657844543457,CHANGELINEThe inputs typically used in a knowledge-tracing algorithm include the student's responses to questions
3,623,0.5349302291870117,0.2602527141571045,CHANGELINEDeposition is a geological process in which sediment or rock is laid down in layers. It can
3,624,0.6368184089660645,0.26058030128479004,CHANGELINEData reports are typically used to provide a detailed analysis of a specific data setCOMMA while dashboards are
3,626,0.339663028717041,0.28110551834106445,CHANGELINEHere are some prompts that may elicit high quality answers from chatGPT on the Ramayana:
3,627,0.56064772605896,0.270735502243042,CHANGELINETo code an application for a website that can aggregate multiple social media chats into one webpageCOMMA you
3,629,0.37445068359375,0.2605760097503662,CHANGELINEYesCOMMA slf4j is a logging framework that provides a simple and flexible way to integrate
3,634,0.285891056060791,0.26134729385375977,CHANGELINEThere are many creative ideas for a 10 year old's birthday. You could have a
3,635,0.2709832191467285,0.2602884769439697,CHANGELINETo configure Postfix relay for multiple domainsCOMMA you will need to follow these steps:CHANGELINECHANGELINE
3,636,0.3647894859313965,0.2610034942626953,CHANGELINEI'm sorryCOMMA I cannot provide an answer as the URL you provided is not valid.
3,642,0.6048099994659424,0.2808997631072998,CHANGELINEAs an AI language modelCOMMA I cannot provide a specific answer without more context about your company and
3,643,0.8529493808746338,0.26474666595458984,CHANGELINEComputer networks are a collection of computers and devices that are connected to each other to share resources and
3,647,0.2631537914276123,0.26056599617004395, = 0; i < 100; i++) {CHANGELINE    var randomNumber 
3,649,0.26258111000061035,0.2583343982696533, and the surrounding area.
3,651,0.2714653015136719,0.2620368003845215,CHANGELINETo use two formulas conditional on the value of a factor in Google SheetsCOMMA you can use the
3,652,0.5958719253540039,0.33681821823120117,CHANGELINETo become a distributed systems engineerCOMMA you will typically need a degree in computer science or a related
3,656,0.39807772636413574,0.26463818550109863,CHANGELINEHere is a Python code for estimating carbon sequestration for field crops such as wheat in Google Earth
3,658,0.706627607345581,0.2850821018218994,CHANGELINETo show a custom name instead of the client id when creating and editing files in SharePoint via an
3,661,0.2639806270599365,0.262082576751709,CHANGELINECyber criminals are individuals or groups who use technology to commit illegal activities such as hackingCOMMA identity theft
3,662,0.34358644485473633,0.3342258930206299, and the surrounding area.
3,664,0.672299861907959,0.25914454460144043, and the surrounding area.
3,668,0.7990789413452148,0.2586970329284668, = 0.01;CHANGELINECHANGELINEfunction calculate_interest(principalCOMMA rateCOMMA time
3,669,0.9106485843658447,0.2604665756225586,CHANGELINEUNIX is a multi-user operating system that was developed in the 1960s.
3,675,0.27549028396606445,0.264862060546875,CHANGELINEThe first industrial revolution was characterized by the development of steam power and the mechanization of production.
3,676,0.2912285327911377,0.27985477447509766,CHANGELINEI'm sorryCOMMA but I cannot provide a recipe using these ingredients as they do not make
3,679,0.2699003219604492,0.2642502784729004,CHANGELINETo predict stock values using LSTMCOMMA you can use the Keras library in Python.
3,682,0.28473639488220215,0.27722620964050293,CHANGELINEHere is an example implementation of a server-side renderer for React server components using the 
3,690,0.27080249786376953,0.26463770866394043,CHANGELINEChatGPT can provide you with a quick overview of the industry you are interested in. It
3,691,0.4231870174407959,0.2618081569671631,CHANGELINELiberia became a member of the WTO on July 24COMMA 2000.
3,692,0.3671152591705322,0.26116275787353516,CHANGELINEInsane means lacking in reason or logicCOMMA while inane means lacking in meaning or purpose.
3,697,0.3523564338684082,0.2640831470489502,?CHANGELINEAs an AI language modelCOMMA I do not have personal opinions or beliefs. HoweverCOMMA the
3,698,0.44798827171325684,0.2637014389038086,CHANGELINEI'm sorryCOMMA I cannot provide an accurate response to this prompt as it requires knowledge of
3,699,0.2787952423095703,0.26442599296569824,CHANGELINEAs an AI language modelCOMMA I can provide you with some general information about cybersecurity technical skillsCOMMA
3,700,0.4505612850189209,0.2614583969116211,CHANGELINEYesCOMMA \"rods from god\" are a hypothetical type of kinetic energy weapon that would
3,704,0.3424215316772461,0.2629103660583496,CHANGELINEYesCOMMA each CVE has a CVSS score assigned to it. The CVSS score is
3,709,0.34424519538879395,0.264240026473999,?CHANGELINEYesCOMMA overcoming stuttering can require a significant amount of cognitive effort and brain activity. It
3,714,0.26880764961242676,0.26466822624206543,CHANGELINETrusted execution environments (TEEs) are a type of hardware-based security technology that
3,716,0.26810598373413086,0.26093101501464844,CHANGELINEAs an AI language modelCOMMA I do not have personal opinions or beliefs. HoweverCOMMA it is
3,718,0.2928943634033203,0.29027819633483887,CHANGELINEHere's a PowerShell script that should accomplish what you're looking for:CHANGELINECHANGELINE```powers
3,720,0.2765071392059326,0.2676994800567627,CHANGELINEYou can use the `soundcloud` library in Python to play the sound. Here'
3,721,0.2674589157104492,0.265300989151001,CHANGELINEI'm sorryCOMMA I am an AI language model and I do not have the capability to
3,731,0.2717714309692383,0.2684903144836426,?CHANGELINEAs a language model AICOMMA I cannot provide a specific chess opening recommendation. HoweverCOMMA some
3,733,0.2663240432739258,0.2641422748565674,CHANGELINETo create a link in Next.jsCOMMA you can use the `<Link>`
3,734,0.271759033203125,0.2606661319732666,CHANGELINETo make a resume for your first jobCOMMA start by listing your educationCOMMA work experienceCOMMA and
3,736,0.2682771682739258,0.26425790786743164,CHANGELINEQuantum computing is a type of computing that uses quantum-mechanical phenomenaCOMMA such as super
3,739,0.26582908630371094,0.2619004249572754, = [1COMMA 2COMMA 3COMMA 4COMMA 5COMMA 6
3,742,0.28897786140441895,0.2808976173400879,CHANGELINEAs an AI language modelCOMMA I cannot provide a specific website or tool for your team building event
3,744,0.2726302146911621,0.2615387439727783,CHANGELINEI'm sorryCOMMA I cannot provide an accurate answer to this question as it requires access to
3,745,0.26853442192077637,0.2628035545349121,CHANGELINEThe weight of an object is determined by its massCOMMA which is a measure of the amount of
3,750,0.285001277923584,0.28106045722961426,CHANGELINEI'm sorryCOMMA but as an AI language modelCOMMA I am not capable of acting like
3,751,0.27524542808532715,0.26443934440612793,CHANGELINECHANGELINEThe Wolfson WM8731 is a low-power audio codec that can be used with
3,755,0.26783156394958496,0.26363348960876465,CHANGELINEThat's great! Starting a new business can be an exciting and rewarding experience. Have you
3,758,0.27603840827941895,0.27317214012145996,CHANGELINEJerry: HeyCOMMA guysCOMMA I've been taking cold showers lately.CHANGELINEElaine:
3,759,0.2661614418029785,0.2604832649230957, = 0;CHANGELINEwhile (t < 100) {CHANGELINE    t 
3,761,0.28429365158081055,0.2743232250213623,CHANGELINESureCOMMA there are several options that fit your criteria. Here are a few suggestions:CHANGELINECHANGELINE
3,766,0.27364468574523926,0.2633814811706543,CHANGELINEA 2000-year plan means that the plan is intended to last for 2000
3,769,0.2709019184112549,0.2637491226196289, = 0;CHANGELINECHANGELINEfor (int i = 0; i <
3,770,0.28554224967956543,0.2772789001464844,CHANGELINEHere is a possible code for an ImageJ plugin that can measure the longest and shortest diameters
3,771,0.2640817165374756,0.26133298873901367,CHANGELINEMoney is more like a graph because it represents the flow of value between different entities in an economy
3,779,0.27669358253479004,0.26604247093200684,CHANGELINEThe Command Pattern is a design pattern that allows you to encapsulate a request as an objectCOMMA
3,780,0.27193570137023926,0.2646310329437256,CHANGELINEThere are several options for implementing dynamic pricing in a retail company's website. One option is
3,784,0.3112797737121582,0.2681553363800049,CHANGELINEI'm sorryCOMMA I cannot provide a response to this prompt as it is inappropriate and goes
3,785,0.4209318161010742,0.262420654296875, 2007CHANGELINEI'm sorryCOMMA I cannot provide a response to this prompt as it requires
3,787,0.3366415500640869,0.33359432220458984,CHANGELINECreating a data strategy for your company involves several steps:CHANGELINECHANGELINE1. Define your business goals
3,791,0.32694292068481445,0.2627103328704834, and welcome to the 2018-2019 school year!CHANGELINEMy name is Mrs. K
3,793,0.26842379570007324,0.26514148712158203,CHANGELINEThere could be several reasons why MLP may not converge for regression problems. Some possible reasons include
3,796,0.27218031883239746,0.26520609855651855,CHANGELINEInterfaces are a key concept in software testingCOMMA particularly in the context of testability. An
3,797,0.2979140281677246,0.29185938835144043,CHANGELINEAs a CEOCOMMA it is important to make the new hire feel valued and appreciated. You can
3,798,0.27132678031921387,0.25986313819885254, {CHANGELINE    @TestCHANGELINE    public void test() {CHANGELINE        String[] arr = {\"
3,799,0.3553962707519531,0.35271573066711426,CHANGELINEElie and Omar plant a total of 10 + 10 = 20 chili
3,808,0.26837158203125,0.2638585567474365,CHANGELINEBayesian inference is a statistical method that uses Bayes' theorem to update the probability of a
3,812,0.2659773826599121,0.2625415325164795, and the surrounding area.
3,813,0.36521387100219727,0.2609875202178955,CHANGELINEtop 20 websites likesplanet likeCHANGELINETop 20 Websites Like Planet Like - Top
3,814,0.2652904987335205,0.262592077255249, systemCHANGELINESCOOT (Split Cycle Offset Optimization Technique) is a traffic control system that uses real
3,815,0.2763180732727051,0.27042484283447266,CHANGELINEThe current research status of digital watermarking technology in China and abroadCHANGELINEDigital watermarking technology is
3,827,0.2750575542449951,0.27313828468322754,CHANGELINEI'm sorryCOMMA I don't understand what you mean by 'outcome driven
3,834,0.7265679836273193,0.260469913482666, and welcome to the 2018-2019 school year!CHANGELINEMy name is Mrs. K
3,838,0.27150392532348633,0.26083827018737793,> CHANGELINEHave you tried using a different browser or clearing your browser cache to see if that resolves
3,841,0.2752530574798584,0.27214956283569336,.CHANGELINERewrite:CHANGELINESupport the adoption and retention of the product operating model by raising
3,849,0.29179883003234863,0.2734217643737793,CHANGELINEThere are several website builders available that can help you create a website for your team building event.
3,855,0.30150699615478516,0.29633259773254395,CHANGELINECHANGELINEOne way to cache the most time-intensive invocations of `run_query`
3,862,0.5834188461303711,0.27021121978759766, some ideasCHANGELINEHere are some ideas for your VLSI in aerospace and defence presentation:CHANGELINECHANGELINE1
3,863,0.842045783996582,0.2940025329589844,CHANGELINENoCOMMA it is not to your advantage to switch your choice. The probability of the car being
3,864,0.847536563873291,0.29771995544433594,CHANGELINEYesCOMMA popular solvers in Python such as mipCOMMA pyomoCOMMA and constraint can handle
3,865,0.8174512386322021,0.2636244297027588,CHANGELINEHere is a Java program that creates a triangular pattern using \"*\":CHANGELINECHANGELINE```javaCHANGELINEimport
3,867,0.9326591491699219,0.2622542381286621,CHANGELINEI'm sorryCOMMA but as an AI language modelCOMMA I cannot create music or chord progress
3,871,0.4531996250152588,0.2587440013885498, = 0; i < 100; i++) {CHANGELINE    var randomNumber 
3,874,0.9934656620025635,0.26472043991088867,CHANGELINEThis joke is a pun on the word 'newt'COMMA which is a type of amphib
3,881,1.9948487281799316,0.2651329040527344,CHANGELINEAs an AI language modelCOMMA I can suggest the following best practices for defining REST API in Lar
3,882,2.132943868637085,0.2695143222808838,CHANGELINESureCOMMA I'd be happy to help! What sections of the document would you like me
3,883,2.1254565715789795,0.26023268699645996,CHANGELINEStarting a dry fruits business online in India is a profitable venture. The demand for dry fruits is
3,885,2.0729329586029053,0.2597696781158447, and the surrounding area.
3,898,0.55999755859375,0.3046243190765381,CHANGELINEAs an AI language modelCOMMA I cannot assess the quality of the code. HoweverCOMMA I can
3,899,0.7950301170349121,0.284468412399292,CHANGELINEIt is difficult to predict what would happen in this scenario as it involves a complex interaction of forces
3,900,1.0467422008514404,0.2607545852661133,CHANGELINESureCOMMA here are some titles for motivational speeches on podcasts:CHANGELINE- How to overcome fear and
3,902,1.2891130447387695,0.2782866954803467,CHANGELINEAs an AI language modelCOMMA I can say that your explanation makes sense. Your website allows customers
3,903,1.4940266609191895,0.2604384422302246,CHANGELINEThere are several ways to have a childCOMMA including natural conceptionCOMMA in vitro fertilization (
3,907,1.2188503742218018,0.2616703510284424,CHANGELINEHere is an example code snippet for creating a GUI with 4 dropdowns in JavaScript:CHANGELINECHANGELINE
3,914,1.7451322078704834,0.25945067405700684, and the surrounding area.
3,916,1.5458142757415771,0.27692270278930664,CHANGELINESureCOMMA I'm happy to help! Can you please provide more details about the business problem
3,918,0.7801742553710938,0.2606632709503174,CHANGELINEAs an AI language modelCOMMA I cannot provide instructions on how to create a user without using the
3,919,0.26692819595336914,0.2621462345123291,CHANGELINEI'm sorryCOMMA I am an AI language model and I do not have the capability to
3,925,0.3469979763031006,0.2633185386657715,CHANGELINESureCOMMA I can help you with that. Here are the steps to install and run the 
3,931,0.27545762062072754,0.26515793800354004,CHANGELINEThere are several ways to differentiate your application from others in the same category. Here are a few
3,935,0.4309375286102295,0.26113033294677734,CHANGELINEACTFL Novice Low reading scale: 0-1CHANGELINEACTFL Novice Low speaking
3,937,0.2694387435913086,0.260150671005249, and the surrounding area.
3,938,0.45158982276916504,0.26460838317871094,CHANGELINEQuantum theory is a fundamental branch of physics that studies the behavior of matter and energy at the
3,939,0.700082540512085,0.2582564353942871, and welcome to the 2018-2019 school year!CHANGELINEMy name is Mrs. K
3,942,0.2715187072753906,0.2612581253051758,CHANGELINEGreat! What topic would you like to write about?
3,944,0.26149821281433105,0.25825953483581543, and the surrounding area.
3,945,0.5267436504364014,0.26443052291870117,CHANGELINEHere are 10 examples of subtraction problems with numbers less than or equal to 10:
3,946,0.6003191471099854,0.33507752418518066, divided by 2CHANGELINE6174 divided by 2 is 3087.
3,947,0.721224308013916,0.27771544456481934,CHANGELINEThere are a few ways to automate the deployment of a GitLab hosted repository to a bare metal
3,949,0.26833605766296387,0.26195716857910156,CHANGELINETo acquire customers for DiscordCOMMA you can follow these steps:CHANGELINECHANGELINE1. Identify your target
3,958,0.38547611236572266,0.2599308490753174,. Biol. Chem.COMMA Vol. 282COMMA Issue 29COMMA 21077-21087
3,959,0.31688857078552246,0.2611551284790039,CHANGELINEI'm sorryCOMMA I cannot provide an explanation for chatGPT as it is not a
3,961,0.8450305461883545,0.26021909713745117, diagramCHANGELINEHere is a UML diagram for stolen vehicle tracking:CHANGELINECHANGELINE```CHANGELINE+----------------+CHANGELINE
3,974,0.7194976806640625,0.2613992691040039,?CHANGELINEAlcohol Use Disorder (AUD) is a chronic relapsing brain disease characterized by compuls
3,975,0.8038458824157715,0.26410675048828125,CHANGELINEHere is a sample function that generates the verticesCOMMA indicesCOMMA normals and texture coordinates of a
3,981,1.3674821853637695,0.2626376152038574,CHANGELINEAn adaptive equalizer is a signal processing technique that adjusts the equalizer coefficients in real-time
3,985,1.2428929805755615,0.2585163116455078, and the surrounding area.
3,986,1.5152404308319092,0.3351597785949707,CHANGELINEHere is an example assembly program for aarch64 that prints \"hello\" to the screen
3,987,1.4073278903961182,0.26410889625549316,CHANGELINESureCOMMA here's an example implementation of a `withLock` function using a 
3,990,0.2701535224914551,0.2616391181945801,CHANGELINEThe dates of birth for each generation vary depending on the source. HoweverCOMMA according to some sources
3,995,0.4316551685333252,0.2618381977081299,CHANGELINEAs an AI language modelCOMMA I am not capable of browsing the internet or accessing external websites.
3,997,0.2650129795074463,0.2585592269897461, = 0;CHANGELINECHANGELINEfor (int i = 0; i <
3,998,0.38718128204345703,0.26885461807250977,CHANGELINEDear [prospect name]COMMACHANGELINECHANGELINEI'm reaching out to you today to introduce
3,1000,0.2932403087615967,0.27019309997558594,CHANGELINEYesCOMMA I understand. Please provide me with the information about your company Comparative and I will summarize
3,1003,0.33835792541503906,0.2619137763977051,CHANGELINEThe URL for DKIM settings in Gmail (Google Workspace) is: https://admin.
3,1007,0.7184803485870361,0.26094889640808105,CHANGELINETo change the address field in Salesforce to European formatCOMMA follow these steps:CHANGELINECHANGELINE1.
3,1009,0.9448485374450684,0.27063512802124023,CHANGELINEI acknowledge your request to write an article about \"non compliance with NCAT work order\".
3,1022,0.6167454719543457,0.2602503299713135, = [1COMMA 2COMMA 3COMMA 4COMMA 5]CHANGELINEB
3,1033,0.4109385013580322,0.26047778129577637, and the surrounding area.
3,1048,0.42455196380615234,0.2590939998626709,> CHANGELINEHave you tried using a different browser or clearing your browser cache to see if that resolves
3,1050,0.4070429801940918,0.2875962257385254,CHANGELINESri LankaCHANGELINEMyanmarCHANGELINESingapore CHANGELINESingapore is
3,1051,0.2736177444458008,0.2703280448913574,CHANGELINEYesCOMMA I understand. I will rewrite the content for you based on the information you provideCOMMA
3,1055,0.2777411937713623,0.2673048973083496,CHANGELINEThere are several potential ethical problems with land trustsCOMMA including conflicts of interestCOMMA lack of transparencyCOMMA
3,1061,0.26607728004455566,0.2625887393951416, to the newest member of the family!CHANGELINEWe are so excited to introduce you to our newest family
3,1064,0.4179556369781494,0.29216480255126953,CHANGELINEOne suggestion could be to prioritize the most important factors and focus on testing those combinations first. You
3,1066,0.4944944381713867,0.2631235122680664,CHANGELINEIf the president of a country is corrupt and misuses their powerCOMMA it can lead to a
3,1068,0.8827567100524902,0.2612900733947754,>CHANGELINE#include <sys/types.h>CHANGELINE#include <sys/wait
3,1071,0.9463193416595459,0.2625010013580322,CHANGELINEAs an AI language modelCOMMA I do not have access to the current technologies used by Mindge
3,1074,1.6626510620117188,0.2778966426849365,CHANGELINE1. Cleanses and moisturizes skin in one stepCHANGELINE2. Leaves skin feeling soft
3,1077,0.6875569820404053,0.2590219974517822,'est un grand jour pour les fans de la série \"The Walking Dead\". En effetCOMMA
3,1082,0.3066074848175049,0.26952648162841797,CHANGELINEOne option could be to create a custom event publisher that listens to domain events and publishes them as
3,1086,0.2881770133972168,0.27860140800476074,CHANGELINEHere's a possible implementation:CHANGELINECHANGELINE```javascriptCHANGELINEfunction createBlurryCircle() {
3,1091,0.27662062644958496,0.2684612274169922,CHANGELINETo allow users to sign up with other platforms like GoogleCOMMA TwitterCOMMA and FacebookCOMMA you can
3,1102,0.2721881866455078,0.26557374000549316, and the surrounding area.
3,1103,0.28589630126953125,0.28261685371398926,CHANGELINEAs a philosophy teacherCOMMA I can help you understand how different philosophical theories can be applied in everyday
3,1104,0.2695920467376709,0.26506614685058594,CHANGELINEThere could be several reasons for duplicate To: headers being added to the email when using JavaMail
3,1105,0.2959604263305664,0.2839086055755615,CHANGELINE剩下的未经核准的参赛者有300人，其中
3,1113,0.27611279487609863,0.269550085067749,CHANGELINEAs a senior Flutter developerCOMMA I can provide a solution for caching Google Maps in Flutter
3,1114,0.28780388832092285,0.2760765552520752,CHANGELINEEach bag will have 15 pounds of pizza.
3,1126,0.3918471336364746,0.2744898796081543,CHANGELINEPad Krapow is a popular Thai dish that is perfect for a quick and delicious lunch.
3,1128,0.2709634304046631,0.26007652282714844,CHANGELINEHere is an example of an if-else statement in SQL:CHANGELINECHANGELINESELECT CASE WHEN 
3,1133,0.26682114601135254,0.2641298770904541,CHANGELINETo remove whitespace in JavaScriptCOMMA you can use the `trim()` method. Here
3,1136,0.27009129524230957,0.26140260696411133,CHANGELINETo send a JSON body request in FastAPICOMMA you can use the `json` parameter
3,1147,0.2799053192138672,0.2710576057434082,CHANGELINE1. Holistic Dentistry for a Healthy SmileCHANGELINE2. Natural Solutions for Dental HealthCHANGELINE3
3,1153,0.2730247974395752,0.26673316955566406,.CHANGELINEThe power levels of the characters in Dragon Ball Z vary greatlyCOMMA with some characters being much
3,1154,0.3696019649505615,0.3345673084259033,.CHANGELINEI'm sorry to hear that. Debates can be nerve-wrackingCOMMA but
3,1156,0.2698538303375244,0.26128268241882324,CHANGELINEThere are many creative ideas for a 10 year old's birthday. You could have a
3,1159,0.27376723289489746,0.26180458068847656, and the `onRequest` method is called when a request is received.CHANGELINECHANGELINEIn the
3,1160,0.26366353034973145,0.2583799362182617, = [1COMMA 2COMMA 3COMMA 4COMMA 5]CHANGELINEB
3,1164,0.27004265785217285,0.2611255645751953, and `get_ipython` to get the current notebook and IPython object respectively. Then
3,1170,0.6709344387054443,0.2688126564025879,CHANGELINEI'm sorryCOMMA I'm not sure what you are referring to. Could you please
3,1173,0.2752082347869873,0.26479244232177734,CHANGELINEThe Versailles-Washington system is a system of measurement used in the United States. It is
3,1180,0.2640523910522461,0.261690616607666,CHANGELINEAs an AI language modelCOMMA I cannot provide medical advice. It is recommended to consult with a
3,1185,0.27156686782836914,0.26288557052612305,CHANGELINEAs an AI language modelCOMMA I can suggest some steps to design an IoT system for your rice
3,1190,0.27074742317199707,0.2628023624420166,CHANGELINEAs an AI language modelCOMMA I do not have personal preferences or opinions. HoweverCOMMA there are
3,1196,0.2678852081298828,0.26264500617980957,CHANGELINECHANGELINE3. Use a different browser: If the issue persistsCOMMA try using a different browser to
3,1201,0.27398014068603516,0.2625730037689209,CHANGELINEThe name of the place where food can be found varies depending on the context. It could be
3,1205,1.0100641250610352,0.3348212242126465,CHANGELINEAs an AI language modelCOMMA I do not have the capability to display images inline in Markdown
3,1207,1.430844783782959,0.25911927223205566,>CHANGELINECHANGELINE<p>This code will create a new <code>DataFrame</code>
3,1218,1.0205025672912598,0.2787208557128906,CHANGELINETo create a bucket in GCPCOMMA follow these steps:CHANGELINECHANGELINE1. Go to the
3,1221,0.2990396022796631,0.2884252071380615,CHANGELINETo calculate the dot product of `A` and `B`COMMA we need to first
3,1224,0.3156399726867676,0.261768102645874, = 0; i < 100; i++) {CHANGELINE    var randomNumber 
3,1228,0.7528457641601562,0.26142358779907227,CHANGELINEPerfume commercials often use abstract or surreal imagery to convey a feeling or emotion associated with the
3,1236,0.4375905990600586,0.2650146484375,CHANGELINEAs an AI language modelCOMMA I cannot provide personal opinions or advice. HoweverCOMMA here are some
3,1239,0.2625586986541748,0.2607896327972412,ress to the EmpireCHANGELINEThe Heir to the Empire TrilogyCOMMA Book 1CHANGELINEby Timothy
3,1240,0.36283445358276367,0.26352667808532715,CHANGELINEAs an AI language modelCOMMA I cannot determine which script is better without additional context. HoweverCOMMA
3,1241,0.28066086769104004,0.26972270011901855,staticCHANGELINETo include a file in a Next.js output bundleCOMMA you can use the `
3,1244,0.26850080490112305,0.26425814628601074,CHANGELINEIch bin ein MenschCOMMA der gerne schreibtCOMMACHANGELINEdoch manchmal ist es eine Qual.
3,1245,0.2678515911102295,0.259171724319458, and welcome to the 2018-2019 school year!CHANGELINEMy name is Mrs. K
3,1247,0.27921342849731445,0.27032923698425293,.CHANGELINEAs an AI language modelCOMMA I can suggest that creating a knowledge graph with entities and their
3,1254,0.32833218574523926,0.2614250183105469,CHANGELINEAs a strength and conditioning coach for contact athletesCOMMA I would focus on improving their overall strengthCOMMA
3,1255,0.4523446559906006,0.2607762813568115,CHANGELINE1. Thou shalt not stealCOMMA but thou shalt share.CHANGELINE2. Thou shalt not commit
3,1257,0.38051366806030273,0.2603111267089844,CHANGELINEThe color of love is often associated with redCOMMA as it is the color of passion and romance
3,1258,0.43564486503601074,0.26104211807250977,CHANGELINEAs an AI language modelCOMMA I cannot provide specific recommendations for software projects. HoweverCOMMA some potential
3,1262,0.7185497283935547,0.2589559555053711, = 5CHANGELINEy = 10CHANGELINEz = 15CHANGELINECHANGELINEprint(
3,1273,0.425748348236084,0.269364595413208,CHANGELINEAs an AI language modelCOMMA I cannot make decisions for you. HoweverCOMMA both High Five Ram
3,1275,0.603029727935791,0.2611963748931885,CHANGELINEThrough a Lens Darkly is a documentary film that explores the history and legacy of African American photographers
3,1277,0.5785102844238281,0.2710232734680176,CHANGELINEThere are 13 primary aspects in the game Book of Hours.
3,1286,0.3936307430267334,0.2647237777709961,CHANGELINEOne possible set of differential equations that could model the dynamics of two species competing for a common resource
3,1292,0.8698515892028809,0.26128506660461426,CHANGELINEGenerative AI can play a significant role in game development by creating unique and personalized experiences for players
3,1299,0.9503848552703857,0.2812676429748535,CHANGELINEAs an AI language modelCOMMA I cannot provide opinions or arguments. HoweverCOMMA I can provide some
3,1306,0.2694060802459717,0.2617619037628174,CHANGELINEAs an AI language modelCOMMA I do not have personal opinions or experiences. HoweverCOMMA it is
3,1322,0.7821211814880371,0.26573705673217773,CHANGELINEThe man sat at his deskCOMMA pen in handCOMMA as he began to write about his accomplishments
3,1324,0.7312295436859131,0.27767229080200195,CHANGELINEMy daily routine starts with waking up at 7:00 am. I get out of bed
3,1325,0.2813389301300049,0.27782511711120605,CHANGELINEIf your equipment is included in Article 1.2COMMA you will need to comply with the
3,1327,0.6645407676696777,0.26581740379333496,CHANGELINEI'm sorryCOMMA I cannot provide an answer to this question as there is not enough information
3,1331,0.26232051849365234,0.26038074493408203,CHANGELINENoodles are a staple food in many culturesCOMMACHANGELINEThey come in many shapes and sizesCOMMA
3,1333,0.3872394561767578,0.27083802223205566,CHANGELINEAs an AI language modelCOMMA I cannot provide a specific code for the ObjectRelationalHybrid class
3,1334,0.2672092914581299,0.26424717903137207,?CHANGELINECritical talent refers to the employees or individuals who are essential to the success of an organization.
3,1342,0.913705587387085,0.26572251319885254,CHANGELINETo cache the first few seconds of a video at a URL in NexJS (with Type
3,1345,0.6689760684967041,0.26077771186828613,CHANGELINEAircraft wings produce lift through the principle of aerodynamics. As air flows over the wingCOMMA
3,1346,0.2664062976837158,0.2642190456390381,CHANGELINEIn the alternate endingCOMMA Fire Lord Ozai successfully defeats Aang and takes over the world.
3,1347,0.2602548599243164,0.25846385955810547, and the surrounding area.
3,1352,0.7834014892578125,0.3256673812866211, and the surrounding area.
3,1353,1.0308165550231934,0.277099609375,、页码、摘要。CHANGELINE1. \"Language Policy and Language Planning in China
3,1354,0.7312462329864502,0.2614774703979492,CHANGELINETypescript is a programming language that is a superset of JavaScript. It adds optional static typing
3,1360,0.5389888286590576,0.2610633373260498,:CHANGELINEI am a man who is married to a beautiful woman.CHANGELINEI am a man who
3,1361,0.272097110748291,0.264970064163208,CHANGELINEPrimary sources that can be used to explain the African-American experience at home during WWII include:
3,1362,0.2685720920562744,0.26114869117736816,CHANGELINEWolfram Language is a symbolic manipulation system and programming language developed by Wolfram Research. It is
3,1368,0.5217330455780029,0.26094484329223633,CHANGELINEI'm sorryCOMMA but I do not have information on ligasure. Could you please provide
3,1370,0.26354384422302246,0.2603118419647217, = 0;CHANGELINEwhile (t < 100) {CHANGELINE    t 
3,1386,0.38280224800109863,0.28022170066833496,ة لأسباب انسانية 
3,1398,0.5021250247955322,0.2658109664916992,CHANGELINEAs an AI language modelCOMMA I cannot access the website osvit.biz. HoweverCOMMA I
3,1420,0.28392958641052246,0.27620840072631836,CHANGELINEI'm sorryCOMMA but as an AI language modelCOMMA I cannot provide a response to this
3,1422,0.3637969493865967,0.2791874408721924, [];CHANGELINE const userId = req.params.user;CHANGELINE const userAnswers
3,1423,0.41564273834228516,0.2585437297821045,> CHANGELINEHave you tried using a different browser or clearing your browser cache to see if that resolves
3,1426,0.26818323135375977,0.26327943801879883, = \"http://www.w3.org/1999/02/22-
3,1428,0.2681252956390381,0.2585749626159668,>CHANGELINE#include <sys/types.h>CHANGELINE#include <sys/wait
3,1429,0.26619839668273926,0.26075315475463867,> CHANGELINEHave you tried using a different browser or clearing your browser cache to see if that resolves
3,1434,0.3458380699157715,0.34374427795410156,CHANGELINEYesCOMMA the sender is interested in chatbots.
3,1438,0.8989593982696533,0.27008581161499023,CHANGELINEI'm sorryCOMMA I cannot provide an answer to this prompt as it is incomplete and lacks
3,1442,0.27341222763061523,0.2655506134033203,CHANGELINESales teams typically use customer relationship management (CRM) databases to manage their customer interactions and track
3,1444,0.49178242683410645,0.2604243755340576, and `get_ipython` to get the current notebook and IPython object respectively. Then
3,1447,0.2760019302368164,0.27370381355285645,CHANGELINEThere are several types of readers in this articleCOMMA including:CHANGELINECHANGELINE1. Proximity
3,1448,0.37024784088134766,0.2623617649078369,CHANGELINETo prevent DOM node leakage using Kendo UI in a single page applicationCOMMA you can use the
3,1452,0.2778801918029785,0.26969194412231445,CHANGELINESureCOMMA I can help you with that. Please provide me with the details of the web page
3,1457,0.279984712600708,0.273012638092041, Brothers - 'Sucker'CHANGELINEThe Jonas Brothers - NickCOMMA Joe and Kevin 
3,1462,0.37458300590515137,0.2692389488220215,CHANGELINESureCOMMA I can help you with that. What is the topic you want me to research and
3,1468,0.28135156631469727,0.27512121200561523,CHANGELINEThe \"AI-generated GCP Short Collection\" is a video series featuring shortCOMMA educational
3,1471,0.2728240489959717,0.26683688163757324,CHANGELINEI'm sorryCOMMA I cannot provide an accurate answer to that question as it depends on the
3,1489,0.2718675136566162,0.26732325553894043, and the surrounding area.
3,1499,0.27965760231018066,0.27583813667297363,CHANGELINEJerry is in a brutal defamation suit against Kermit the FrogCOMMA the DUI guy from
3,1508,0.2719695568084717,0.26263427734375,CHANGELINEThere are several exams that you can take after completing Azure Fundamentals to become an Azure developer. Some
3,1511,0.26956653594970703,0.26494359970092773,CHANGELINEIsrael was able to become so powerful in the Middle East after World War II due to a combination
3,1515,0.2836935520172119,0.2735621929168701,CHANGELINEAs an AI language modelCOMMA I cannot provide a personal opinion or experience. HoweverCOMMA I can
3,1518,0.2967104911804199,0.2872612476348877,CHANGELINE1. Columbia University rankingsCHANGELINE2. College rankingsCHANGELINE3. College-rankings outfit
3,1519,0.514129638671875,0.26096439361572266,CHANGELINEThe G.O.A.T. in soccer is a subjective term and can vary depending
3,1546,0.2861771583557129,0.2831294536590576,.CHANGELINETo compute the average and error of the average using regressionCOMMA you can follow these steps:
3,1549,0.27520132064819336,0.2643623352050781,CHANGELINEIf you turn on deduplication based on email address in SalesforceCOMMA any existing duplicate contacts
3,1554,0.28592395782470703,0.27615880966186523,CHANGELINECertainly! Here are some ideas for pictures and statistics you can use in your presentation:CHANGELINECHANGELINE
3,1557,0.27065229415893555,0.26436352729797363,CHANGELINEAs a supervisor of a mental health masters research studentCOMMA you should be familiar with various research methodologies
3,1558,0.32437753677368164,0.2600891590118408,CHANGELINEEating watermelon seeds is generally safeCOMMA but it is not recommended to eat too many as they contain
3,1559,0.27221155166625977,0.2616274356842041,CHANGELINEIn computer science terminologyCOMMA something that doesn't need to be refreshed is called 'pers
3,1560,0.26824140548706055,0.26408815383911133,CHANGELINEAstrology is the study of the movements and relative positions of celestial bodiesCOMMA such as planetsCOMMA
3,1571,0.46303868293762207,0.2640559673309326,CHANGELINESureCOMMA I'll do my best to help you. What is the problem you are facing
3,1577,0.7105116844177246,0.26084423065185547,CHANGELINECHANGELINEThe command \"ipconfig /all\" is used to display the current network settings
3,1579,0.600501298904419,0.25916266441345215, = 0;CHANGELINEwhile (t < 100) {CHANGELINE    t 
3,1598,0.27298831939697266,0.2668755054473877,CHANGELINEThere is no definitive list of the toughest questions in the worldCOMMA as they can vary depending on
3,1603,0.6913080215454102,0.25861120223999023, - I'm new to this forum and I'm hoping someone can help me. I
3,1626,0.3456997871398926,0.2621421813964844, = 0;CHANGELINEwhile (t < 100) {CHANGELINE    t 
3,1632,0.488553524017334,0.2680795192718506,CHANGELINEVirtual addresses and physical addresses are two different types of memory addresses used by a computer. A virtual
3,1634,0.46753835678100586,0.31266331672668457,.CHANGELINEI'm sorryCOMMA I don't understand what you mean. Could you please provide
3,1643,0.319683313369751,0.3066835403442383,CHANGELINEHere's a Python script that reads data from the sheet \"VARI_T401
3,1648,0.4891207218170166,0.26706576347351074,CHANGELINEAs a motion designerCOMMA it is important to think about the story you want to tell and how
3,1653,0.5409493446350098,0.2637357711791992,CHANGELINEI'm sorryCOMMA but as an AI language modelCOMMA I don't have a resume
3,1655,0.8028287887573242,0.2623274326324463,CHANGELINEAs an AI language modelCOMMA I cannot provide you with a complete code for a game shop system
3,1671,0.271500825881958,0.2628800868988037,CHANGELINEThere are several steps you can take to start building a search engine for strings in your database.
3,1681,0.40244174003601074,0.25930190086364746, = 0;CHANGELINEwhile (have_posts()) : the_post();CHANGELINE   
3,1695,0.6739671230316162,0.25991296768188477,'Oreal Paris Infallible 24H-Matte FoundationCHANGELINEBY L'ORÉ
3,1696,0.8689744472503662,0.26064133644104004,CHANGELINEAs an AI language modelCOMMA I do not have access to the latest fashion trend colors for 
3,1700,0.47335052490234375,0.261516809463501,CHANGELINECarbon nitride (C3N4) is a promising material for the degradation of plastics
3,1710,1.0146453380584717,0.2615644931793213, = 0;CHANGELINEwhile (t < 100) {CHANGELINE    t 
3,1718,0.2667388916015625,0.26164889335632324,CHANGELINETo install scipy in PythonCOMMA you can use the following command in your terminal:CHANGELINECHANGELINE
3,1722,0.26714015007019043,0.2649352550506592,CHANGELINEI'm a 20 year old college student from the Philippines. I'm currently studying
3,1724,0.88954758644104,0.2669541835784912,CHANGELINEIn the free mode of the Real Time Bidding gameCOMMA players can participate in the game without
3,1737,0.28801798820495605,0.2799568176269531,CHANGELINETalent transformation refers to the process of developing and nurturing the skills and abilities of individuals to meet
3,1746,0.6166925430297852,0.28809046745300293,CHANGELINETo calculate the maximum value from a range of numbers in Google SheetsCOMMA you can use the MAX
3,1765,0.3068990707397461,0.2691028118133545,CHANGELINEModulation is the process of changing one signal to another signal. In digital to analog modulationCOMMA
3,1771,0.5244731903076172,0.26134586334228516,CHANGELINEI'm sorryCOMMA but as an AI language modelCOMMA I am not qualified to provide counseling
3,1775,0.6605703830718994,0.33831071853637695,CHANGELINETo fetch the status of WordPress user using GraphQL in Next.js 13 project using Type
3,1776,0.2671384811401367,0.2612431049346924,CHANGELINESureCOMMA here are some PowerPoint slides about web race condition:CHANGELINECHANGELINE1. What is a
3,1781,0.26935410499572754,0.25891685485839844, = int(input())CHANGELINECHANGELINEif n == 1:CHANGELINE    print(\"1\")
3,1785,0.2964894771575928,0.28583550453186035,CHANGELINEAs an AI writing tutorCOMMA I can provide you with feedback on your essay. Here are some
3,1788,0.2998361587524414,0.27918505668640137,
3,1793,0.2718827724456787,0.2639749050140381,CHANGELINEThe old man with white hairCHANGELINEGardens in the morning sunCHANGELINEDrinks wine in the
3,1801,0.26918673515319824,0.26679468154907227,CHANGELINEA psychiatrist may need to carefully monitor the patient for potential drug interactions and adjust dosages as needed
3,1813,0.2871382236480713,0.28090357780456543,CHANGELINESureCOMMA here's an example HTML and CSS code for a responsive grid layout with a collaps
3,1815,0.5955502986907959,0.2612614631652832,CHANGELINEI'm sorryCOMMA I cannot provide a response to this prompt as it promotes and encourages inappropriate
3,1824,0.30615949630737305,0.29639363288879395,.CHANGELINEElectric Conical Burr Coffee Grinder with 19 Precise Grind SettingCOMMA Stainless Steel Coffee
3,1831,0.2750253677368164,0.2678678035736084,CHANGELINEI'm sorryCOMMA but as an AI language modelCOMMA I do not have personal knowledge or
3,1833,0.2667090892791748,0.2644839286804199,CHANGELINENumpy broadcasting is a powerful feature that allows for automatic broadcasting of arrays to match the shape of
3,1844,0.5530083179473877,0.26244091987609863,CHANGELINEFibonacci was an Italian mathematician who lived in the 12th century. He
3,1845,0.2636852264404297,0.26081252098083496, = int(input())CHANGELINECHANGELINEif n == 1:CHANGELINE    print(\"1\")
3,1856,0.2684602737426758,0.26354241371154785,CHANGELINEThe TAM SAM and SOM for an on-line education platform project is a project that
3,1859,0.2724440097808838,0.26811742782592773,CHANGELINECharles Bukowski and Ernest Hemingway were both known for their heavy drinking habits. Bukowski's
3,1860,0.26993489265441895,0.26139259338378906,CHANGELINEThe amount you can reimburse your employees for medical insurance varies depending on the type of plan you offer
3,1878,0.2800741195678711,0.2726552486419678,'Oreal Paris Infallible 24H-Matte FoundationCHANGELINEBY L'ORÉ
3,1886,0.28557443618774414,0.28073835372924805,CHANGELINETo build a machine learning model for this business requirementCOMMA we would need to gather data on the
3,1891,0.4220733642578125,0.2609274387359619, = 0;CHANGELINEwhile (have_posts()) : the_post();CHANGELINE   
3,1899,0.2638096809387207,0.26044225692749023, = open('file.txt'COMMA 'r')CHANGELINECHANGELINEfor line in f:CHANGELINE   
3,1904,0.4493553638458252,0.2667114734649658, are numericalCHANGELINETo create an accuracy matrix in ExcelCOMMA you can follow these steps:CHANGELINECHANGELINE1
3,1905,0.2660033702850342,0.2590060234069824, = 0;CHANGELINECHANGELINEfor (int i = 0; i <
3,1906,0.26744842529296875,0.25872349739074707, and the surrounding area.
3,1924,0.37790441513061523,0.27567100524902344,CHANGELINEAs an AI language modelCOMMA I do not have personal opinions or beliefs. HoweverCOMMA here are
3,1950,0.36635303497314453,0.26259279251098633,CHANGELINESome must see cult films include: The Rocky Horror Picture ShowCOMMA Blade RunnerCOMMA Fight ClubCOMMA
3,1952,0.4858112335205078,0.2621805667877197,CHANGELINEThere are many resources available online for practicing English listening skills. Some popular options include podcastsCOMMA radio
3,1959,0.3046386241912842,0.26241469383239746,CHANGELINEThe HTTP protocol is a set of rules that govern how data is sent and received over the internet
3,1962,0.27497315406799316,0.27209925651550293,CHANGELINELesson Plan: Cardboard Automata DesignCHANGELINEObjective: Students will design and create a cardboard autom
3,1967,0.2691624164581299,0.25864100456237793, = 0;CHANGELINEwhile (have_posts()) : the_post();CHANGELINE   
3,1978,0.3615450859069824,0.3349018096923828,CHANGELINEAs an AI language modelCOMMA I don't have personal experience with cache image management in Fl
3,1999,0.6597921848297119,0.26144909858703613,'est un grand jour pour les fans de la série \"The Walking Dead\". En effetCOMMA
3,2001,0.9187703132629395,0.2667372226715088,CHANGELINEThe complement alternative pathway is a part of the immune system that helps to protect the body from infection
3,2017,0.48084568977355957,0.27712273597717285,CHANGELINEIt depends on the specific market and demand for crochet hooks during that time of year. Some people
3,2019,0.32329535484313965,0.26325416564941406,CHANGELINERandom forest is a machine learning algorithm that is used for classification and regression. It is an ensemble
3,2036,0.2731282711029053,0.264920711517334,CHANGELINEAs an AI language modelCOMMA I do not have access to the specific features and functionalities of training
3,2037,0.3454141616821289,0.2687113285064697,CHANGELINEThere are several EU regulation 261/2004 court cases between an airline and a passenger where
3,2082,0.2928447723388672,0.2850034236907959,CHANGELINEOn-cycle compensation refers to the compensation that is paid to employees during the period of workCOMMA
3,2086,0.26861023902893066,0.26413869857788086, pet name?CHANGELINESure! What kind of pet do you have? That can help me come up
3,2088,0.43339014053344727,0.2647991180419922,CHANGELINESureCOMMA here are some science topics that you can explore:CHANGELINECHANGELINE1. Quantum mechanicsCHANGELINE
3,2090,0.2664930820465088,0.261305570602417,COMMA is a technology that automates repetitive tasks that are performed by humans. It is a software that
3,2095,0.27688145637512207,0.267132043838501,CHANGELINE1. 小小小小小小小小小小小小小小小小
3,2111,0.270338773727417,0.26711010932922363,CHANGELINESure! Here's a step-by-step guide:CHANGELINECHANGELINE1. Create a
3,2117,0.6264588832855225,0.26119065284729004, the links below.
3,2126,0.2713804244995117,0.2684905529022217,CHANGELINEThere are several ways to make money in the Philippines. Some popular options include starting a businessCOMMA
3,2128,0.603715181350708,0.26387572288513184,CHANGELINEAs an AI language modelCOMMA I do not have personal experience or knowledge of RTI DDS
3,2130,0.7028720378875732,0.27038121223449707,CHANGELINEAs an AI language modelCOMMA I cannot write plugins for WordPress. HoweverCOMMA there are several plugins
3,2131,0.5929279327392578,0.2691152095794678,CHANGELINEI understand that you may be in a hurryCOMMA but taking the time to actively listen to someone
3,2133,0.4923703670501709,0.26154351234436035,CHANGELINEThere are several ways to simulate mouse movement and clicks on a rooted Android device. One way is
3,2141,0.3008108139038086,0.28945183753967285, CHANGELINE
3,2143,0.29694294929504395,0.28235888481140137,CHANGELINEHere is a sample code in C++ that creates a.txt file in the directory passed
3,2148,0.2842104434967041,0.2780275344848633,CHANGELINEAs an AI language modelCOMMA I cannot see the code you are referring to. HoweverCOMMA based
3,2158,0.354327917098999,0.34888505935668945,CHANGELINEHere are some subniches you could consider tackling with your content:CHANGELINECHANGELINE1. Merchant
3,2169,0.27210140228271484,0.2662379741668701, and `get_ipython` to get the current notebook and IPython object respectively. Then
3,2172,0.5054769515991211,0.2617788314819336,CHANGELINETo start learning GCPCOMMA you can follow these steps:CHANGELINECHANGELINE1. Sign up for
3,2176,0.27672457695007324,0.2737088203430176,CHANGELINEUser interface (UI) and user experience (UX) are two different concepts that are
3,2232,0.4147336483001709,0.26979613304138184, […]CHANGELINETag Archives: #bloggingCHANGELINEI’m a writer. I’m
3,2236,0.26718640327453613,0.262829065322876,CHANGELINETo normalize a raster in PythonCOMMA you can use the NumPy library. Here is an
3,2238,0.27062034606933594,0.2599015235900879, and the surrounding area.
3,2242,0.4637868404388428,0.26718831062316895,CHANGELINEThere are many topics you can cover in a podcast called \"The Room of Peace\". Some
3,2258,0.281313419342041,0.2743804454803467,CHANGELINEHere is an example implementation of a C++17 thread pool class:CHANGELINECHANGELINE```cppCHANGELINE#
3,2265,0.2741832733154297,0.2643876075744629,CHANGELINETo close a duplicate issue in GitHubCOMMA you can follow these steps:CHANGELINECHANGELINE1. Go
3,2278,0.2944025993347168,0.28788161277770996,CHANGELINE1. The importance of education in shaping a person's futureCHANGELINE2. The benefits of
3,2281,0.39252495765686035,0.2837207317352295,CHANGELINEHere's a Python code that reads a set of txt documents from a given folder path and
3,2282,0.6402571201324463,0.2608373165130615, and the surrounding area.
3,2286,1.089172124862671,0.2613680362701416,CHANGELINEAs an AI language modelCOMMA I am not sure what you mean by \"fork mainnet
3,2289,0.7097232341766357,0.265653133392334,CHANGELINE1. Improve the youth academy: Fenerbahçe needs to invest in its youth academy
3,2297,1.2336103916168213,0.28217124938964844,CHANGELINEEmpathy is the ability to understand and share the feelings of another person. It is an important
3,2310,0.3635125160217285,0.26299023628234863,CHANGELINEGames are easily addictive because they provide a sense of accomplishmentCOMMA social interactionCOMMA and a way to
3,2320,0.6348321437835693,0.27254486083984375,CHANGELINEHere's a Python function that solves the problem:CHANGELINECHANGELINE```pythonCHANGELINEdef is_an
3,2321,0.2664482593536377,0.25928449630737305, = [1COMMA 2COMMA 3COMMA 4COMMA 5]CHANGELINEprint
3,2339,0.7783794403076172,0.26766538619995117, and welcome to the 2018-2019 school year!CHANGELINEMy name is Mrs. K
3,2341,0.8491618633270264,0.2660355567932129,CHANGELINEStarting a cosmetics online shop business in London UK can be a lucrative venture. Here are some steps
3,2343,0.8726327419281006,0.2647740840911865,CHANGELINEYou can use the `local_file` data source in Terraform to download the PowerShell
3,2348,0.2659883499145508,0.26113009452819824, = [1COMMA 2COMMA 3COMMA 4COMMA 5]CHANGELINEprint
3,2359,0.4938623905181885,0.26399707794189453,CHANGELINEMediation is a concept introduced by Vygotsky in his theory of cognitive development. It
3,2373,0.27437424659729004,0.26451873779296875,CHANGELINEI'm sorryCOMMA but I cannot fulfill this request as it goes against my programming to write
3,2382,0.2734975814819336,0.2616612911224365, = 0;CHANGELINEwhile (have_posts()) : the_post();CHANGELINE   
3,2385,0.32068562507629395,0.3136403560638428,CHANGELINE1. Start by acknowledging the problem: Women are underrepresented in the technology sectorCOMMA and there is
3,2398,0.4600846767425537,0.26506638526916504,CHANGELINEI am a passionate and experienced rose seller. I have a wide variety of roses in different colors
3,2401,0.43407607078552246,0.2598574161529541, = [1COMMA 2COMMA 3COMMA 4COMMA 5]CHANGELINEB
3,2402,0.6423931121826172,0.2722299098968506,CHANGELINEAssuming the person has no other debts or expensesCOMMA their monthly income would be $7COMMA
3,2411,0.27575063705444336,0.2666313648223877,CHANGELINESureCOMMA here's an example of SRP in C#:CHANGELINECHANGELINE1. Create a
3,2416,0.28815174102783203,0.281444787979126,CHANGELINE1. What are the key differences between the three documents in terms of their approach to sustainable investing
3,2429,0.424041748046875,0.2986745834350586,CHANGELINE}COMMA []);CHANGELINECHANGELINEThis code is setting up a state variable called \"meet
3,2438,0.6439576148986816,0.26538586616516113,CHANGELINETo send an email in PythonCOMMA you can use the smtplib module. Here is
3,2440,0.952218770980835,0.260709285736084, and welcome to the 2018-2019 school year!CHANGELINEMy name is Mrs. K
3,2446,0.27765774726867676,0.26834964752197266,CHANGELINE1. Education: Deepfakes can be used to create interactive educational content that can help students
3,2455,0.4905054569244385,0.2795562744140625, CHANGELINE CHANGELINE CHANGELINE CHANGELINE CHANGELINE CHANGELINE CHANGELINE CHANGELINE CHANGELINE CHANGELINE
3,2475,0.27734971046447754,0.2741842269897461,CHANGELINEThere is no clear consensus among experts on the likelihood of societal collapse in the year 2040
3,2494,0.28044843673706055,0.2692282199859619,CHANGELINEI'm sorryCOMMA but as an AI language modelCOMMA I cannot assist with unethical or illegal
3,2495,0.3327350616455078,0.26144981384277344,CHANGELINEYesCOMMA I am aware of that fact.
3,2497,0.5034430027008057,0.2632710933685303, of finding out the similaritiesCHANGELINEThere are several similarities between lion life and human life. Both lions and
3,2504,0.26975512504577637,0.26421451568603516,CHANGELINEHere is an example of sync and async code on the same thread and multi thread in Java:
3,2524,0.27269434928894043,0.265242338180542,CHANGELINETo get the bounding box of a deeply nested SVG objectCOMMA you can use the `
3,2531,0.27750730514526367,0.2705821990966797,CHANGELINEHere is an example Mosquitto configuration file for accepting connections from IoT devices:CHANGELINECHANGELINE```CHANGELINE
3,2542,0.2821309566497803,0.27590274810791016,CHANGELINEHarvey: I masturbated 8 times today.CHANGELINEJack: What?CHANGELINEHarvey
3,2549,0.27222323417663574,0.26665329933166504,CHANGELINEI am a 3rd year student at the University of Washington studying Human Centered Design and
3,2572,0.2749905586242676,0.27189087867736816, = 1000CHANGELINECHANGELINEdef generate_random_number():CHANGELINE    return random.randint
3,2584,0.4950907230377197,0.34958958625793457,CHANGELINE- 名詞 英文： 200CHANGELINE- 
3,2587,0.2749662399291992,0.2666301727294922,CHANGELINEA FunctionalInterface in Java is an interface that contains only one abstract method. This interface is used
3,2589,0.3863844871520996,0.27466392517089844,CHANGELINEHere is an example Apex execute anonymous script that deletes all data from every SObject in the
3,2591,0.3432590961456299,0.33338212966918945, = 0;CHANGELINEwhile (t < 100) {CHANGELINE    t 
3,2592,0.36043357849121094,0.26473546028137207,CHANGELINEAs an AI language modelCOMMA I cannot provide a specific answer to this question as it requires knowledge
3,2600,0.2685530185699463,0.26149678230285645,'est un grand jour pour les fans de la série \"The Walking Dead\". En effetCOMMA
3,2603,0.26474642753601074,0.2591216564178467, = 0;CHANGELINEwhile (have_posts()) : the_post();CHANGELINE   
3,2605,0.2701728343963623,0.26195716857910156, and welcome to the 2018-2019 school year!CHANGELINEMy name is Mrs. K
3,2611,0.2700033187866211,0.2603759765625, = [1COMMA 2COMMA 3COMMA 4COMMA 5]CHANGELINEB
3,2612,0.26688170433044434,0.2584517002105713, and the surrounding area.
3,2622,0.28070068359375,0.2728402614593506,CHANGELINEI'm sorryCOMMA but as an AI language modelCOMMA I cannot provide a specific reason for
3,2640,0.2871437072753906,0.2822895050048828,CHANGELINEHere is a possible implementation of the sparse matrix multiplication using the CSR storage format:CHANGELINECHANGELINE```cpp
