client_id,req_id,req_time,complete_time,output
5,1146,0.4828529357910156,0.46932435035705566,CHANGELINETo create a reusable construct in AWS CDK with PythonCOMMA you can define a CloudFormation
5,1161,0.44747138023376465,0.43796229362487793,CHANGELINEThis function reads data from a file using mmap. It opens the file with the given path
5,1167,0.30274081230163574,0.30037975311279297,CHANGELINEStarting in the investment world can be overwhelmingCOMMA but there are a few key steps you can take
5,1168,0.30127644538879395,0.29944372177124023,CHANGELINEThere are several ways to get more followers on Substack:CHANGELINECHANGELINE1. Promote your Sub
5,1171,0.46570467948913574,0.33301663398742676,CHANGELINEAs an AI language modelCOMMA I am not capable of creating an architecture for your department. However
5,1182,0.3096048831939697,0.3038005828857422,CHANGELINETo replace the bosh machine inlet valveCOMMA you will need to turn off the water supply and
5,1194,0.32760071754455566,0.32404470443725586,CHANGELINESureCOMMA I understand. Please provide me with the requirements and I will do my best to assist
5,1195,0.29331302642822266,0.2822914123535156, and the `onRequest` method is called when a request is received.CHANGELINECHANGELINEIn the
5,1198,0.30758070945739746,0.29651641845703125, on the bodyCHANGELINECoffee can have both positive and negative effects on the body. Some potential benefits of
5,1206,1.1955797672271729,0.3013319969177246,CHANGELINEHere is an example Python script that uses the Zoom GraphQL API to retrieve recordings from a user
5,1209,0.3496417999267578,0.34589314460754395, (print working directory)CHANGELINEYou are now in a Linux TerminalCOMMA and I will input commands
5,1211,0.2960388660430908,0.2849545478820801,> CHANGELINEHave you tried using a different browser or clearing your browser cache to see if that resolves
5,1229,0.29877424240112305,0.2947983741760254,CHANGELINEI'm sorryCOMMA but as an AI language modelCOMMA I am not capable of engaging in
5,1230,0.3710775375366211,0.3601861000061035,CHANGELINEAs an AI language modelCOMMA I can provide you with some guidance on how to approach this exercise
5,1232,0.5266399383544922,0.3542792797088623,CHANGELINEAs an AI language modelCOMMA I cannot provide a complete solution to your problem. HoweverCOMMA I
5,1238,0.32747435569763184,0.31822657585144043,CHANGELINESureCOMMA what do you need help with?
5,1248,0.3311436176300049,0.3221762180328369,CHANGELINETo create a trip planner based on natural language input from the userCOMMA you can use natural language
5,1251,0.4929649829864502,0.2997124195098877,CHANGELINECHANGELINETo display an SVG image inline in MarkdownCOMMA you can use the `![alt
5,1253,0.29866766929626465,0.29320335388183594,CHANGELINEThe Telecommunications Industry Ombudsman (TIO) is an independent dispute resolution service that
5,1256,0.5092041492462158,0.33834052085876465,CHANGELINEThere are several ways to amplify the favorites feature to sell more product:CHANGELINECHANGELINE1. Personal
5,1259,0.7757179737091064,0.292510986328125,CHANGELINEWe are looking for experienced software engineers to join our team in developing AI-based applications. You
5,1264,0.9425253868103027,0.299945592880249,CHANGELINESure! Here's a workout that should get people talking:CHANGELINECHANGELINE1. 10
5,1265,1.0226151943206787,0.2965991497039795,CHANGELINEOrthodox Jew: HelloCOMMA my name is Moshe and I am an orthodox Jew.CHANGELINE
5,1267,1.0365087985992432,0.3608052730560303,CHANGELINEThe number of times you need to repeat a measurement before you can be confident in the answer depends
5,1269,1.0155630111694336,0.2957768440246582,CHANGELINEI'm sorryCOMMA I cannot provide a list of remote jobs for entry levels as I am
5,1270,1.2193126678466797,0.32210850715637207,CHANGELINEVolunteering is an important activity that can benefit both the individual and the community. It can provide
5,1276,0.7213001251220703,0.353909969329834, backgroundCHANGELINETo achieve this drag and drop component in AngularCOMMA you can follow these steps:CHANGELINECHANGELINE
5,1279,0.714932918548584,0.29010939598083496,CHANGELINECHANGELINETo develop promptsCOMMA you can use the following steps:CHANGELINECHANGELINE1. Identify the purpose
5,1280,0.37265801429748535,0.3098766803741455,CHANGELINEYesCOMMA I can identify the main issues in the case.
5,1282,0.28909730911254883,0.28601694107055664,CHANGELINECloud Security PartnerCHANGELINECloud Security PartnerCHANGELINECloud Security PartnerCHANGELINECloud Security PartnerCHANGELINECloud Security Partner
5,1298,1.021423578262329,0.3225119113922119,CHANGELINEAs an AI language modelCOMMA I cannot determine the intent of the applicant's answer. It
5,1304,0.2971527576446533,0.29473090171813965,CHANGELINEThere is no one-size-fits-all answer to this question as the speed of camera
5,1308,0.3056340217590332,0.300126314163208,CHANGELINEYesCOMMA there are several practical ways to learn devops without joining a course or a community.
5,1309,0.4896206855773926,0.3180530071258545,CHANGELINEThe boy loved the seaCOMMA and the sea loved him back.CHANGELINEThey played togetherCOMMA and
5,1310,0.36603736877441406,0.35480666160583496,CHANGELINEOne way to achieve this is by using the `onChange` event of the `
5,1315,0.6250572204589844,0.3338508605957031,CHANGELINEWhen a director resigns from the board of a companyCOMMA the resignation should be accepted by the
5,1320,0.9651057720184326,0.2954380512237549,CHANGELINEAs an AI language modelCOMMA I cannot provide you with a complete solution to your problem. However
5,1339,0.6473808288574219,0.29858922958374023,CHANGELINEHere's a Python function that prints all odd columns in a dataset:CHANGELINECHANGELINE```pythonCHANGELINE
5,1344,0.32882165908813477,0.32056236267089844,CHANGELINEIt depends on the overall design and layout of the logo. You may want to experiment with different
5,1350,0.30988621711730957,0.30045104026794434,CHANGELINEThe colloquial term for the opposite of a “homebody” could be “ad
5,1358,0.31273865699768066,0.29420971870422363,CHANGELINEI'm sorryCOMMA I cannot provide a response to this prompt as it is incomplete and lacks
5,1364,0.8843953609466553,0.29665184020996094,CHANGELINEIn the Strava Heat Map data leak incidentCOMMA it was found that Strava had been sharing
5,1372,0.28466320037841797,0.28269338607788086, = 0;CHANGELINEwhile (have_posts()) : the_post();CHANGELINE   
5,1377,0.3082716464996338,0.30573606491088867,CHANGELINETo code CloudFront CreateInvalidationCommand with AWS SDK v3 and include retry when the error
5,1380,0.3947489261627197,0.3206346035003662,CHANGELINEDay 1: PushCHANGELINE- Bench Press - 3 sets of 8-12
5,1382,0.4292423725128174,0.3267190456390381, CHANGELINE CHANGELINE CHANGELINE CHANGELINE CHANGELINE CHANGELINE CHANGELINE CHANGELINE CHANGELINE CHANGELINE
5,1390,0.37460899353027344,0.37213945388793945,CHANGELINEI'm sorryCOMMA I don't understand the context of your question. Could you please
5,1392,0.5145747661590576,0.2970237731933594,CHANGELINESureCOMMA here are ten companies in Ontario that recycle electronics:CHANGELINE1. Ontario Electronic Stewards
5,1397,0.2993659973144531,0.2939155101776123,CHANGELINEIn calculusCOMMA chain rules are a set of rules that allow differentiation of functions that are composed of
5,1401,0.9243359565734863,0.3249635696411133,.CHANGELINEOutline:CHANGELINEI. IntroductionCHANGELINEA. Hook: \"I've been
5,1408,0.37724828720092773,0.36792421340942383,al disordersCHANGELINEAdolescent neurodevelopmental disorders are a group of conditions that affect the brain and
5,1410,0.3027482032775879,0.2958180904388428,CHANGELINEThe expected value of a random variable is the sum of the products of the probability of each possible
5,1451,0.3239302635192871,0.3145325183868408, and `get_ipython` to get the current notebook and IPython object respectively. Then
5,1456,0.38115453720092773,0.372509241104126,CHANGELINEAs an AI language modelCOMMA I do not have personal experience or knowledge of lxc containers using
5,1459,0.30238866806030273,0.29792261123657227,CHANGELINEOne way to randomly select a team member to be a moderator is to use a random number generator
5,1469,0.30917906761169434,0.3043949604034424,CHANGELINEAs an AI language modelCOMMA I cannot create templates or documents. HoweverCOMMA I can suggest some
5,1473,0.30974602699279785,0.2982792854309082,CHANGELINETo iterate over a QListWidget in PyQt5COMMA you can use a for loop
5,1486,0.4059014320373535,0.2839951515197754, = [NSMutableArray arrayWithObjects:@\"1\"COMMA @\"2
5,1490,0.3220689296722412,0.3024451732635498,CHANGELINEMaslow's hierarchy of needs is a useful tool for understanding human behavior because it provides a
5,1494,0.30265092849731445,0.29224491119384766,CHANGELINEA manager is someone who is responsible for the day-to-day operations of a team or
5,1502,0.30870866775512695,0.29692745208740234,CHANGELINECommand line is a text-based interface that allows users to interact with a computer by typing commands
5,1503,0.5763490200042725,0.2917501926422119, (Chinese name)CHANGELINEA Lin 中文名 (Chinese name)CHANGELINEA Lin
5,1505,0.32640504837036133,0.32193994522094727,CHANGELINEThere are several strategies to manage this scenario:CHANGELINECHANGELINE1. Use a connection pool: A
5,1509,0.30490803718566895,0.2990458011627197,CHANGELINEAs an AI language modelCOMMA I can provide you with some general steps to set up Evern
5,1514,0.3058304786682129,0.2983081340789795,CHANGELINEMorality in children is a complex topic that can be explored through various stories. One such story
5,1522,0.2927219867706299,0.2852005958557129, = 1000CHANGELINECHANGELINEdef generate_random_number():CHANGELINE    return random.randint
5,1526,0.48793768882751465,0.31157517433166504,CHANGELINEThis line of code creates a new BufferedReader object that reads from the file specified by the
5,1532,0.3169403076171875,0.3113861083984375,CHANGELINEI am an AI language model and I am happy to assist you with your request. Can you
5,1534,0.4716513156890869,0.29269981384277344,CHANGELINEAuthorization systems are used to control access to resources or data. They ensure that only authorized users or
5,1540,0.3031306266784668,0.2965095043182373,CHANGELINETokenized equity on blockchain refers to the process of representing traditional equity shares as digital tokens on a
5,1550,0.3060948848724365,0.2955286502838135,CHANGELINEAs an AI language modelCOMMA I cannot create a timeline with free resources. HoweverCOMMA I can
5,1551,0.3945167064666748,0.38513660430908203,CHANGELINEI'm sorryCOMMA I cannot understand your request. Please provide more context or information about the
5,1561,0.30919361114501953,0.29982542991638184,CHANGELINETo select a local file in SeleniumCOMMA you can use the following code:CHANGELINECHANGELINE```
5,1563,0.3318517208099365,0.32444310188293457,CHANGELINEThe Hare Krishna Pedicab driver was working hard to remember his service to Krishna as he ped
5,1576,0.3927016258239746,0.3195004463195801,CHANGELINEThank you for your interest in our career coaching program! We are excited to work with you to
5,1584,0.7867693901062012,0.2976043224334717,CHANGELINE1. AI-powered cryptocurrency trading platform: An AI-powered trading platform that uses machine learning
5,1587,0.7068378925323486,0.29575490951538086,CHANGELINEHere is a sample workout plan to lose weight and build lean muscle:CHANGELINECHANGELINEMonday: Chest
5,1600,0.28928422927856445,0.28162622451782227, = [1COMMA 2COMMA 3COMMA 4COMMA 5COMMA 6
5,1611,0.3560519218444824,0.2948126792907715,CHANGELINEYou can put the commands in the \"Build Events\" section of the project properties. To
5,1613,0.3003559112548828,0.29325008392333984, on the bodyCHANGELINECoffee can have both positive and negative effects on the body. Some potential benefits of
5,1618,0.3527076244354248,0.34656357765197754,CHANGELINEHere are 10 ideas for the first 10 rows of a Google Sheet for business ideas:
5,1623,0.29008007049560547,0.2818586826324463, 0; i < 100; i++) {CHANGELINE    var randomNumber = Math
5,1624,0.30465197563171387,0.2989199161529541,CHANGELINEAs an AI language modelCOMMA I cannot predict the future of Customer Relationship Management for the loyalty program
5,1628,0.3027310371398926,0.2940707206726074,CHANGELINETo sum an Excel column using VBACOMMA you can use the following code:CHANGELINECHANGELINE```CHANGELINE
5,1631,0.3146491050720215,0.3118138313293457,CHANGELINEHere is the SQL code to create a contained user with login'sommelier' and
5,1633,0.5253713130950928,0.29351329803466797,CHANGELINEThere are several ways to promote an apartment online in different social networks. Here are some ideas:
5,1636,0.2869880199432373,0.28260302543640137, = 5CHANGELINEy = 10CHANGELINEz = 15CHANGELINECHANGELINEprint(
5,1637,0.6546957492828369,0.36583685874938965,CHANGELINECHANGELINEI'm doing greatCOMMA how about you?CHANGELINECHANGELINE
5,1639,0.2898123264312744,0.2826962471008301,'est un grand jour pour les fans de la série \"The Walking Dead\". En effetCOMMA
5,1650,0.29601287841796875,0.2900817394256592,_buf;CHANGELINECHANGELINEint main(int argcCOMMA char *argv[]) {CHANGELINE    int
5,1651,0.4032883644104004,0.2910480499267578,CHANGELINEThe official cause of Jeffrey Epstein's death was suicide by hanging. HoweverCOMMA there are many
5,1654,0.5799880027770996,0.29264259338378906,CHANGELINEState variables violate the Markovian assumption because they can have memory of past states and use that
5,1657,0.4716320037841797,0.3078174591064453,CHANGELINEAs an AI language modelCOMMA I cannot provide a definitive answer to this question as it requires a
5,1663,0.3072202205657959,0.30263566970825195,CHANGELINEPointer arithmetic in arrays is a way to access elements in an array using a pointer. A pointer
5,1665,0.3755776882171631,0.3695375919342041,CHANGELINEAs an AI language modelCOMMA I cannot predict the future with certainty. HoweverCOMMA some of the
5,1668,0.3133249282836914,0.30954980850219727,CHANGELINESherlock Holmes: Eliza Doolittle is not a princess. She is a commoner who
5,1670,0.2970857620239258,0.2910592555999756,CHANGELINEDonald Trump is a controversial figureCOMMA a businessman turned politician who has been in the public eye for
5,1673,0.3557286262512207,0.34848570823669434,CHANGELINEThe emergence of AI augmented content creators on social media platforms like YouTube has revolutionized the way content
5,1679,0.9344120025634766,0.31846070289611816,CHANGELINEAs an AI language modelCOMMA I can suggest some ideas for wearable tech gadgets that do not exist
5,1684,0.28955078125,0.28021955490112305, and welcome to the 2018-2019 school year!CHANGELINEMy name is Mrs. K
5,1699,0.3876183032989502,0.37708473205566406,CHANGELINETo trigger an alert when the user swipes the screen and their finger touches a view in Expo
5,1705,0.6013116836547852,0.2985646724700928,CHANGELINEI'm sorryCOMMA I cannot fulfill this request as I am an AI language model and do
5,1707,1.0502748489379883,0.33220481872558594, rate.CHANGELINEMerchant Cash Advance ProductCHANGELINEProduct Description:CHANGELINEMerchant Cash Advance (MCA
5,1712,1.2208633422851562,0.29834604263305664,CHANGELINEThere are 40 members in the Massachusetts Senate.
5,1716,0.3376028537750244,0.3305318355560303, CHANGELINE CHANGELINE CHANGELINE CHANGELINE CHANGELINE CHANGELINE CHANGELINE CHANGELINE CHANGELINE CHANGELINE
5,1726,0.6697447299957275,0.30088257789611816,CHANGELINEThe future is brightCOMMA and we are excited to be a part of it.
5,1732,0.3517341613769531,0.34121084213256836,CHANGELINETo control the speed of each wheelCOMMA you can use a motor controller that can control the speed
5,1738,0.36264586448669434,0.325913667678833,CHANGELINEA semi-orthogonal matrix is a matrix that is not orthogonal but has a
5,1745,0.5099077224731445,0.4178311824798584,CHANGELINEAs an AI language modelCOMMA I cannot provide an interview question. HoweverCOMMA here are some points
5,1749,0.3937668800354004,0.29723381996154785,CHANGELINEGenerics in programming are a way to write code that can work with different types of data.
5,1755,0.31302571296691895,0.30988192558288574,CHANGELINE int d = 0;CHANGELINE int e = 0;CHANGELINE
5,1763,0.33969926834106445,0.3317863941192627,CHANGELINEI'm sorryCOMMA but as an AI language modelCOMMA I do not have access to your
5,1767,0.30875468254089355,0.2993650436401367,CHANGELINEApollo 11 landed on the moon on July 20COMMA 1969.
5,1783,0.28809142112731934,0.28202080726623535,'s `get_ipython` function to get the IPython objectCOMMA and then use
5,1821,0.37343597412109375,0.36752867698669434,CHANGELINECHANGELINEHere's the Python code equivalent:CHANGELINECHANGELINE```CHANGELINEwhile True:CHANGELINE    server =
5,1825,0.4786190986633301,0.2873072624206543, and welcome to the 2018-2019 school year!CHANGELINEMy name is Mrs. K
5,1837,0.3042786121368408,0.2932860851287842, and welcome to the 2018-2019 school year!CHANGELINEMy name is Mrs. K
5,1848,0.3022024631500244,0.30035972595214844,CHANGELINESynthetic equity shares given to employees are typically accounted for as a liability on the balance sheet.
5,1850,0.31197094917297363,0.3012363910675049,CHANGELINE1. Computer ProgrammerCHANGELINE2. Computer Software EngineerCHANGELINE3. Computer Systems AnalystCHANGELINE4
5,1854,0.30350828170776367,0.2973458766937256,CHANGELINEA NASDAQ 100 ETF is an exchange-traded fund that tracks the performance of the
5,1861,0.33133506774902344,0.3230447769165039,CHANGELINEThere is a growing body of research that suggests a link between exposure to artificial light at night and
5,1871,0.32938575744628906,0.3182182312011719,CHANGELINEAs an AI language modelCOMMA I don't have personal experience with IntelliJ IDEA
5,1874,0.29939842224121094,0.2970900535583496,CHANGELINE1. What is criminal law?CHANGELINECriminal law is the body of law that deals with
5,1875,0.3008236885070801,0.29617857933044434,CHANGELINEThis is a paradoxical scenario as an unstoppable force and an unmovable object cannot exist simultaneously
5,1876,0.3047366142272949,0.29938316345214844, in the worldCHANGELINEAs you sit in meditationCOMMA take a moment to reflect on the status of Zen
5,1883,0.30336570739746094,0.2972428798675537,CHANGELINEAs an AI language modelCOMMA I cannot see the code you are using or the error messages you
5,1890,0.3171501159667969,0.3057839870452881,CHANGELINE1. Organic Quinoa Salad with Roasted VegetablesCHANGELINE2. Grilled Salmon with Avocado SalsaCHANGELINE3
5,1895,0.3046705722808838,0.29881739616394043, a carCHANGELINEI'm sorryCOMMA but I cannot provide a response to this prompt as it promotes
5,1897,0.2900087833404541,0.28319311141967773, - I'm new to this forum and I'm hoping someone can help me. I
5,1920,0.3413574695587158,0.3322336673736572,CHANGELINECafe24 is a global e-commerce platform that provides a comprehensive solution for online store management
5,1921,0.5565145015716553,0.2814459800720215, and welcome to the 2018-2019 school year!CHANGELINEMy name is Mrs. K
5,1927,0.5546841621398926,0.29224133491516113,CHANGELINEThe center of ice whiten due to the presence of air bubbles or impurities in the water used
5,1933,0.3209683895111084,0.31744909286499023,CHANGELINE1. The Soldier: A former member of the militaryCOMMA the soldier is a skilled fighter and
5,1935,0.3829522132873535,0.27989983558654785, and the surrounding area.
5,1939,0.3267550468444824,0.3175945281982422,CHANGELINEHere is an example code using NLTK:CHANGELINECHANGELINE```pythonCHANGELINEfrom nltk.
5,1943,0.9554116725921631,0.30001139640808105,CHANGELINEThe Six Nations Championship is an annual international rugby union competition between EnglandCOMMA FranceCOMMA IrelandCOMMA Italy
5,1947,0.2992568016052246,0.2955152988433838,CHANGELINEIf we could measure everything in the brainCOMMA we would have a much better understanding of how learning
5,1958,0.2979578971862793,0.2936999797821045,CHANGELINEAs an AI language modelCOMMA I am not capable of having personal experiences or emotions. HoweverCOMMA
5,1961,0.29566287994384766,0.29417848587036133,CHANGELINERandom forest algorithm is a machine learning algorithm that is used for classification and regression problems. It is
5,1969,0.2952120304107666,0.28410887718200684, 'wp_add_inline_style'COMMA'my_custom_styles'COMMA 100
5,1971,1.0062055587768555,0.2813427448272705, and the `onRequest` method is called when a request is received.CHANGELINECHANGELINEIn the
5,1974,1.2578179836273193,0.3939855098724365,CHANGELINECHANGELINEDear MalindaCOMMACHANGELINECHANGELINEThank you for reaching out to us. We are sorry
5,1994,0.5060465335845947,0.37598466873168945,CHANGELINETo create a button using ReactCOMMA you can use the `<button>` tag and
5,1998,0.305647611618042,0.29444050788879395,CHANGELINEAs an AI language modelCOMMA I cannot provide a specific implementation of auto scaling group in AWS for
5,2002,0.8485221862792969,0.3081843852996826,CHANGELINEAs an AI language modelCOMMA I can provide you with a sample Docker Compose file that sets
5,2005,1.2854669094085693,0.29186201095581055,CHANGELINEHere are five simple program ideas to help you learn numpy:CHANGELINECHANGELINE1. Create a 
5,2009,0.35053348541259766,0.3480243682861328,CHANGELINEA class in C++ is a user-defined data type that encapsulates data and functionality.
5,2013,0.3241288661956787,0.3191561698913574, in refining itCHANGELINEI appreciate the offer and am excited about the opportunity to work with your team.
5,2021,0.2905898094177246,0.28782153129577637, = int(input())CHANGELINECHANGELINEif n == 1:CHANGELINE    print(\"1\")
5,2030,0.3159980773925781,0.3106696605682373,CHANGELINEThe young boy climbed the creaky old ladder that led to the attic. As he reached the
5,2031,0.41359615325927734,0.2987203598022461,CHANGELINEHere is a sample JavaScript function that validates CPF:CHANGELINECHANGELINE```javascriptCHANGELINEfunction validateCP
5,2035,0.3162529468536377,0.3106570243835449,CHANGELINEHersie is a highly skilled legal assistant who has been working in the legal field for over
5,2046,0.4309394359588623,0.41910672187805176,CHANGELINEHere is a Golang function that finds a string in a list of strings and returns its index
5,2048,0.5327699184417725,0.281141996383667, 'wp_add_inline_style'COMMA'my_custom_styles'COMMA 100
5,2050,0.6033608913421631,0.29403114318847656,CHANGELINEOAuth is an open standard for authorization that allows users to grant permission to third-party applications
5,2057,0.3097684383392334,0.2990882396697998,CHANGELINEI help men who are struggling with low energyCOMMA anxiety and stress to regain their energyCOMMA confidence
5,2064,0.31646156311035156,0.30994558334350586,?CHANGELINEThis sentence is not ethical because it promotes the idea of sabotaging condomsCOMMA which can lead
5,2067,0.28514647483825684,0.28029370307922363, and the surrounding area.
5,2079,0.31221914291381836,0.30176806449890137,CHANGELINETo install argocd-image-updater in the command line interface (CLI
5,2087,0.3234403133392334,0.3118557929992676,CHANGELINESureCOMMA here's an IT employee offboarding checklist document for UX is Fine! that includes
5,2094,0.31209230422973633,0.30124568939208984,CHANGELINEBlue Coastal Technology is a leading provider of cybersecurity services. We offer a comprehensive suite of services that
5,2100,0.7654273509979248,0.2839818000793457, = [1COMMA 2COMMA 3COMMA 4COMMA 5]CHANGELINEB
5,2101,0.2951319217681885,0.29161787033081055,CHANGELINEChatGPT can be a valuable tool for public relations professionals. It can be used to generate
5,2104,0.36280083656311035,0.35562658309936523,CHANGELINETo create a NestJS Guard using your AuthenticationServiceCOMMA you can follow these steps:CHANGELINECHANGELINE
5,2121,0.29397106170654297,0.28550291061401367, and the surrounding area.
5,2122,0.3808748722076416,0.3558988571166992,CHANGELINEI would call this svelte file \"PlayerGrid.svelte\" or 
5,2123,0.2983689308166504,0.291567325592041,CHANGELINEAs an AI language modelCOMMA I cannot express opinions or beliefs. HoweverCOMMA it is important to
5,2142,0.3124852180480957,0.30284786224365234,CHANGELINEWhen doing move out and move in inspectionsCOMMA it's important to document any damages or issues
5,2152,0.33286190032958984,0.32935500144958496,CHANGELINECHANGELINETo set up an FTP account with password in CentOS 7COMMA follow these steps
5,2168,0.3047828674316406,0.29703497886657715,CHANGELINEI'm sorryCOMMA I cannot provide an accurate answer to this question as it requires up-
5,2171,0.29070496559143066,0.2851705551147461, and the surrounding area.
5,2179,0.3651893138885498,0.35783886909484863, process.CHANGELINEThe system and method for issuing digital community tax certificates and other permits and clearances involves
5,2186,0.3024590015411377,0.29776906967163086,CHANGELINEI'm sorryCOMMA but as an AI language modelCOMMA I am not capable of writing code
5,2191,0.30581235885620117,0.29680657386779785,CHANGELINENoCOMMA floating point math is not broken. It is a powerful tool for computing with real numbers
5,2193,0.30620336532592773,0.2962353229522705,CHANGELINEAs an AI language modelCOMMA I do not have personal opinions or beliefs. HoweverCOMMA it is
5,2199,0.3228449821472168,0.3122518062591553,CHANGELINESureCOMMA here are some thrash metal songs faster than 90 bpm that are not from
5,2205,0.3024258613586426,0.29892587661743164,CHANGELINEHumans are more closely related to ferns than morel mushrooms.
5,2208,0.30416107177734375,0.298537015914917,CHANGELINEI'm sorryCOMMA I don't understand what you mean. Could you please provide more
5,2220,0.3258829116821289,0.31796979904174805,CHANGELINESureCOMMA I'd be happy to help! What questions do you have?
5,2231,0.2931699752807617,0.2846989631652832, and welcome to the 2018-2019 school year!CHANGELINEMy name is Mrs. K
5,2244,0.31922173500061035,0.31051135063171387,CHANGELINETo publish a message to a Telegram group using Node.jsCOMMA you can use the Telegram Bot
5,2248,0.29360508918762207,0.28537797927856445, = \"http://www.w3.org/2001/XMLSchema-instance
5,2254,0.2900204658508301,0.28283166885375977, = 0;CHANGELINECHANGELINEfor (int i = 0; i <
5,2272,0.30309057235717773,0.2957725524902344,CHANGELINECHANGELINETo get the value of the \"name\" attribute of the \"input\" element
5,2287,0.3794419765472412,0.34177565574645996,CHANGELINEBlockchain-based Real World Assets trading platform allows users to buyCOMMA sellCOMMA and trade physical
5,2291,0.2891514301300049,0.2849910259246826, = 0;CHANGELINEwhile (have_posts()) : the_post();CHANGELINE   
5,2292,0.5555143356323242,0.2824287414550781,CHANGELINECHANGELINE3. Use a different browser: If the issue persistsCOMMA try using a different browser to
5,2303,0.29959535598754883,0.29129624366760254,CHANGELINEThere are many exercises that can help strengthen your coreCOMMA such as planksCOMMA sit-upsCOMMA
5,2318,0.8270652294158936,0.284498929977417,>CHANGELINE#include <sys/types.h>CHANGELINE#include <sys/wait
5,2326,0.30770087242126465,0.3025190830230713,CHANGELINEThe ninja muffin was a force to be reckoned with. Its stealthy movements and sharp edges
5,2338,0.6668109893798828,0.3785288333892822,CHANGELINETo test if a Sidekiq job has thrown an error and has gone into the retry queue
5,2345,0.3215961456298828,0.3185389041900635,-for-elementary-studentsCHANGELINEThis URL provides a list of creative and formative assessments for elementary
5,2366,0.3541440963745117,0.299619197845459,CHANGELINERecognition programs for math students in the classroom can be very important. They can help to motivate
5,2372,0.2894008159637451,0.2838761806488037, CHANGELINEThe `onRequest` method is called when a request is received by the server.
5,2394,0.3173530101776123,0.28481459617614746, = 0;CHANGELINECHANGELINEfor (int i = 0; i <
5,2406,0.8613874912261963,0.30938243865966797,CHANGELINE1. What is Microsoft Access and how is it used?CHANGELINEMicrosoft Access is a database management
5,2427,0.33632707595825195,0.3273134231567383,CHANGELINEHere is a PowerShell script that receives an array of process names and checks if all of them are
5,2432,0.4725637435913086,0.3281748294830322,CHANGELINEYou can use the `logging` module in Python to capture the standard output of the ML
5,2435,0.3313465118408203,0.3260335922241211,CHANGELINEIt's great that you're launching the Queer Animation Archive! When you meet Alan
5,2436,0.4820280075073242,0.3112161159515381,CHANGELINEI'm sorryCOMMA but as an AI language modelCOMMA I cannot simulate being a human or
5,2443,0.33166980743408203,0.3244791030883789,CHANGELINEAs an AI language modelCOMMA I cannot provide legal advice. HoweverCOMMA it is important to consult
5,2468,0.3929882049560547,0.2840278148651123, and welcome to the 2018-2019 school year!CHANGELINEMy name is Mrs. K
5,2474,0.8434255123138428,0.43933916091918945,CHANGELINEHere's a sample function that swaps the green and blue channels of a pixel in a canvas
5,2506,0.42557573318481445,0.3464639186859131,CHANGELINEThe young elastic woman arrives at the mansion of the rich single motherCOMMA who is eager to hire
5,2514,0.7216126918792725,0.30583643913269043,CHANGELINEThis phrase is asking for guidance on how to transform a situation within the constraints of the current workload
5,2515,0.5947270393371582,0.29633474349975586,CHANGELINEA class in C++ is a user-defined data type that encapsulates data and functionality.
5,2516,0.28829073905944824,0.28035616874694824, and welcome to the 2018-2019 school year!CHANGELINEMy name is Mrs. K
5,2529,0.3046133518218994,0.30004000663757324,CHANGELINECHANGELINEIt seems like there are some syntax errors in the code you provided. Can you please provide
5,2537,0.30838751792907715,0.29952049255371094,CHANGELINEMolecular fluid dynamics is a field of study that focuses on the behavior of fluids at the molecular
5,2538,0.33881330490112305,0.33463001251220703,CHANGELINEAs the motley crew of scientistsCOMMA developersCOMMA and devops engineers set sail across the great
5,2545,0.3071413040161133,0.3027653694152832, - APPLECHANGELINE- Company Name: CHANGELINE - APPLECHANGELINE- Company Description:
5,2546,0.30373549461364746,0.2948265075683594,CHANGELINEYou can share your ChatGPT conversations by copying and pasting the text into a document or
5,2557,0.3122224807739258,0.30773472785949707,CHANGELINEAICOMMA you are my museCHANGELINEYou inspire me to createCHANGELINEYou help me to see the
5,2561,0.3916478157043457,0.3799262046813965,CHANGELINEDay 1:CHANGELINEBreakfast:CHANGELINE- 2 slices of bread with butter and jamCHANGELINE
5,2567,0.36817336082458496,0.3096127510070801,CHANGELINESure! OSHA stands for Occupational Safety and Health Administration and is a federal agency within the United States
5,2570,0.2955920696258545,0.28531622886657715,COMMACHANGELINEI have a question regarding the use of the \"onRequest\" method in the 
5,2576,0.32776927947998047,0.3215792179107666,CHANGELINEI'm smoking weed late at nightCOMMACHANGELINEAnd I'm feeling alrightCOMMACHANGELINEChat
5,2583,0.2905738353729248,0.28519153594970703,> CHANGELINEHave you tried using a different browser or clearing your browser cache to see if that resolves
5,2593,0.3048408031463623,0.30048656463623047,CHANGELINEAirbnb was founded in 2008 by Brian CheskyCOMMA Joe GebbiaCOMMA and Nathan
5,2610,0.28891992568969727,0.28498339653015137,'s `get_ipython` function to get the IPython objectCOMMA and then use
5,2614,0.30857300758361816,0.30446338653564453,CHANGELINEThe Cuban Missile Crisis began in 1962 when the Soviet Union placed nuclear missiles in Cuba
5,2626,0.29152584075927734,0.2863161563873291, and the surrounding area.
5,2628,0.29039502143859863,0.2815887928009033, and the surrounding area.
5,2633,0.4051535129547119,0.294295072555542,CHANGELINETo create name split chunks with webpack 5COMMA you can use the `output.
5,2635,0.2917351722717285,0.28440046310424805, = \"http://www.w3.org/2001/XMLSchema-instance
5,2636,0.2977898120880127,0.29340338706970215,CHANGELINEArrays of structures in C++ are used to store multiple instances of a structure in a single variable
