client_id,req_id,req_time,complete_time,output
4,379,0.3947319984436035,0.38565969467163086,CHANGELINEYesCOMMA it is possible to add a gradient shifting animation effect on click using Svelte.
4,384,0.27881956100463867,0.27187347412109375,CHANGELINEThe human research protection factory is a bustling hub of activityCOMMA with researchers and scientists working tirelessly to
4,385,0.2796916961669922,0.2687103748321533,CHANGELINEOne idea for a school project in engineering could be to create a simple appliance made mostly of wood
4,386,0.2711069583892822,0.2618899345397949,CHANGELINETo raise a PR on GitHubCOMMA follow these steps:CHANGELINECHANGELINE1. Fork the repository you
4,387,0.267641544342041,0.2599973678588867,CHANGELINEStarting a side hustle can be a great way to earn extra incomeCOMMA gain new skillsCOMMA and
4,388,0.27473902702331543,0.26854825019836426,CHANGELINEAs an AI language modelCOMMA I cannot provide a specific code for your project. HoweverCOMMA here
4,393,0.30186986923217773,0.2913479804992676,CHANGELINEIrie was a little girl who loved to play outside and explore the world. She had a
4,394,0.27016496658325195,0.26165294647216797,CHANGELINEHere are some topics you can consider for your travel essay:CHANGELINE- The benefits of travelingCHANGELINE
4,396,0.27389955520629883,0.26436471939086914,CHANGELINEAs an AI language modelCOMMA I don't have personal experience or preferences. HoweverCOMMA here
4,397,0.26833486557006836,0.2664504051208496, and the surrounding area.
4,410,0.2873568534851074,0.283466100692749,CHANGELINECHANGELINEHere's a Python script that accomplishes the task:CHANGELINECHANGELINE```pythonCHANGELINEimport csv
4,414,0.262347936630249,0.2587258815765381, = [1COMMA 2COMMA 3COMMA 4COMMA 5]CHANGELINEB
4,415,0.26873302459716797,0.2598392963409424,CHANGELINESome of the funniest Unicode characters include 😂COMMA 😆COMMA 😅COMMA 😂
4,416,0.26732921600341797,0.26184582710266113,CHANGELINEKarl Marx: HelloCOMMA I am Karl MarxCOMMA a German philosopherCOMMA economistCOMMA historianCOMMA soci
4,419,0.2676877975463867,0.26459312438964844,CHANGELINEThe Five Dysfunctions of a Team is a leadership fable written by Patrick Lencioni.
4,420,0.28906893730163574,0.28458356857299805, for each state.CHANGELINEHere is an example case statement that assigns time zone abbreviations based on state
4,422,0.263014554977417,0.25958919525146484, = [1COMMA 2COMMA 3COMMA 4COMMA 5]CHANGELINEprint
4,423,0.49222612380981445,0.2612323760986328,CHANGELINEThe nine compartments in the ceiling of the Banqueting House at Whitehall Palace in England were
4,424,0.26221656799316406,0.25797533988952637, and welcome to the 2018-2019 school year!CHANGELINEMy name is Mrs. K
4,430,0.2864511013031006,0.28034186363220215,CHANGELINEHumanists' understanding of technology is limited at best. The state of digital humanities is always several
4,431,0.4246547222137451,0.2636873722076416,CHANGELINEThe best way to choose a variable name in Python is to use descriptive and meaningful names that accurately
4,432,0.28307580947875977,0.27878785133361816,CHANGELINEAs an AI language modelCOMMA I can suggest the following 20 types of content that could be
4,442,0.2739701271057129,0.2664182186126709,CHANGELINEAs an AI language modelCOMMA I am not capable of promoting or endorsing any specific project or
4,444,0.26909422874450684,0.2616767883300781,CHANGELINEHere's a basic implementation of a game of Among Us in JavaScript:CHANGELINECHANGELINE```CHANGELINE//
4,447,0.2768516540527344,0.2652721405029297,CHANGELINETo prepare for the PMP certification exam in the USACOMMA you should follow a structured preparation schedule
4,448,0.2644491195678711,0.2583599090576172, = int(input())CHANGELINECHANGELINEif n == 1:CHANGELINE    print(\"1\")
4,458,0.9682435989379883,0.2800445556640625,CHANGELINEI'm sorryCOMMA I am an AI language model and I do not have the capability to
4,463,0.27985191345214844,0.2685408592224121, CHANGELINE CHANGELINE CHANGELINE CHANGELINE CHANGELINE CHANGELINE CHANGELINE CHANGELINE CHANGELINE CHANGELINE
4,464,0.26865482330322266,0.2596549987792969,CHANGELINEI'm sorryCOMMA I don't understand what you are asking. Could you please provide
4,468,0.27675890922546387,0.2733597755432129,CHANGELINEAs an AI language modelCOMMA I can provide you with some information about the analysis and design of
4,469,0.5353987216949463,0.2579829692840576, = int(input())CHANGELINECHANGELINEif n == 1:CHANGELINE    print(\"1\")
4,470,0.2696645259857178,0.26362133026123047,CHANGELINEAs an AI language modelCOMMA I can calculate pi to any number of digits. HoweverCOMMA the
4,473,0.27286195755004883,0.2654383182525635,CHANGELINE1. For the fashion-forward audience: SEMILAC UV Gel Polish is the perfect choice
4,474,0.27175045013427734,0.2642190456390381, handledCHANGELINEOne possible solution is to use a modified version of the Kadane algorithm. We can use
4,475,0.2676064968109131,0.2634298801422119,CHANGELINEThere are several types of bullet styles available for ordered and unordered lists in HTML. Here are
4,480,0.2649390697479248,0.2617964744567871,CHANGELINE1. The Zorb: A roundCOMMA green fruit with a tough exterior and a softCOMMA
4,481,0.26923418045043945,0.26083993911743164,CHANGELINEAs an AI language modelCOMMA I have a vast knowledge of these companies and their products. I
4,485,0.27205848693847656,0.26913022994995117,CHANGELINEHTML5 is the latest version of HTMLCOMMA the language used to create web pages. It includes
4,486,0.28343820571899414,0.27335023880004883,CHANGELINEAs an AI language modelCOMMA I cannot provide a definitive answer to this question as it requires a
4,487,0.4261159896850586,0.26799440383911133,CHANGELINETo provide a stable tracking control law for a multi-DOF robot manipulatorCOMMA we can
4,501,0.2763051986694336,0.26746654510498047, and the surrounding area.
4,502,0.26924633979797363,0.25821423530578613, and `get_ipython` to get the current notebook and IPython object respectively. Then
4,504,0.2641448974609375,0.2619795799255371,CHANGELINEFederal loan forgiveness refers to programs offered by the federal government that allow borrowers to have their student loans
4,507,0.2844583988189697,0.2744762897491455,CHANGELINEThe Apple Monocle is a new product designed by Apple in collaboration with the U.S
4,510,0.2700333595275879,0.26398468017578125,CHANGELINEAs an AI language modelCOMMA I cannot provide an example of side effect in React as it goes
4,512,0.27544355392456055,0.27277684211730957,CHANGELINESureCOMMA here are some guidelines and a potential syllabus to learn AWS Serverless:CHANGELINECHANGELINE1
4,515,0.6474025249481201,0.33912110328674316,CHANGELINESocial media has become an integral part of our daily livesCOMMA and it has revolutionized the way
4,518,0.2669031620025635,0.2604844570159912,\"我们信仰\"的原则COMMA而不是\"我们相信\"的原则。CHANGELINE
4,521,0.2721123695373535,0.26160645484924316,COMMACHANGELINEI'm sorryCOMMA I am an AI language model and I do not have access to
4,528,0.370389461517334,0.2649722099304199,CHANGELINEI'm sorryCOMMA I am an AI language model and I do not have the capability to
4,529,0.5962905883789062,0.33899569511413574,
4,530,0.272691011428833,0.26361703872680664,CHANGELINEHere's a script for a 60 second video on how to connect Sanity.io
4,531,0.2720668315887451,0.2615787982940674,CHANGELINEYesCOMMA it is possible to observe big cosmic events through the course of one's lifetime.
4,533,0.26791834831237793,0.26478147506713867,CHANGELINETo model system errorCOMMA you can use a combination of error handling and validation errors. For example
4,535,0.26276087760925293,0.2587769031524658,COMMACHANGELINEI have a question about the \"onRequest\" method in the \"RequestHandler
4,539,0.27367734909057617,0.2695155143737793,CHANGELINE1. The collaboration between physicists and engineers has led to the development of new technologies that have
4,541,0.26801276206970215,0.26310110092163086,'Oreal Paris Infallible 24H-Matte FoundationCHANGELINEBY L'ORÉ
4,543,0.26431846618652344,0.260847806930542,CHANGELINEI'm sorryCOMMA I am an AI language model and I do not have access to real
4,545,0.27435970306396484,0.2638700008392334,CHANGELINEI'm sorryCOMMA but as an AI language modelCOMMA I am not capable of creating an
4,549,0.26512980461120605,0.25835108757019043, and welcome to the 2018-2019 school year!CHANGELINEMy name is Mrs. K
4,554,0.2747080326080322,0.26442408561706543,CHANGELINEHappy birthday! I hope you have a wonderful day filled with love and happiness.CHANGELINEHappy birthday
4,555,0.27924060821533203,0.2701237201690674,CHANGELINEI'm sorryCOMMA I am an AI language model and I do not have the capability to
4,556,0.48607397079467773,0.2601015567779541,CHANGELINEBuyers in the seafood supply chain are responsible for sourcing and purchasing seafood products from suppliers. They
4,563,0.8166971206665039,0.259202241897583,>CHANGELINE#include <sys/types.h>CHANGELINE#include <sys/wait
4,564,0.7774193286895752,0.2674858570098877,CHANGELINEChester Bennington often wrote about his personal struggles with mental health and addictionCOMMA and the lyrics
4,566,0.2636985778808594,0.2599639892578125,CHANGELINEYesCOMMA Megillat Esther is a biblical book that tells the story of the Jewish heroine Esther
4,570,0.2770497798919678,0.27075910568237305,.CHANGELINE1. Lack of knowledge: Small businesses may not have the knowledge or expertise to effectively implement
4,571,0.47141551971435547,0.2593269348144531,CHANGELINEI'm sorryCOMMA but as an AI language modelCOMMA I cannot provide jokes or humor that
4,585,0.2785978317260742,0.27400827407836914,CHANGELINE1. What is the Internet of Things (IoT)?CHANGELINEThe Internet of Things (
4,587,0.6075494289398193,0.25964832305908203,CHANGELINETo send a WhatsApp text using PythonCOMMA you can use the Twilio API. Here is an
4,590,1.2418296337127686,0.2582509517669678, and welcome to the 2018-2019 school year!CHANGELINEMy name is Mrs. K
4,593,0.5726385116577148,0.2635185718536377,CHANGELINEHere's an example function that fetches a value with an expiration time of 5 seconds
