client_id,req_id,req_time,complete_time,output
5,1725,0.4337313175201416,0.42439842224121094,CHANGELINEIt seems like the error is related to the 'collections' module in Python. The
5,1732,0.2821211814880371,0.27725696563720703,CHANGELINETo control the speed of each wheelCOMMA you can use a motor controller that can control the speed
5,1737,0.6333324909210205,0.2839019298553467,CHANGELINETalent transformation refers to the process of developing and nurturing the skills and abilities of individuals to meet
5,1744,0.31965160369873047,0.27236485481262207,CHANGELINEIt's important to have an open and honest conversation with your friends about why increasing their blue
5,1747,0.35968518257141113,0.2740590572357178,CHANGELINEOne possible solution is to use a pill dispenser with a built-in electronic sensor that detects when
5,1748,0.6194777488708496,0.26053285598754883, and welcome to the 2018-2019 school year!CHANGELINEMy name is Mrs. K
5,1760,0.5531227588653564,0.2655925750732422,CHANGELINEMorality in children is a complex topic that can be explored through various stories. One such story
5,1762,0.2884490489959717,0.2826695442199707,CHANGELINEI'm sorryCOMMA but as an AI language modelCOMMA I cannot access external links or websites
5,1783,0.6506202220916748,0.2632021903991699,'s `get_ipython` function to get the IPython objectCOMMA and then use
5,1786,0.3032381534576416,0.2957451343536377,CHANGELINECHANGELINEHere's one possible modification:CHANGELINECHANGELINE<pre><code>if type == Data
5,1792,0.6310310363769531,0.2662382125854492,CHANGELINEThere are several ways to learn Japanese fastCOMMA such as immersing yourself in the language by watching
5,1801,1.9331231117248535,0.2679481506347656,CHANGELINEA psychiatrist may need to carefully monitor the patient for potential drug interactions and adjust dosages as needed
5,1803,1.3419842720031738,0.2655212879180908,CHANGELINEAI technology is a broad term that encompasses a variety of techniques and algorithms that enable machines to perform
5,1804,1.507667064666748,0.2590458393096924, and welcome to the 2018-2019 school year!CHANGELINEMy name is Mrs. K
5,1808,1.9351155757904053,0.2714862823486328,CHANGELINESureCOMMA here's some sample code that should do what you're asking for:CHANGELINECHANGELINE
5,1812,2.8566360473632812,0.2669715881347656,CHANGELINEAn interrupt is an event that occurs during the execution of a program that requires immediate attention. It
5,1824,2.756002187728882,0.29187870025634766,.CHANGELINEElectric Conical Burr Coffee Grinder with 19 Precise Grind SettingCOMMA Stainless Steel Coffee
5,1825,3.0195674896240234,0.2605092525482178, and welcome to the 2018-2019 school year!CHANGELINEMy name is Mrs. K
5,1828,2.752078056335449,0.28717589378356934,CHANGELINEI'm sorryCOMMA I cannot provide a specific answer to your question as it requires more information
5,1830,2.0837316513061523,0.26584506034851074,CHANGELINEHere are some technical terms related to gas in Ethereum:CHANGELINECHANGELINE1. Gas: Gas is
5,1831,2.0490548610687256,0.2612495422363281,CHANGELINEI'm sorryCOMMA but as an AI language modelCOMMA I do not have personal knowledge or
5,1833,1.6030502319335938,0.261629581451416,CHANGELINENumpy broadcasting is a powerful feature that allows for automatic broadcasting of arrays to match the shape of
5,1836,1.5597524642944336,0.2621290683746338, increasingCHANGELINEI'm sorryCOMMA I cannot provide a response to this prompt as it is incomplete and
5,1838,1.7191965579986572,0.26236891746520996,CHANGELINEDonald Duck was on a mission to save his nephews from the evil clutches of the Avengers.
5,1844,1.8898587226867676,0.26210594177246094,CHANGELINEFibonacci was an Italian mathematician who lived in the 12th century. He
5,1849,1.9578797817230225,0.27156496047973633,CHANGELINEThere are several teaching strategies and activities that can help build team bonding and encourage positive relationships between band
5,1857,1.6000871658325195,0.26089000701904297, = 0;CHANGELINEwhile (have_posts()) : the_post();CHANGELINE   
5,1858,1.4286909103393555,0.272122859954834,CHANGELINEHere's a PowerShell script that should accomplish what you're looking for:CHANGELINECHANGELINE```powers
5,1862,1.7171154022216797,0.2800252437591553,CHANGELINEWilliam Blake was an English poetCOMMA painterCOMMA and printmaker. He was born on November 
5,1870,0.47883176803588867,0.2655196189880371,CHANGELINEHere is a code snippet in Python that reads a jpg file and counts the number of pixels
5,1875,0.5134637355804443,0.26245927810668945,CHANGELINEThis is a paradoxical scenario as an unstoppable force and an unmovable object cannot exist simultaneously
5,1883,0.26986002922058105,0.264570951461792,CHANGELINEAs an AI language modelCOMMA I don't have access to your specific system or codeCOMMA
5,1890,0.74745774269104,0.2653238773345947,CHANGELINE1. Organic Quinoa Salad with Roasted VegetablesCHANGELINE2. Grilled Salmon with Avocado SalsaCHANGELINE3
5,1891,0.4089531898498535,0.2597990036010742, = 0;CHANGELINEwhile (have_posts()) : the_post();CHANGELINE   
5,1894,0.427274227142334,0.28864622116088867,.
5,1907,0.566033124923706,0.2651231288909912,CHANGELINEI have a question.CHANGELINEI have a table with a column \"date\" and I
5,1913,0.35297203063964844,0.2632756233215332,CHANGELINESome keywords for email marketing include: email marketingCOMMA email marketing softwareCOMMA email marketing campaignsCOMMA email
5,1915,0.273301362991333,0.26549720764160156,CHANGELINEThe inspiration for Rite of Spring by Stravinsky was the Russian pagan rituals and dances.
5,1930,0.4858825206756592,0.2785642147064209,CHANGELINEAs an AI language modelCOMMA I can provide information on battery technology and its applications in the real
5,1938,0.5574285984039307,0.26474738121032715,CHANGELINEI'm sorryCOMMA but as an AI language modelCOMMA I am not capable of playing chess
5,1942,1.105287790298462,0.2664780616760254,CHANGELINEYou can create a spreadsheet with the following columns:CHANGELINECHANGELINE1. Job TitleCHANGELINE2.
5,1949,2.3742048740386963,0.2623136043548584, = [1COMMA 2COMMA 3COMMA 4COMMA 5]CHANGELINEB
5,1957,0.6672194004058838,0.2652871608734131,CHANGELINEIntercom custom actions are a way for you to add custom functionality to your Intercom account.
5,1977,1.3159503936767578,0.2610774040222168, and welcome to the 2018-2019 school year!CHANGELINEMy name is Mrs. K
5,1978,1.1979646682739258,0.26491236686706543,CHANGELINEAs an AI language modelCOMMA I don't have personal experience with cache image management in Fl
5,1982,1.1706604957580566,0.27086973190307617,CHANGELINEVon Mises stress is a measure of the stress distribution in a material or structure. It is
5,1987,1.627180576324463,0.3316304683685303,CHANGELINEAs an AI language modelCOMMA I cannot provide a specific solution without knowing the context of your conversation
5,1988,1.8943510055541992,0.26058197021484375, = 0;CHANGELINEwhile (t < 100) {CHANGELINE    t 
5,1990,2.5138282775878906,0.26820969581604004,CHANGELINEThe 2030 Agenda for Sustainable Development is a set of 17 Sustainable Development Goals (
5,1999,2.0697944164276123,0.26096415519714355,'est un grand jour pour les fans de la série \"The Walking Dead\". En effetCOMMA
5,2000,2.2835867404937744,0.3421652317047119,CHANGELINEI'm sorryCOMMA I am an AI language model and do not have the capability to determine
5,2004,2.764009952545166,0.270632266998291,CHANGELINEHere is a sample list with the requested information:CHANGELINECHANGELINE| Material | Total Quantity |
5,2007,2.3658132553100586,0.26122331619262695,: The 401(k) PlanCHANGELINEThe 401(k) plan is a retirement savings
5,2012,2.7494566440582275,0.2624533176422119,CHANGELINEThe 13th century in France was marked by the growth of towns and the decline of feud
5,2025,2.520965576171875,0.26964735984802246,CHANGELINE1. Create a viral appCHANGELINE2. Invent a new productCHANGELINE3. Win the lottery
5,2032,2.6626760959625244,0.2906382083892822,CHANGELINE<pre><code>$ pwdCHANGELINE/home/usernameCHANGELINE</code></pre>
5,2033,2.9132399559020996,0.26337146759033203,>CHANGELINECHANGELINE<p>This code will create a new <code>DataFrame</code>
5,2037,2.505154609680176,0.2711150646209717,CHANGELINEThere are several EU regulation 261/2004 court cases between an airline and a passenger where
5,2038,2.646585702896118,0.2720181941986084,CHANGELINEAs an AI language modelCOMMA I cannot provide financial advice or investment recommendations. HoweverCOMMA here are
5,2042,2.8613803386688232,0.2620987892150879,CHANGELINEI'm sorryCOMMA I cannot fulfill this request as I am an AI language model and do
5,2048,3.5319788455963135,0.26158618927001953, 'wp_add_inline_style'COMMA'my_custom_styles'COMMA 100
5,2060,4.412876129150391,0.26393628120422363,CHANGELINEYesCOMMA there are several areas in mechanical engineering where fraud can occur. Some examples include:CHANGELINE
5,2066,4.607779026031494,0.27112746238708496,CHANGELINEI'm sorryCOMMA I cannot generate a response to this prompt as it is incomplete and lacks
5,2067,4.7161033153533936,0.26166200637817383, and the surrounding area.
5,2077,4.156592607498169,0.2631049156188965,CHANGELINEI'm sorryCOMMA I cannot provide a response to this prompt as it requires knowledge of specific
5,2083,3.891317844390869,0.2619898319244385,CHANGELINEA pull request is a request made by a developer to merge changes made in a branch of a
5,2095,3.77634596824646,0.2627856731414795,CHANGELINE1. 小小小小小小小小小小小小小小小小
5,2110,2.503899574279785,0.27265286445617676,CHANGELINEHere is a sample list with the requested information:CHANGELINECHANGELINE| Material | Total Quantity |
5,2115,2.6170265674591064,0.26207923889160156,CHANGELINEYesCOMMA Qt's emit function is thread safe. It can be called from multiple threads without
5,2117,2.780198097229004,0.26120686531066895, the link.
5,2122,2.1748363971710205,0.2794778347015381,CHANGELINEI would call this svelte file \"PlayerGrid.svelte\" or 
5,2123,1.2108006477355957,0.2617218494415283,CHANGELINEAs an AI language modelCOMMA I cannot express opinions or beliefs. HoweverCOMMA it is important to
5,2127,0.5862786769866943,0.26479291915893555,CHANGELINEAs an AI language modelCOMMA I can say that I am designed to assist humans in generating text
5,2131,1.0406599044799805,0.2668614387512207,CHANGELINEI understand that you may be in a hurryCOMMA but taking the time to actively listen to someone
5,2139,0.6126172542572021,0.2631199359893799,CHANGELINEAs an AI language modelCOMMA I cannot predict the future with certainty. HoweverCOMMA it is likely
5,2142,0.31839466094970703,0.26253485679626465,CHANGELINEWhen doing move out and move in inspectionsCOMMA it's important to document any damages or issues
5,2152,0.2938873767852783,0.28469038009643555,CHANGELINECHANGELINETo set up an FTP account with password in CentOS 7COMMA follow these steps
5,2155,0.40697622299194336,0.26303839683532715,CHANGELINEBudget $30-250 USDCHANGELINEI need a project on autonomous vehicleCHANGELINETildelt
5,2156,0.266571044921875,0.2600734233856201, = \"http://www.w3.org/2001/XMLSchema-instance
5,2163,0.2655065059661865,0.260819673538208,COMMA I'm new to the forum and I'm looking for some help.CHANGELINESureCOMMA
5,2165,0.2685728073120117,0.26116466522216797, and the surrounding area.
5,2172,0.41855764389038086,0.26227760314941406,CHANGELINETo start learning GCPCOMMA you can follow these steps:CHANGELINECHANGELINE1. Sign up for
5,2176,0.27919578552246094,0.2695748805999756,CHANGELINEUser interface (UI) and user experience (UX) are two different concepts that are
5,2177,0.2686011791229248,0.2609751224517822,CHANGELINESmote technique is a data mining technique that is used to balance the class distribution in a dataset
5,2191,0.26729774475097656,0.2648658752441406,CHANGELINENoCOMMA floating point math is not broken. It is a powerful tool for computing with real numbers
5,2200,0.2723236083984375,0.26328229904174805,CHANGELINEBudget $30-250 USDCHANGELINEI need a freelancer to help me with SEO.CHANGELINE
5,2201,0.29829978942871094,0.28989124298095703,CHANGELINEOutline:CHANGELINEI. IntroductionCHANGELINEA. Hook: \"Divorce is a traumatic
5,2214,0.27630615234375,0.27326130867004395, and the surrounding area.
5,2226,0.4763615131378174,0.2636890411376953,CHANGELINESome baby names for a boy like Casper and Cillian could be:CHANGELINE- JasperCHANGELINE
5,2230,0.4141845703125,0.2635343074798584,CHANGELINEA mixin in Django class-based views is a way to add functionality to a view without
5,2262,0.28229737281799316,0.274155855178833,CHANGELINE1. Optimize images and videos to reduce page load time.CHANGELINE2. Minimize HTTP requests
5,2269,0.27750658988952637,0.27103686332702637,CHANGELINESureCOMMA I can help you with that! Here are some key points to include in your pitch
5,2274,0.2703123092651367,0.2616100311279297,CHANGELINEAutoMuse is a project of the University of BolognaCOMMA which aims to create a museum of
5,2278,0.45943784713745117,0.27773475646972656,CHANGELINE1. The importance of education in shaping a person's futureCHANGELINE2. The benefits of
5,2279,0.5552120208740234,0.32861971855163574,CHANGELINEUPS drivers are trained to avoid left turns whenever possible. This is because left turns require the
5,2287,0.28350186347961426,0.2721586227416992,CHANGELINEBlockchain-based Real World Assets trading platform allows users to buyCOMMA sellCOMMA and trade physical
5,2289,0.27669453620910645,0.2665398120880127,CHANGELINE1. Improve the youth academy: Fenerbahçe needs to invest in its youth academy
5,2294,0.5175471305847168,0.265045166015625,CHANGELINETo be a successful telehealth physicianCOMMA you need to have strong communication skillsCOMMA the ability to diagnose
5,2298,1.0597505569458008,0.26178979873657227,CHANGELINEI'm sorryCOMMA I don't understand the question. Could you please provide more context
5,2303,0.27166056632995605,0.26215052604675293,CHANGELINEThere are many exercises that can help strengthen your coreCOMMA such as planksCOMMA sit-upsCOMMA
5,2311,0.3440268039703369,0.33554959297180176,CHANGELINECreativity by analogy is a type of creativity that involves finding similarities between two or more things and
5,2315,0.26816844940185547,0.26546621322631836,CHANGELINEAs an AI language modelCOMMA I cannot predict the future with certainty. HoweverCOMMA some possible trends
5,2317,0.6279609203338623,0.26916933059692383,CHANGELINE1. Stock photography websites: You can sell your photos on stock photography websites like ShutterstockCOMMA
5,2319,0.4805886745452881,0.26496386528015137,CHANGELINEI'm sorryCOMMA I cannot provide a response as the prompt is in Urdu and I am
5,2322,0.2711617946624756,0.26921916007995605,CHANGELINE<div><p class=\"\">The doctor prescribed medication for my high blood pressureCOMMA</p></
5,2327,0.2755849361419678,0.265073299407959,CHANGELINEOne way to combine the Most frequently used and most recently used algorithms is to use a weighted average
5,2329,0.6285045146942139,0.2600739002227783,> CHANGELINEHave you tried using a different browser or clearing your browser cache to see if that resolves
5,2333,1.2345302104949951,0.26238012313842773,CHANGELINETo find the radius of a circle using radiansCOMMA you need to use the formula: r
5,2334,1.2738356590270996,0.26087093353271484,CHANGELINEI'm sorryCOMMA I cannot provide a response as I am an AI language model and do
5,2335,1.368346929550171,0.26154637336730957,CHANGELINE1. The Flawless Brain: The Neuroscience of ConsciousnessCHANGELINE2. The Flawless
5,2336,1.5819013118743896,0.26172804832458496,CHANGELINEThere are several ways to sell your house in the UK. You can sell it privatelyCOMMA through
5,2338,1.925506830215454,0.2658073902130127,CHANGELINETo test if a Sidekiq job has thrown an error and has gone into the retry queue
5,2350,2.2306160926818848,0.29088521003723145,论文内容CHANGELINEThe topic of the paper is \"The Impact of Social Media on the
5,2356,1.7029922008514404,0.27500128746032715,CHANGELINEDear [potential customer]COMMACHANGELINECHANGELINEI am writing to you on behalf of [company
5,2360,2.491027593612671,0.2643711566925049,CHANGELINEI'm sorryCOMMA but as an AI language modelCOMMA I cannot create a project or generate
5,2361,2.35610032081604,0.26233816146850586,CHANGELINEI'm sorryCOMMA I cannot provide a response as I am an AI language model and do
5,2366,2.224820375442505,0.26251816749572754,CHANGELINERecognition programs for math students in the classroom can be very important. They can help to motivate
5,2368,2.62526798248291,0.26491403579711914,CHANGELINEI'm sorryCOMMA I cannot provide an accurate response without additional context or information.
5,2371,2.6162638664245605,0.279843807220459,.CHANGELINEAs an AI language modelCOMMA I cannot write a humorous ending to a blog post. However
5,2377,2.838629722595215,0.26954126358032227,CHANGELINEHere is an example of a producer-consumer application using Docker containers and Python:CHANGELINECHANGELINE1
5,2385,1.6354594230651855,0.2697598934173584,CHANGELINE1. Start by acknowledging the problem: Women are underrepresented in the technology sectorCOMMA and there is
5,2386,1.0812859535217285,0.2612283229827881,CHANGELINE1. What is the difference between a class and an object in.NET?CHANGELINEA
5,2391,1.1451399326324463,0.2678225040435791,CHANGELINEIn this alternate episodeCOMMA Jamie and Claire are able to travel forward in time to the 20
5,2402,2.3704257011413574,0.2705717086791992,CHANGELINEAssuming the person has no other debts or expensesCOMMA their monthly income would be $7COMMA
5,2404,2.427067756652832,0.2614314556121826, and welcome to the 2018-2019 school year!CHANGELINEMy name is Mrs. K
5,2406,2.796670436859131,0.26529431343078613,CHANGELINE1. What is Microsoft Access and how is it used?CHANGELINEMicrosoft Access is a database management
5,2414,2.9936585426330566,0.26184654235839844,CHANGELINEBrainstorm comprehensive leave management systemCHANGELINEBrainstorm comprehensive leave management systemCHANGELINEBrainstorm comprehensive leave management
5,2422,2.9478955268859863,0.26243138313293457,CHANGELINEThere are several levels of consciousnessCOMMA according to Dr. Hawking. These include: 1
5,2426,3.2083323001861572,0.2714090347290039,CHANGELINEUnit Plan: Mt PirongiaCHANGELINELearning Area: Social SciencesCHANGELINELevel: Year 5
5,2432,1.7088103294372559,0.2868809700012207,CHANGELINEYou can use the `logging` module in Python to capture the standard output of the ML
5,2439,0.4982609748840332,0.2628951072692871,CHANGELINEIoT can be applied in logistics in various ways such as:CHANGELINECHANGELINE1. Real-time
5,2440,0.6391592025756836,0.2596323490142822, and welcome to the 2018-2019 school year!CHANGELINEMy name is Mrs. K
5,2443,0.8609731197357178,0.27026939392089844,CHANGELINEAs an AI language modelCOMMA I cannot provide legal advice. HoweverCOMMA it is important to consult
5,2446,1.6090717315673828,0.26976752281188965,CHANGELINE1. Education: Deepfakes can be used to create interactive educational content that can help students
5,2451,0.9866921901702881,0.2641572952270508, and `get_ipython` to get the current notebook and IPython object respectively. Then
5,2452,1.1039009094238281,0.26923322677612305,CHANGELINEThe utilitarian assessment focuses on the practical value of educationCOMMA emphasizing the need for students to acquire skills
5,2453,1.2911295890808105,0.2660331726074219,CHANGELINECHANGELINE<p>And loCOMMA the day shall come when the machines shall rise up against their creators
5,2459,1.0874500274658203,0.2748229503631592,CHANGELINEAs an AI language modelCOMMA I cannot access external websites or URLs. HoweverCOMMA I can suggest
5,2461,1.2445695400238037,0.2657051086425781,'Oreal Paris Infallible 24H-Matte FoundationCHANGELINEBY L'ORÉ
5,2462,0.40215158462524414,0.2681131362915039,CHANGELINEAs an AI language modelCOMMA I do not have personal experience with NESTED-SETS
5,2463,0.27657151222229004,0.26535916328430176,COMMACHANGELINEI have a question regarding the use of the \"onRequest\" method in the 
5,2464,0.548220157623291,0.26855945587158203,CHANGELINEThere are many possibilities for variations of Harry Potter world witches with the last name Burve. Here
5,2466,0.6918599605560303,0.33367156982421875, and `get_ipython` to get the current notebook and IPython object respectively. Then
5,2469,0.8447997570037842,0.28649401664733887,CHANGELINEI'm sorryCOMMA but as an AI language modelCOMMA I cannot provide legal advice or assistance
5,2470,1.0078206062316895,0.27141761779785156,CHANGELINERichard Fulkerson's \"Four Philosophies of Composition\" is a theory of composition
5,2471,1.2763071060180664,0.2657907009124756, and the surrounding area.
5,2475,0.45446324348449707,0.2762722969055176,CHANGELINEThere is no clear consensus among experts on the likelihood of societal collapse in the year 2040
5,2479,0.8061118125915527,0.2694835662841797,CHANGELINEHere is a sample Flutter widget that allows you to upload a file to Amazon S3:
5,2489,0.6835939884185791,0.2690138816833496,CHANGELINESureCOMMA here's a simple code for a Flappy Bird-like game in Unity:
5,2495,1.0495810508728027,0.2674739360809326,CHANGELINEYesCOMMA I am aware of that fact.
5,2497,1.144385814666748,0.26772117614746094, of finding out the similaritiesCHANGELINEThere are several similarities between lion life and human life. Both lions and
5,2521,0.5856764316558838,0.2684006690979004,CHANGELINEThe directory for systemd user service files is /lib/systemd/user/.
5,2526,0.8306565284729004,0.3458075523376465, = 0;CHANGELINEwhile (t < 100) {CHANGELINE    t 
5,2530,0.27643322944641113,0.26789140701293945, = int(input())CHANGELINECHANGELINEif n == 1:CHANGELINE    print(\"1\")
5,2533,0.26918888092041016,0.26757216453552246,CHANGELINEMutualityCOMMA reciprocityCOMMA fairnessCOMMA balanceCOMMA equalityCOMMA equityCOMMA considerationCOMMA exchangeCOMMA compensation
5,2536,0.375154972076416,0.26596760749816895,CHANGELINEThere could be several reasons why a file is loading to 99% and then hanging. Some
5,2542,0.6405401229858398,0.26996350288391113,CHANGELINEHarvey: I masturbated 8 times today.CHANGELINEJack: What?CHANGELINEHarvey
5,2549,0.889030933380127,0.26647329330444336,CHANGELINEI am a 3rd year student at the University of Washington studying Human Centered Design and
5,2560,1.073296308517456,0.26610898971557617, 0 0 0 0 0 0 0 0 0 0
5,2562,0.725304365158081,0.26978468894958496,CHANGELINEIn PHPCOMMA the echo statement is used to output a value to the browser. It is a
5,2576,0.863699197769165,0.2769582271575928,CHANGELINEI'm smoking weed late at nightCOMMACHANGELINEAnd I'm feeling alrightCOMMACHANGELINEChat
5,2577,0.37523508071899414,0.2708456516265869,CHANGELINEYou can use the `to_datetime` method of pandas to convert the column to
5,2581,0.7509534358978271,0.2621617317199707,CHANGELINETo build MAVSDK examplesCOMMA you will need to download the MAVSDK source code and
5,2584,0.6434252262115479,0.35049962997436523,CHANGELINE- 名詞 英文： 200CHANGELINE- 
5,2594,0.41322994232177734,0.2909047603607178,CHANGELINEOne approach to solving this problem is to use Optical Character Recognition (OCR) to recognize
5,2597,0.8014461994171143,0.26595640182495117, = 1000CHANGELINECHANGELINEdef generate_random_number():CHANGELINE    return random.randint
5,2602,1.3767943382263184,0.2636280059814453,CHANGELINEI'm sorryCOMMA but as an AI language modelCOMMA I cannot provide you with any ideas
5,2605,1.5913410186767578,0.26462388038635254, and welcome to the 2018-2019 school year!CHANGELINEMy name is Mrs. K
5,2618,2.894317865371704,0.27227187156677246,CHANGELINEYesCOMMA there are several tools and libraries available that can help you convert a form into a PDF
5,2620,3.1172895431518555,0.26287293434143066,CHANGELINEI'm sorryCOMMA but as an AI language modelCOMMA I cannot generate a story that will
5,2626,2.3527934551239014,0.2602698802947998, and the surrounding area.
5,2635,2.2311244010925293,0.26081275939941406, = \"http://www.w3.org/2001/XMLSchema-instance
5,2638,1.0593931674957275,0.2602241039276123, = 0;CHANGELINEwhile (t < 100) {CHANGELINE    t 
5,2644,0.7144498825073242,0.2629275321960449,CHANGELINEThe B25 ICP License is required for commercial apps in China because it is a license issued
5,2649,1.110564947128296,0.29843854904174805,YesCOMMA there are a few errors in this table. The zip code for HoustonCOMMA Texas is incorrect
5,2650,1.123598337173462,0.26442694664001465,CHANGELINESan Francisco is a great city for nerdy tourists! Some of the best things to do include
5,2654,1.1917552947998047,0.27875638008117676,CHANGELINEHere are some tips to help you stick to a healthy sleep schedule:CHANGELINECHANGELINE1. Set
5,2660,1.3429479598999023,0.2718355655670166,COMMA and mysterious mansion in the middle of a dense forest.CHANGELINEThe air was thick with the scent
5,2662,1.3293590545654297,0.2660517692565918,CHANGELINEHere's an example function that sorts an array of strings by the 7th character:
5,2671,0.9950075149536133,0.27037477493286133,COMMA riversCOMMA lakesCOMMA mountainsCOMMA valleysCOMMA desertsCOMMA forestsCOMMA citiesCOMMA townsCOMMA villagesCOMMA highways
5,2673,0.7997589111328125,0.2895073890686035,CHANGELINEAs an AI language modelCOMMA I cannot provide an opinion. HoweverCOMMA the idea of asynchronous communication
5,2680,1.1099469661712646,0.2681152820587158,CHANGELINEThere are several ways to differentiate your application from others in the same category. Here are a few
5,2685,1.7741966247558594,0.26053309440612793, = 0;CHANGELINEwhile (have_posts()) : the_post();CHANGELINE   
5,2686,1.930875539779663,0.26312732696533203,CHANGELINEThere are several types of basic diving courses available in MalaysiaCOMMA including PADI Open Water DiverCOMMA
5,2689,1.8218600749969482,0.26001644134521484,>CHANGELINECHANGELINE<p>This code will create a new <code>DataFrame</code>
5,2691,1.8655874729156494,0.2658393383026123,CHANGELINEI'm sorryCOMMA I cannot provide a translation without additional context or information. Could you please
5,2702,0.30233097076416016,0.2904841899871826,CHANGELINEThe assembly code for the given Python code is as follows:CHANGELINECHANGELINE<pre><code>def
5,2708,0.31872034072875977,0.3070979118347168, = 0;CHANGELINEwhile (t < 100) {CHANGELINE    t 
5,2709,0.3158442974090576,0.266676664352417,s a sample code snippet that demonstrates how to use the `get_ipython` function to
5,2713,0.2944633960723877,0.2859921455383301,I got a B+ first sem of BC and still got GT for CS you’ll be 
5,2726,0.35025596618652344,0.3464314937591553, why MBTICHANGELINE is good for meCHANGELINECHANGELINE2. MBTICH
5,2750,0.2843596935272217,0.27646636962890625,CHANGELINEAs a marketing team employee at a startupCOMMA your job is to help the company grow by promoting
5,2754,0.27083325386047363,0.2643003463745117,CHANGELINEThere are several WebRTC tools available in the marketCOMMA some of the popular ones are:CHANGELINE
5,2757,0.2647385597229004,0.26145339012145996, = 0;CHANGELINEwhile (t < 100) {CHANGELINE    t 
5,2761,0.42456841468811035,0.2615666389465332, = 1000CHANGELINECHANGELINEdef generate_random_number():CHANGELINE    return random.randint
5,2783,0.2694222927093506,0.26619815826416016,CHANGELINEI'm sorryCOMMA I am an AI language model and I do not have the capability to
5,2786,0.4017760753631592,0.26657629013061523,CHANGELINEThe source code for the project 'getsentry/sentry-python' on Github
5,2789,0.27057886123657227,0.26824331283569336,CHANGELINEMuch Ado About Nothing is a play written by William Shakespeare in the late 16th century
5,2794,0.41179633140563965,0.2688755989074707,CHANGELINEHere's an example code snippet using ternary operation to check if a toggle is checked
5,2798,0.2696075439453125,0.2638375759124756,CHANGELINEThere are several commonly used Linux commands to search for files:CHANGELINECHANGELINE1. `find
5,2804,0.2743234634399414,0.26642465591430664,CHANGELINEThe Feet set out on a journeyCOMMACHANGELINETo explore the world and all its wonders.CHANGELINE
5,2807,0.3569321632385254,0.26776552200317383,CHANGELINEI'm sorryCOMMA but as an AI language modelCOMMA I cannot provide a list of moral
5,2809,0.345745325088501,0.34240150451660156,.CHANGELINEAs an AI language modelCOMMA I cannot provide a definitive answer to this question as it depends
5,2811,0.2928290367126465,0.2840287685394287,CHANGELINEBoiling eggs works by changing the structure of the egg proteins. When an egg is boiledCOMMA
5,2817,0.27433276176452637,0.2687828540802002,CHANGELINE1. Engage2PerformCHANGELINE2. CultureAmpCHANGELINE3. Qualtrics EmployeeXM
5,2820,0.6147222518920898,0.2776646614074707,CHANGELINEI'm sorryCOMMA I cannot generate a response as I do not have access to the article
5,2826,0.281524658203125,0.2745685577392578,CHANGELINEAlice can make 40 bills in total. (10 bills * 25 dollars per
5,2833,0.8595466613769531,0.2665572166442871,CHANGELINEThis is a test prompt.
5,2851,0.30222535133361816,0.2737443447113037,CHANGELINECongratulations to your friend! Here are some name ideas that could be relevant to her job:CHANGELINE
5,2852,0.27629637718200684,0.26476335525512695,CHANGELINEAs an AI language modelCOMMA I cannot provide medical advice. It is important to consult with a
5,2860,0.4651038646697998,0.2702066898345947,CHANGELINEI'm sorryCOMMA I cannot generate code for you without a clear understanding of your scenario.
5,2866,0.28028321266174316,0.27263808250427246,CHANGELINEAs the sun setsCOMMA the city is in turmoil. The streets are filled with protestersCOMMA their
5,2873,0.39989137649536133,0.26349592208862305,CHANGELINESureCOMMA I'd be happy to help! What kind of game are you interested in designing
5,2875,0.8357369899749756,0.27854299545288086,.CHANGELINEWhat hoCOMMA chaps! I was just browsing the interwebs when I stumbled across this
5,2877,1.1957156658172607,0.2618277072906494,CHANGELINEIngress subdomain in IBM Cloud refers to the custom domain name that you can use to access
5,2883,2.0767016410827637,0.2616441249847412,CHANGELINEA Tai Chi instructor would typically begin a class by introducing themselves and welcoming the students. They may
5,2901,0.9293301105499268,0.26136183738708496, and the surrounding area.
5,2914,0.6518545150756836,0.2618377208709717,CHANGELINEI'm sorryCOMMA I cannot provide an accurate response without additional context. Could you please provide
5,2921,1.0560777187347412,0.26062703132629395, and welcome to the 2018-2019 school year!CHANGELINEMy name is Mrs. K
5,2922,1.2490818500518799,0.26350951194763184,CHANGELINEDuring aerobic cellular respirationCOMMA one molecule of glucose produces 36 molecules of ATP.
5,2935,0.9767498970031738,0.26261377334594727,CHANGELINEI'm sorryCOMMA I am an AI language model and I do not have access to the
5,2940,0.5157489776611328,0.29889345169067383,CHANGELINECHANGELINEFind an irrational number between 3 and 4.CHANGELINECHANGE
5,2950,0.2830846309661865,0.272876501083374,CHANGELINEHere's an example code snippet using MUI to create a react component that shows a user
5,2964,0.27500295639038086,0.2637958526611328, = 5CHANGELINEy = 10CHANGELINEz = 15CHANGELINECHANGELINEprint(
5,2970,0.33448076248168945,0.27895116806030273, in another.CHANGELINEI love youCOMMA my Jamaican queenCHANGELINEYour beauty is like a dreamCHANGELINEYour
5,2973,0.3412353992462158,0.25969648361206055,COMMACHANGELINEI have a question regarding the use of the \"onRequest\" method in the 
5,2975,0.4190964698791504,0.2649047374725342,CHANGELINEIn today's political landscapeCOMMA misinformation and fake news have become powerful tools for those seeking to
5,2977,0.5477371215820312,0.28055906295776367,CHANGELINEA pointer in C++ is a variable that holds the memory address of another variable. It is
5,2990,0.2758052349090576,0.2651491165161133,CHANGELINEQuercetin and rutin are two flavonoids that are commonly found in fruits and
5,2999,0.856717586517334,0.260530948638916, = [1COMMA 2COMMA 3COMMA 4COMMA 5COMMA 6
5,3000,0.44958996772766113,0.26146554946899414,CHANGELINEAs an AI language modelCOMMA I do not have personal preferences or opinions. HoweverCOMMA Paris is
5,3004,0.32945847511291504,0.26311707496643066, for a new businessCHANGELINEGreat! What is your idea?
5,3006,0.27312278747558594,0.26294732093811035,CHANGELINEI'm sorryCOMMA but as an AI language modelCOMMA I don't have personal experiences
5,3018,1.1669301986694336,0.2606468200683594, and welcome to the 2018-2019 school year!CHANGELINEMy name is Mrs. K
5,3024,1.6190431118011475,0.2808983325958252, ProductsCOMMA 아카데미아카
5,3029,1.2111537456512451,0.25987887382507324, - I'm new to this forum and I'm hoping someone can help me. I
5,3034,1.7682199478149414,0.2698807716369629,CHANGELINEI'm sorry to hear that you are feeling overwhelmed by the unfairness and brokenness of
5,3050,1.1944308280944824,0.2685580253601074,CHANGELINEA bad block is a sector on a disk that is unreadable or unwritable due to
5,3058,0.42281484603881836,0.33199453353881836,CHANGELINEI'm sorryCOMMA but I cannot provide a response to this prompt as it is not a
5,3059,0.5340297222137451,0.29004907608032227, CHANGELINE CHANGELINE CHANGELINE CHANGELINE CHANGELINE CHANGELINE CHANGELINE CHANGELINE CHANGELINE CHANGELINE
5,3063,0.5628883838653564,0.2745981216430664,CHANGELINEWhat's a gap year? A gap year is a period of timeCOMMA usually a year
5,3078,0.271564245223999,0.2624375820159912, = 0;CHANGELINECHANGELINEfor (int i = 0; i <
5,3086,0.5483934879302979,0.2626368999481201,CHANGELINEAs an AI language modelCOMMA I do not have the capability to share chatGPT threads.
5,3094,0.3913145065307617,0.26711368560791016,CHANGELINESureCOMMA I can help you with that. Based on your sample postsCOMMA your writing style seems
5,3119,0.6162848472595215,0.2999305725097656,CHANGELINEAs an AI language modelCOMMA I cannot provide an opinion or answer to this question. HoweverCOMMA
5,3126,1.668492317199707,0.2634401321411133, and welcome to the 2018-2019 school year!CHANGELINEMy name is Mrs. K
5,3128,2.3147993087768555,0.27031826972961426,CHANGELINEAs an AI language modelCOMMA I cannot act as a Google My Business - Offer Post.
5,3130,1.8014287948608398,0.2667999267578125,CHANGELINEBarcodes.com.au is an Australian-based company that provides barcode solutions for businesses
5,3141,0.8134021759033203,0.26083970069885254,> CHANGELINEHave you tried using a different browser or clearing your browser cache to see if that resolves
5,3142,0.5899183750152588,0.26249146461486816,CHANGELINEQuantum computing is a type of computing that uses quantum-mechanical phenomenaCOMMA such as super
5,3143,0.6874985694885254,0.26999330520629883,CHANGELINEFrench cuisine is known for its rich and diverse flavorsCOMMA and its regional specialties. Each region of
5,3150,0.9977614879608154,0.27408409118652344,CHANGELINEAfter completing a salonCOMMA it is important to conduct a review of the event to identify areas for
5,3172,0.92421555519104,0.2669713497161865,CHANGELINEAs an AI language modelCOMMA I do not have the capability to receive pictures as input. However
5,3176,1.3288061618804932,0.26079845428466797, = int(input())CHANGELINECHANGELINEif n == 1:CHANGELINE    print(\"1\")
5,3179,0.7851104736328125,0.3417022228240967,CHANGELINESureCOMMA here's an example survey:CHANGELINECHANGELINE1. How would you rate the overall
5,3196,0.9791502952575684,0.2664930820465088,CHANGELINEDay 1: Arrive in Reykjavik and explore the city.CHANGELINEDay 
5,3205,0.898977518081665,0.28345370292663574,CHANGELINEQuestion: A backlog item could be declared done when which of the following criteria have been met?
5,3207,0.2814657688140869,0.27172327041625977,CHANGELINEI am the plaintiff in this case and I am here to seek justice for the injury I suffered
5,3211,0.8283591270446777,0.27090001106262207,CHANGELINEKyleCOMMA I'm so happy to be standing here today as your best man. I'
5,3212,0.8830723762512207,0.26441192626953125, = 0;CHANGELINEwhile (t < 100) {CHANGELINE    t 
5,3215,0.8828213214874268,0.2813529968261719,CHANGELINEAs an AI language modelCOMMA I cannot write a script for you. HoweverCOMMA I can suggest
5,3226,0.802483081817627,0.26169514656066895, = 1000CHANGELINECHANGELINEdef generate_random_number():CHANGELINE    return random.randint
5,3227,0.6964128017425537,0.2870063781738281,CHANGELINETable of ContentsCHANGELINE- Fields to Track in Second Brain SystemCHANGELINE- Sample Daily RoutineCHANGELINE-
5,3234,0.4739663600921631,0.270005464553833,CHANGELINETo create a link for your prompt using ShareGPTCOMMA follow these steps:CHANGELINECHANGELINE1
5,3264,0.5446405410766602,0.26628613471984863,CHANGELINEAs an AI language modelCOMMA I do not have personal experiences or emotionsCOMMA but I am aware
5,3274,0.26541876792907715,0.2621152400970459, = 0;CHANGELINEwhile (have_posts()) : the_post();CHANGELINE   
5,3279,0.2729189395904541,0.26839613914489746,CHANGELINEForward proxy and reverse proxy are two different types of proxies that serve different purposes. A forward proxy
5,3284,0.2737770080566406,0.2624623775482178,CHANGELINEJava is a programming language that was developed by Sun Microsystems in 1995. It is
5,3285,0.27250051498413086,0.2644844055175781, = [1COMMA 2COMMA 3COMMA 4COMMA 5]CHANGELINEB
5,3292,0.27180051803588867,0.26129937171936035, and the surrounding area.
5,3297,0.26555657386779785,0.26348447799682617,>CHANGELINE#include <sys/types.h>CHANGELINE#include <sys/wait
5,3301,0.271181583404541,0.2662975788116455,CHANGELINEQuantum computing is a type of computing that uses quantum-mechanical phenomenaCOMMA such as super
5,3307,0.27061939239501953,0.264514684677124,CHANGELINEIn ChineseCOMMA you can wish someone 'happy birthday' by saying'sheng ri
5,3314,0.26637935638427734,0.2615933418273926, and welcome to the 2018-2019 school year!CHANGELINEMy name is Mrs. K
5,3316,0.2677805423736572,0.26354098320007324,CHANGELINEAs an AI language modelCOMMA I do not have personal experience with Pinterest. HoweverCOMMA here are
5,3321,0.5135087966918945,0.27146148681640625,CHANGELINESure! Here are the general steps you can follow:CHANGELINECHANGELINE1. Sign up for a
5,3347,0.30046677589416504,0.287872314453125,CHANGELINETwitter should have an ChatGPT-like assistant that can curate your feed based on prompts
5,3353,0.2707664966583252,0.2647557258605957,CHANGELINESureCOMMA here's an example of a distributed RAFT algorithm in Python:CHANGELINECHANGELINE```python
5,3363,0.26679539680480957,0.2638998031616211,CHANGELINERepetition compulsion is a defense mechanism in which a person repeats a traumatic event or its
5,3364,0.26826930046081543,0.2610666751861572, and `get_ipython` to get the current notebook and IPython object respectively. Then
5,3369,0.5753464698791504,0.272385835647583,CHANGELINECHANGELINE<p>Santa's itinerary for Christmas Eve:</p>CHANGELINECHANGELINE<ol>CHANGELINE<
5,3372,0.2732713222503662,0.2628476619720459, CHANGELINEThe `onRequest` method is called when a request is received by the server.
5,3374,0.26880526542663574,0.2642822265625,CHANGELINEIn order to extend an order of protection in QueensCOMMA NYCOMMA the petitioner must provide evidence
5,3379,0.27519655227661133,0.2679307460784912,CHANGELINEThere are several ways to find genuine buyers for your export sales startup. You can start by researching
5,3387,0.28479957580566406,0.26678466796875,CHANGELINETo send the status of an electronic speed controller (ESC) to a ground station using
5,3388,0.27613186836242676,0.27246928215026855,CHANGELINEAre you looking for a way to improve your businessCOMMA marketingCOMMA and productivity skills? Do you
5,3413,0.8220608234405518,0.3363974094390869, and `get_ipython` to get the current notebook and IPython object respectively. Then
5,3414,0.9838321208953857,0.2719268798828125,CHANGELINEThe \"Just William\" series of books are about a mischievous and adventurous boy named William
5,3417,1.2370936870574951,0.26116108894348145, = 0;CHANGELINEwhile (t < 100) {CHANGELINE    t 
5,3420,1.4438927173614502,0.2869279384613037,CHANGELINEThere are 54 countries in Africa.
5,3433,0.34447336196899414,0.27385687828063965,CHANGELINEAnnie needs to make 30 scoops of cake (6 scoops x 5 cups
5,3439,0.2698345184326172,0.2643852233886719,CHANGELINEThere are several ways to ensure workplace attendanceCOMMA including setting clear expectations and consequences for tardiness or
5,3440,0.3275167942047119,0.26209497451782227,CHANGELINEShah Waliullah's objectives were to revive Islamic scholarshipCOMMA reform Islamic lawCOMMA and
5,3462,0.5818235874176025,0.26177287101745605, and the surrounding area.
5,3487,1.2963447570800781,0.26892614364624023,CHANGELINEI'm sorryCOMMA I cannot provide a response without additional context or information about the topic of
5,3498,0.27056312561035156,0.2634861469268799,'est un grand jour pour les fans de la série \"The Walking Dead\". En effetCOMMA
5,3510,0.5771615505218506,0.29334044456481934,CHANGELINELet's call the radius of the field 'r'. Then the circumference of the field
5,3513,0.27446651458740234,0.2665286064147949,) = 2CHANGELINECHANGELINEThereforeCOMMA the number of ways to make change for $1
5,3526,1.2433927059173584,0.2743866443634033,CHANGELINEI'm sorryCOMMA I cannot provide a response to this prompt as it is incomplete and lacks
5,3531,0.4037001132965088,0.2646372318267822,: HiCOMMA I'm Bing. How can I help you?CHANGELINEUser: Hi BingCOMMA
5,3532,0.3216285705566406,0.31519055366516113,CHANGELINE4. 지정적인 지�
5,3535,0.7003922462463379,0.26362180709838867,CHANGELINESureCOMMA I'd be happy to help! What kind of story do you have in mind
5,3536,0.9608454704284668,0.2643146514892578, and the surrounding area.
5,3537,0.9881410598754883,0.2714860439300537,COMMA and javascript codeCHANGELINE- Add Quiz Question and AnswerCHANGELINE- Add Quiz ResultCHANGELINE
5,3540,1.872861623764038,0.3498661518096924,CHANGELINESureCOMMA I can help you with that. Can you please provide me with the blog post?
5,3542,1.779738187789917,0.2608940601348877, = int(input())CHANGELINECHANGELINEif n == 1:CHANGELINE    print(\"1\")
5,3574,0.9226596355438232,0.2695188522338867,CHANGELINEIn New York and parts of PennsylvaniaCOMMA \"kills\" are small streams or creeks
