client_id,req_id,req_time,complete_time,output
5,1725,0.5140364170074463,0.5067682266235352,CHANGELINEIt seems like the error is related to the 'collections' module in Python. The
5,1732,0.33202290534973145,0.3194856643676758,CHANGELINETo control the speed of each wheelCOMMA you can use a motor controller that can control the speed
5,1737,0.6013617515563965,0.3359851837158203,CHANGELINETalent transformation refers to the process of developing and nurturing the skills and abilities of individuals to meet
5,1744,0.32248497009277344,0.3192005157470703,CHANGELINEIt's important to have an open and honest conversation with your friends about why increasing their blue
5,1747,0.42848658561706543,0.30553293228149414,CHANGELINEOne possible solution is to use a pill dispenser with a built-in electronic sensor that detects when
5,1748,0.705925703048706,0.27979278564453125, and welcome to the 2018-2019 school year!CHANGELINEMy name is Mrs. K
5,1760,0.3383355140686035,0.28426313400268555,CHANGELINEMorality in children is a complex topic that can be explored through various stories. One such story
5,1762,0.33269572257995605,0.32998085021972656,CHANGELINEI'm sorryCOMMA but as an AI language modelCOMMA I cannot access external links or websites
5,1783,0.2780492305755615,0.27550649642944336,'s `get_ipython` function to get the IPython objectCOMMA and then use
5,1786,0.3792154788970947,0.37160277366638184,CHANGELINECHANGELINEHere's one possible modification:CHANGELINECHANGELINE<pre><code>if type == Data
5,1792,0.2893695831298828,0.28528809547424316,CHANGELINEThere are several ways to learn Japanese fastCOMMA such as immersing yourself in the language by watching
5,1801,0.6310343742370605,0.2842080593109131,CHANGELINEA psychiatrist may need to carefully monitor the patient for potential drug interactions and adjust dosages as needed
5,1803,0.3072059154510498,0.2976665496826172,CHANGELINEAI technology is a broad term that encompasses a variety of techniques and algorithms that enable machines to perform
5,1804,0.4891014099121094,0.2767930030822754, and welcome to the 2018-2019 school year!CHANGELINEMy name is Mrs. K
5,1808,0.4373965263366699,0.31447863578796387,CHANGELINESureCOMMA here's some sample code that should do what you're asking for:CHANGELINECHANGELINE
5,1812,0.6979424953460693,0.29309511184692383,CHANGELINEAn interrupt is an event that occurs during the execution of a program that requires immediate attention. It
5,1824,0.36278676986694336,0.3557710647583008,.CHANGELINEElectric Conical Burr Coffee Grinder with 19 Precise Grind SettingCOMMA Stainless Steel Coffee
5,1825,0.6389791965484619,0.27671384811401367, and welcome to the 2018-2019 school year!CHANGELINEMy name is Mrs. K
5,1828,0.35469913482666016,0.3458874225616455,CHANGELINEI'm sorryCOMMA I cannot provide a specific answer to your question as it requires more information
5,1830,0.29883432388305664,0.29166221618652344,CHANGELINEHere are some technical terms related to gas in Ethereum:CHANGELINECHANGELINE1. Gas: Gas is
5,1831,0.29119300842285156,0.28383445739746094,CHANGELINEI'm sorryCOMMA but as an AI language modelCOMMA I do not have personal knowledge or
5,1833,0.2869529724121094,0.28314948081970215,CHANGELINENumpy broadcasting is a powerful feature that allows for automatic broadcasting of arrays to match the shape of
5,1836,0.30202770233154297,0.2914891242980957, increasingCHANGELINEI'm sorryCOMMA I cannot provide a response to this prompt as it is incomplete and
5,1838,0.2968788146972656,0.2887911796569824,CHANGELINEDonald Duck was on a mission to save his nephews from the evil clutches of the Avengers.
5,1844,0.5879082679748535,0.28831934928894043,CHANGELINEFibonacci was an Italian mathematician who lived in the 12th century. He
5,1849,0.5688331127166748,0.3111536502838135,CHANGELINEThere are several teaching strategies and activities that can help build team bonding and encourage positive relationships between band
5,1857,0.2990081310272217,0.27214527130126953, = 0;CHANGELINEwhile (have_posts()) : the_post();CHANGELINE   
5,1858,0.32256269454956055,0.31658339500427246,CHANGELINEHere's a PowerShell script that should accomplish what you're looking for:CHANGELINECHANGELINE```powers
5,1862,0.48335695266723633,0.33666419982910156,CHANGELINEWilliam Blake was an English poetCOMMA painterCOMMA and printmaker. He was born on November 
5,1870,0.2984497547149658,0.2925114631652832,CHANGELINEHere is a code snippet in Python that reads a jpg file and counts the number of pixels
5,1875,0.592930793762207,0.2944071292877197,CHANGELINEThis is a paradoxical scenario as an unstoppable force and an unmovable object cannot exist simultaneously
5,1883,0.2998063564300537,0.2934699058532715,CHANGELINEAs an AI language modelCOMMA I cannot see the code you are using or the error messages you
5,1890,0.48641276359558105,0.2923464775085449,CHANGELINE1. Organic Quinoa Salad with Roasted VegetablesCHANGELINE2. Grilled Salmon with Avocado SalsaCHANGELINE3
5,1891,0.28097057342529297,0.2780435085296631, = 0;CHANGELINEwhile (have_posts()) : the_post();CHANGELINE   
5,1894,0.3555741310119629,0.35201311111450195,.
5,1907,0.2944347858428955,0.2857856750488281,CHANGELINEI have a question.CHANGELINEI have a.NET application that uses a SQL Server database
5,1913,0.39045286178588867,0.28684496879577637,CHANGELINESome keywords for email marketing include: email marketingCOMMA email marketing softwareCOMMA email marketing campaignsCOMMA email
5,1915,0.2963268756866455,0.29141902923583984,CHANGELINEThe inspiration for Rite of Spring by Stravinsky was the Russian pagan rituals and dances.
5,1930,0.3299601078033447,0.32306432723999023,CHANGELINEAs an AI language modelCOMMA I can provide information on battery technology and its applications in the real
5,1938,0.31075143814086914,0.2959585189819336,CHANGELINEI'm sorryCOMMA but as an AI language modelCOMMA I am not capable of playing chess
5,1942,0.2899460792541504,0.28183722496032715,CHANGELINEYou can create a spreadsheet with the following columns:CHANGELINECHANGELINE1. Job TitleCHANGELINE2.
5,1949,1.6798791885375977,0.28075361251831055, = [1COMMA 2COMMA 3COMMA 4COMMA 5]CHANGELINEB
5,1957,0.2917747497558594,0.28563737869262695,CHANGELINEIntercom custom actions are a way for you to add custom functionality to your Intercom account.
5,1977,0.7639095783233643,0.2769637107849121, and welcome to the 2018-2019 school year!CHANGELINEMy name is Mrs. K
5,1978,0.6602151393890381,0.2840597629547119,CHANGELINEAs an AI language modelCOMMA I don't have personal experience with cache image management in Fl
5,1982,0.317202091217041,0.30579352378845215,CHANGELINEVon Mises stress is a measure of the stress distribution in a material or structure. It is
5,1987,0.37203288078308105,0.3656778335571289,CHANGELINEAs an AI language modelCOMMA I cannot provide a specific solution without knowing the context of your conversation
5,1988,0.6473629474639893,0.2719612121582031, = 0;CHANGELINEwhile (t < 100) {CHANGELINE    t 
5,1990,0.8510079383850098,0.29688596725463867,CHANGELINEThe 2030 Agenda for Sustainable Development is a set of 17 Sustainable Development Goals (
5,1999,0.36827659606933594,0.27759814262390137,'est un grand jour pour les fans de la série \"The Walking Dead\". En effetCOMMA
5,2000,0.5875086784362793,0.3536050319671631,CHANGELINEI'm sorryCOMMA I am an AI language model and do not have the capability to determine
5,2004,0.5392732620239258,0.3077683448791504,CHANGELINEHere is a sample list with the requested information:CHANGELINECHANGELINE| Material | Total Quantity |
5,2007,0.2848036289215088,0.2789151668548584,: The 401(k) PlanCHANGELINEThe 401(k) plan is a retirement savings
5,2012,0.5678215026855469,0.2878296375274658,CHANGELINEThe 13th century in France was marked by the growth of towns and the decline of feud
5,2025,0.3058326244354248,0.296520471572876,CHANGELINE1. Create a viral appCHANGELINE2. Invent a new productCHANGELINE3. Win the lottery
5,2032,1.0533442497253418,0.3226175308227539,CHANGELINE<pre><code>$ pwdCHANGELINE/home/usernameCHANGELINE</code></pre>
5,2033,1.3187673091888428,0.2790966033935547,>CHANGELINECHANGELINE<p>This code will create a new <code>DataFrame</code>
5,2037,0.3502533435821533,0.3009192943572998,CHANGELINEThere are several EU regulation 261/2004 court cases between an airline and a passenger where
5,2038,0.5228750705718994,0.3130171298980713,CHANGELINEAs an AI language modelCOMMA I cannot provide financial advice or investment recommendations. HoweverCOMMA here are
5,2042,0.361987829208374,0.28794002532958984,CHANGELINEI'm sorryCOMMA I cannot fulfill this request as I am an AI language model and do
5,2048,0.3782343864440918,0.27622389793395996, 'wp_add_inline_style'COMMA'my_custom_styles'COMMA 100
5,2060,0.8433024883270264,0.28960418701171875,CHANGELINEYesCOMMA there are several areas in mechanical engineering where fraud can occur. Some examples include:CHANGELINE
5,2066,0.9317874908447266,0.30805087089538574,CHANGELINEI'm sorryCOMMA I cannot generate a response to this prompt as it is incomplete and lacks
5,2067,1.05363130569458,0.28076958656311035, and the surrounding area.
5,2077,0.29642629623413086,0.29237937927246094,CHANGELINEI'm sorryCOMMA I cannot provide a response to this prompt as it requires knowledge of specific
5,2083,0.5105960369110107,0.28315043449401855,CHANGELINEA pull request is a request made by a developer to merge changes made in a branch of a
5,2095,0.2995328903198242,0.2924530506134033,CHANGELINE1. 小小小小小小小小小小小小小小小小
5,2110,0.3143303394317627,0.3088717460632324,CHANGELINEHere is a sample list with the requested information:CHANGELINECHANGELINE| Material | Total Quantity |
5,2115,0.2968168258666992,0.28702235221862793,CHANGELINEYesCOMMA Qt's emit function is thread safe. It can be called from multiple threads without
5,2117,0.5379664897918701,0.282459020614624, the links below.
5,2122,0.3408164978027344,0.3340308666229248,CHANGELINEI would call this svelte file \"PlayerGrid.svelte\" or 
5,2123,0.28952670097351074,0.28739380836486816,CHANGELINEAs an AI language modelCOMMA I cannot express opinions or beliefs. HoweverCOMMA it is important to
5,2127,0.29082226753234863,0.2882516384124756,CHANGELINEAs an AI language modelCOMMA I can say that I am designed to assist humans in generating text
5,2131,0.30172109603881836,0.2906818389892578,CHANGELINEI understand that you may be in a hurryCOMMA but taking the time to actively listen to someone
5,2139,0.34761619567871094,0.2930014133453369,CHANGELINEAs an AI language modelCOMMA I cannot predict the future with certainty. HoweverCOMMA it is likely
5,2142,0.29808878898620605,0.2938387393951416,CHANGELINEWhen doing move out and move in inspectionsCOMMA it's important to document any damages or issues
5,2152,0.35018014907836914,0.3448507785797119,CHANGELINECHANGELINETo set up an FTP account with password in CentOS 7COMMA follow these steps
5,2155,0.4646763801574707,0.281294584274292,CHANGELINEBudget $30-250 USDCHANGELINEI need a project on autonomous vehicleCHANGELINETildelt
5,2156,0.28200483322143555,0.27606892585754395, = \"http://www.w3.org/2001/XMLSchema-instance
5,2163,0.2873859405517578,0.2777433395385742,COMMA I'm new to the forum and I'm looking for some help.CHANGELINESureCOMMA
5,2165,0.2854464054107666,0.2795839309692383, and the surrounding area.
5,2172,0.39502716064453125,0.2832820415496826,CHANGELINETo start learning GCPCOMMA you can follow these steps:CHANGELINECHANGELINE1. Sign up for
5,2176,0.3136563301086426,0.30350494384765625,CHANGELINEUser interface (UI) and user experience (UX) are two different concepts that are
5,2177,0.29378175735473633,0.2846248149871826,CHANGELINESmote technique is a data mining technique that is used to balance the class distribution in a dataset
5,2191,0.29932451248168945,0.28748130798339844,CHANGELINENoCOMMA floating point math is not broken. It is a powerful tool for computing with real numbers
5,2200,0.2962818145751953,0.28734850883483887,CHANGELINEBudget $30-250 USDCHANGELINEI need a freelancer to help me with SEO.CHANGELINE
5,2201,0.36569857597351074,0.35485315322875977,CHANGELINEOutline:CHANGELINEI. IntroductionCHANGELINEA. Hook: \"Divorce is a traumatic
5,2214,0.36040759086608887,0.34810352325439453, and the surrounding area.
5,2226,0.30777645111083984,0.29761576652526855,CHANGELINESome baby names for a boy like Casper and Cillian could be:CHANGELINE- JasperCHANGELINE
5,2230,0.3004469871520996,0.28923749923706055,CHANGELINEA mixin in Django class-based views is a way to add functionality to a view without
5,2262,0.3063070774078369,0.3011302947998047,CHANGELINE1. Optimize images and videos to reduce page load time.CHANGELINE2. Use a content delivery
5,2269,0.3208913803100586,0.30898308753967285,CHANGELINESureCOMMA I can help you with that! Here are some key points to include in your pitch
5,2274,0.2933931350708008,0.2860713005065918,CHANGELINEAutoMuse is a project of the University of BolognaCOMMA which aims to create a museum of
5,2278,0.5122232437133789,0.3247525691986084,CHANGELINE1. The importance of education in shaping a person's futureCHANGELINE2. The benefits of
5,2279,0.6465821266174316,0.3624422550201416,CHANGELINEUPS drivers are trained to avoid left turns whenever possible. This is because left turns require the
5,2287,0.3219771385192871,0.31685638427734375,CHANGELINEBlockchain-based Real World Assets trading platform allows users to buyCOMMA sellCOMMA and trade physical
5,2289,0.2959401607513428,0.2918548583984375,CHANGELINE1. Improve the youth academy: Fenerbahçe needs to invest in its youth academy
5,2294,0.49927258491516113,0.2898528575897217,CHANGELINETo be a successful telehealth physicianCOMMA you need to have strong communication skillsCOMMA the ability to diagnose
5,2298,0.6165213584899902,0.28548622131347656,CHANGELINEI'm sorryCOMMA I don't understand the question. Could you please provide more context
5,2303,0.29366230964660645,0.2818894386291504,CHANGELINEThere are many exercises that can help strengthen your coreCOMMA such as planksCOMMA sit-upsCOMMA
5,2311,0.37006163597106934,0.36420249938964844,CHANGELINECreativity by analogy is a type of creativity that involves finding similarities between two or more things and
5,2315,0.2934720516204834,0.29123878479003906,CHANGELINEAs an AI language modelCOMMA I cannot predict the future with certainty. HoweverCOMMA some possible trends
5,2317,0.703803539276123,0.30458831787109375,CHANGELINE1. Stock photography websites: You can sell your photos on stock photography websites like ShutterstockCOMMA
5,2319,0.29624032974243164,0.29068660736083984,CHANGELINEI'm sorryCOMMA I cannot provide a response as the prompt is in Urdu and I am
5,2322,0.29846930503845215,0.29216504096984863,CHANGELINE<div><p class=\"\">The doctor prescribed medication for my high blood pressureCOMMA</p></
5,2327,0.3013887405395508,0.29778599739074707,CHANGELINEOne way to combine the Most frequently used and most recently used algorithms is to use a weighted average
5,2329,0.7009718418121338,0.27793288230895996,> CHANGELINEHave you tried using a different browser or clearing your browser cache to see if that resolves
5,2333,0.620891809463501,0.27878689765930176,CHANGELINETo find the radius of a circle using radiansCOMMA you need to use the formula: r
5,2334,0.6782681941986084,0.28464436531066895,CHANGELINEI'm sorryCOMMA I cannot provide a response as I am an AI language model and do
5,2335,0.7976779937744141,0.28927183151245117,CHANGELINE1. The Flawless Brain: The Neuroscience of Human IntelligenceCHANGELINE2. The Flaw
5,2336,1.0323383808135986,0.2897045612335205,CHANGELINEThere are several ways to sell your house in the UK. You can sell it privatelyCOMMA through
5,2338,1.428196907043457,0.29413366317749023,CHANGELINETo test if a Sidekiq job has thrown an error and has gone into the retry queue
5,2350,0.7186398506164551,0.35990262031555176,论文内容CHANGELINEThe topic of the paper is \"The Impact of Social Media on the
5,2356,0.3230266571044922,0.31318092346191406,CHANGELINEDear [potential customer]COMMACHANGELINECHANGELINEI am writing to you on behalf of [company
5,2360,0.712559700012207,0.29486870765686035,CHANGELINEI'm sorryCOMMA but as an AI language modelCOMMA I cannot create a project or generate
5,2361,0.5941417217254639,0.2787621021270752,CHANGELINEI'm sorryCOMMA I cannot provide a response as I am an AI language model and do
5,2366,0.8025217056274414,0.2937188148498535,CHANGELINERecognition programs for math students in the classroom can be very important. They can help to motivate
5,2368,1.0453147888183594,0.2893383502960205,CHANGELINEI'm sorryCOMMA I cannot provide an accurate response without additional context or information.
5,2371,0.7715752124786377,0.3311338424682617,.CHANGELINEAs an AI language modelCOMMA I cannot write a humorous ending to a blog post. However
5,2377,0.31122827529907227,0.3018183708190918,CHANGELINEHere is an example of a producer-consumer application using Docker containers and Python:CHANGELINECHANGELINE1
5,2385,0.3152010440826416,0.304004430770874,CHANGELINE1. Start by acknowledging the problem: Women are underrepresented in the technology sectorCOMMA and there is
5,2386,0.2868964672088623,0.28511762619018555,CHANGELINE1. What is the difference between a class and an object in.NET?CHANGELINEA
5,2391,0.30367469787597656,0.2935202121734619,CHANGELINEIn this alternate episodeCOMMA Jamie and Claire are able to travel forward in time to the 20
5,2402,0.9159269332885742,0.304762601852417,CHANGELINEAssuming the person has no other debts or expensesCOMMA their monthly income would be $7COMMA
5,2404,1.0048785209655762,0.2765178680419922, and welcome to the 2018-2019 school year!CHANGELINEMy name is Mrs. K
5,2406,1.2159981727600098,0.28293371200561523,CHANGELINE1. What is Microsoft Access and how is it used?CHANGELINEMicrosoft Access is a database management
5,2414,0.2880704402923584,0.28264307975769043,CHANGELINEBrainstorm comprehensive leave management systemCHANGELINEBrainstorm comprehensive leave management systemCHANGELINEBrainstorm comprehensive leave management
5,2422,0.2901768684387207,0.2880833148956299,CHANGELINEThere are several levels of consciousnessCOMMA according to Dr. Hawking. These include: 1
5,2426,0.31408047676086426,0.31171202659606934,CHANGELINEUnit Plan: Mt PirongiaCHANGELINELearning Area: Social SciencesCHANGELINELevel: Year 5
5,2432,0.3481273651123047,0.34465551376342773,CHANGELINEYou can use the `logging` module in Python to capture the standard output of the ML
5,2439,0.28641176223754883,0.28465938568115234,CHANGELINEIoT can be applied in logistics in various ways such as:CHANGELINECHANGELINE1. Real-time
5,2440,0.44985365867614746,0.28337979316711426, and welcome to the 2018-2019 school year!CHANGELINEMy name is Mrs. K
5,2443,0.4807450771331787,0.30310630798339844,CHANGELINEAs an AI language modelCOMMA I cannot provide legal advice. HoweverCOMMA it is important to consult
5,2446,0.8337810039520264,0.2899785041809082,CHANGELINE1. Education: Deepfakes can be used to create interactive educational content that can help students
5,2451,0.2901020050048828,0.27666211128234863, and `get_ipython` to get the current notebook and IPython object respectively. Then
5,2452,0.4360830783843994,0.2996237277984619,CHANGELINEThe utilitarian assessment focuses on the practical value of educationCOMMA emphasizing the need for students to acquire skills
5,2453,0.6542863845825195,0.2964141368865967,CHANGELINECHANGELINE<p>And loCOMMA the day shall come when the machines shall rise up against their creators
5,2459,0.30377817153930664,0.3006610870361328,CHANGELINEAs an AI language modelCOMMA I cannot access external websites or URLs. HoweverCOMMA I can suggest
5,2461,0.4774906635284424,0.2759552001953125,'Oreal Paris Infallible 24H-Matte FoundationCHANGELINEBY L'ORÉ
5,2462,0.2965536117553711,0.2930567264556885,CHANGELINEAs an AI language modelCOMMA I do not have personal experience with NESTED-SETS
5,2463,0.2777392864227295,0.27591586112976074,COMMACHANGELINEI have a question regarding the use of the \"onRequest\" method in the 
5,2464,0.5755465030670166,0.2940676212310791,CHANGELINEThere are many possibilities for variations of Harry Potter world witches with the last name Burve. Here
5,2466,0.7834198474884033,0.3519470691680908, and `get_ipython` to get the current notebook and IPython object respectively. Then
5,2469,0.6965363025665283,0.33798885345458984,CHANGELINEI'm sorryCOMMA but as an AI language modelCOMMA I cannot provide legal advice or assistance
5,2470,0.8762979507446289,0.29002904891967773,CHANGELINERichard Fulkerson's \"Four Philosophies of Composition\" is a theory of composition
5,2471,1.1493518352508545,0.277998685836792, and the surrounding area.
5,2475,0.3130342960357666,0.3043954372406006,CHANGELINEThere is no clear consensus among experts on the likelihood of societal collapse in the year 2040
5,2479,0.29880833625793457,0.2953038215637207,CHANGELINEHere is a sample Flutter widget that allows you to upload a file to Amazon S3:
5,2489,0.30391860008239746,0.2975950241088867,CHANGELINESureCOMMA here's a simple code for a Flappy Bird-like game in Unity:
5,2495,0.6188304424285889,0.28639817237854004,CHANGELINEYesCOMMA I am aware of that fact.
5,2497,0.5857083797454834,0.29009413719177246, of finding out the similaritiesCHANGELINEThere are several similarities between lion life and human life. Both lions and
5,2521,0.4278442859649658,0.28911590576171875,CHANGELINEThe directory for systemd user service files is /lib/systemd/user/.
5,2526,0.3540964126586914,0.35027122497558594, = 0;CHANGELINEwhile (t < 100) {CHANGELINE    t 
5,2530,0.2829430103302002,0.2776522636413574, = int(input())CHANGELINECHANGELINEif n == 1:CHANGELINE    print(\"1\")
5,2533,0.2992513179779053,0.2882986068725586,CHANGELINEMutualityCOMMA reciprocityCOMMA fairnessCOMMA balanceCOMMA equalityCOMMA equityCOMMA considerationCOMMA exchangeCOMMA compensation
5,2536,0.4171147346496582,0.2895381450653076,CHANGELINEThere could be several reasons why a file is loading to 99% and then hanging. Some
5,2542,0.72249436378479,0.3019673824310303,CHANGELINEHarvey: I masturbated 8 times today.CHANGELINEJack: What?CHANGELINEHarvey
5,2549,0.634425163269043,0.294248104095459,CHANGELINEI am a 3rd year student at the University of Washington studying Human Centered Design and
5,2560,0.6378371715545654,0.2778949737548828, 0 0 0 0 0 0 0 0 0 0
5,2562,0.36326122283935547,0.28296375274658203,CHANGELINEIn PHPCOMMA the echo statement is used to output a value to the browser. It is a
5,2576,0.3077096939086914,0.30196666717529297,CHANGELINEI'm smoking weed late at nightCOMMACHANGELINEAnd I'm feeling alrightCOMMACHANGELINEChat
5,2577,0.3056461811065674,0.2974567413330078,CHANGELINEYou can use the `to_datetime` method of pandas to convert the column to
5,2581,0.5633273124694824,0.28246617317199707,CHANGELINETo build MAVSDK examplesCOMMA you will need to download the MAVSDK source code and
5,2584,0.4416337013244629,0.4369232654571533,CHANGELINE- 名詞 英文： 200CHANGELINE- 
5,2594,0.37023091316223145,0.36067771911621094,CHANGELINEOne approach to solving this problem is to use Optical Character Recognition (OCR) to recognize
5,2597,0.6850385665893555,0.2809610366821289, = 1000CHANGELINECHANGELINEdef generate_random_number():CHANGELINE    return random.randint
5,2602,1.0383903980255127,0.2963597774505615,CHANGELINEI'm sorryCOMMA but as an AI language modelCOMMA I cannot provide you with any ideas
5,2605,0.6257710456848145,0.27571797370910645, and welcome to the 2018-2019 school year!CHANGELINEMy name is Mrs. K
5,2618,0.8706715106964111,0.31054258346557617,CHANGELINEYesCOMMA there are several tools and libraries available that can help you convert a form into a PDF
5,2620,1.15053391456604,0.2961537837982178,CHANGELINEI'm sorryCOMMA but as an AI language modelCOMMA I cannot generate a story that will
5,2626,0.28252577781677246,0.27958154678344727, and the surrounding area.
5,2635,0.2821929454803467,0.27819037437438965, = \"http://www.w3.org/2001/XMLSchema-instance
5,2638,0.36499667167663574,0.2783513069152832, = 0;CHANGELINEwhile (t < 100) {CHANGELINE    t 
5,2644,0.2969977855682373,0.2949831485748291,CHANGELINEThe B25 ICP License is required for commercial apps in China because it is a license issued
5,2649,0.5700030326843262,0.37827444076538086,YesCOMMA there are a few errors in this table. The zip code for HoustonCOMMA Texas is incorrect
5,2650,0.6048521995544434,0.2929997444152832,CHANGELINESan Francisco is a great city for nerdy tourists! Some of the best things to do include
5,2654,0.33005690574645996,0.3260493278503418,CHANGELINEHere are some tips to help you stick to a healthy sleep schedule:CHANGELINECHANGELINE1. Set
5,2660,0.364577054977417,0.3110618591308594,COMMA and mysterious mansion in the middle of a dense forest.CHANGELINEThe air was thick with the scent
5,2662,0.40780138969421387,0.29073524475097656,CHANGELINEHere's an example function that sorts an array of strings by the 7th character:
5,2671,0.5248470306396484,0.29953837394714355,COMMA riversCOMMA lakesCOMMA mountainsCOMMA valleysCOMMA desertsCOMMA forestsCOMMA citiesCOMMA townsCOMMA villagesCOMMA highways
5,2673,0.36347174644470215,0.35295796394348145,CHANGELINEAs an AI language modelCOMMA I cannot provide an opinion. HoweverCOMMA the idea of asynchronous communication
5,2680,0.29386305809020996,0.2826519012451172,CHANGELINEThere are several ways to differentiate your application from others in the same category. Here are a few
5,2685,0.518855094909668,0.278217077255249, = 0;CHANGELINEwhile (have_posts()) : the_post();CHANGELINE   
5,2686,0.6936914920806885,0.28739356994628906,CHANGELINEThere are several types of basic diving courses available in MalaysiaCOMMA including PADI Open Water DiverCOMMA
5,2689,0.4868659973144531,0.2759566307067871,>CHANGELINECHANGELINE<p>This code will create a new <code>DataFrame</code>
5,2691,0.38793230056762695,0.2902638912200928,CHANGELINEI'm sorryCOMMA I cannot provide a translation without additional context or information. Could you please
5,2702,0.3597140312194824,0.3515434265136719,CHANGELINEThe assembly code for the given Python code is as follows:CHANGELINECHANGELINE<pre><code>def
5,2708,0.35076189041137695,0.3412816524505615, = 0;CHANGELINEwhile (t < 100) {CHANGELINE    t 
5,2709,0.3666114807128906,0.2793712615966797,s a sample code snippet that demonstrates how to use the `get_ipython` function to
5,2713,0.340531587600708,0.33466386795043945,I got a B+ first sem of BC and still got GT for CS you’ll be 
5,2726,0.3947882652282715,0.3887481689453125, why MBTICHANGELINE is good for meCHANGELINECHANGELINE2. MBTICH
5,2750,0.31017589569091797,0.30402684211730957,CHANGELINEAs a marketing team employee at a startupCOMMA your job is to help the company grow by promoting
5,2754,0.29874491691589355,0.2884559631347656,CHANGELINEThere are several WebRTC tools available in the marketCOMMA some of the popular ones are:CHANGELINE
5,2757,0.28763747215270996,0.2777097225189209, = 0;CHANGELINEwhile (t < 100) {CHANGELINE    t 
5,2761,0.2828094959259033,0.28121447563171387, = 1000CHANGELINECHANGELINEdef generate_random_number():CHANGELINE    return random.randint
5,2783,0.29962897300720215,0.2933766841888428,CHANGELINEI'm sorryCOMMA I am an AI language model and I do not have the capability to
5,2786,0.4565005302429199,0.29433417320251465,CHANGELINEThe source code for the project 'getsentry/sentry-python' on Github
5,2789,0.30268287658691406,0.29638004302978516,CHANGELINEMuch Ado About Nothing is a play written by William Shakespeare in the late 16th century
5,2794,0.307697057723999,0.2994358539581299,CHANGELINEHere's an example code snippet using ternary operation to check if a toggle is checked
5,2798,0.29759883880615234,0.2917213439941406,CHANGELINEThere are several commonly used Linux commands to search for files:CHANGELINECHANGELINE1. `find
5,2804,0.30087852478027344,0.29505443572998047,CHANGELINEThe Feet set out on a journeyCOMMACHANGELINETo explore the world and all its wonders.CHANGELINE
5,2807,0.2961249351501465,0.2851872444152832,CHANGELINEI'm sorryCOMMA but as an AI language modelCOMMA I cannot provide a list of moral
5,2809,0.3542051315307617,0.3471205234527588,.CHANGELINEAs an AI language modelCOMMA I cannot provide a definitive answer to this question as it depends
5,2811,0.3267834186553955,0.3231668472290039,CHANGELINEBoiling eggs works by changing the structure of the egg proteins. When an egg is boiledCOMMA
5,2817,0.2957582473754883,0.2891514301300049,CHANGELINE1. Engage2PerformCHANGELINE2. CultureAmpCHANGELINE3. Qualtrics EmployeeXM
5,2820,0.5441534519195557,0.3158388137817383,CHANGELINEI'm sorryCOMMA I cannot generate a response as I do not have access to the article
5,2826,0.2995283603668213,0.29562807083129883,CHANGELINEAlice can make 40 bills in total. (10 bills * 25 dollars per
5,2833,0.9380495548248291,0.28284144401550293,CHANGELINEThis is a test prompt.
5,2851,0.38602781295776367,0.31047511100769043,CHANGELINECongratulations to your friend! Here are some name ideas that could be relevant to her job:CHANGELINE
5,2852,0.2986633777618408,0.29073143005371094,CHANGELINEAs an AI language modelCOMMA I cannot provide medical advice. It is important to consult with a
5,2860,0.3102562427520752,0.3065052032470703,CHANGELINEI'm sorryCOMMA I cannot generate code for you without a clear understanding of your scenario.
5,2866,0.31162190437316895,0.30521488189697266,CHANGELINEAs the sun setsCOMMA the city is in turmoil. The streets are filled with protestersCOMMA their
5,2873,0.29367947578430176,0.285480260848999,CHANGELINESureCOMMA I'd be happy to help! What kind of game are you interested in designing
5,2875,0.7775506973266602,0.30741286277770996,.CHANGELINEWhat hoCOMMA chaps! I was just browsing the interwebs when I stumbled across this
5,2877,0.7166380882263184,0.29280662536621094,CHANGELINEIngress subdomain in IBM Cloud refers to the custom domain name that you can use to access
5,2883,1.0899055004119873,0.28696608543395996,CHANGELINEA Tai Chi instructor would typically begin a class by introducing themselves and welcoming the students. They may
5,2901,0.289564847946167,0.28258299827575684, and the surrounding area.
5,2914,0.29380345344543457,0.28885817527770996,CHANGELINEI'm sorryCOMMA I cannot provide an accurate response without additional context. Could you please provide
5,2921,0.2893862724304199,0.27844715118408203, and welcome to the 2018-2019 school year!CHANGELINEMy name is Mrs. K
5,2922,0.5054559707641602,0.2936530113220215,CHANGELINEDuring aerobic cellular respirationCOMMA one molecule of glucose produces 36 molecules of ATP.
5,2935,0.49694132804870605,0.2862250804901123,CHANGELINEI'm sorryCOMMA I am an AI language model and I do not have access to the
5,2940,0.3772907257080078,0.36897754669189453,CHANGELINECHANGELINEFind an irrational number between 3 and 4.CHANGELINECHANGE
5,2950,0.3125321865081787,0.30639147758483887,CHANGELINEHere's an example code snippet using MUI to create a react component that shows a user
5,2964,0.2914140224456787,0.2881321907043457, = 5CHANGELINEy = 10CHANGELINEz = 15CHANGELINECHANGELINEprint(
5,2970,0.3319847583770752,0.32724857330322266, in another.CHANGELINEI love youCOMMA my Jamaican queenCHANGELINEYour beauty is like a dreamCHANGELINEYour
5,2973,0.2903633117675781,0.279386043548584,COMMACHANGELINEI have a question regarding the use of the \"onRequest\" method in the 
5,2975,0.29587793350219727,0.29245781898498535,CHANGELINEIn today's political landscapeCOMMA misinformation and fake news have become powerful tools for those seeking to
5,2977,0.35358667373657227,0.3273615837097168,CHANGELINEA pointer in C++ is a variable that holds the memory address of another variable. It is
5,2990,0.3000977039337158,0.2910611629486084,CHANGELINEQuercetin and rutin are two flavonoids that are commonly found in fruits and
5,2999,0.4823775291442871,0.2783219814300537, = [1COMMA 2COMMA 3COMMA 4COMMA 5COMMA 6
5,3000,0.2977719306945801,0.28861331939697266,CHANGELINEAs an AI language modelCOMMA I do not have personal preferences or opinions. HoweverCOMMA Paris is
5,3004,0.29326748847961426,0.28224611282348633, for a new businessCHANGELINEGreat! What is your idea?
5,3006,0.29025697708129883,0.28353381156921387,CHANGELINEI'm sorryCOMMA but as an AI language modelCOMMA I don't have personal experiences
5,3018,0.9836506843566895,0.27661561965942383, and welcome to the 2018-2019 school year!CHANGELINEMy name is Mrs. K
5,3024,1.036219596862793,0.3286585807800293,COMMA 아카데미아카�
5,3029,0.32054710388183594,0.27985477447509766, - I'm new to this forum and I'm hoping someone can help me. I
5,3034,0.6105339527130127,0.3035554885864258,CHANGELINEI'm sorry to hear that you are feeling overwhelmed by the unfairness and brokenness of
5,3050,0.3909025192260742,0.2937040328979492,CHANGELINEA bad block is a sector on a disk that is unreadable or unwritable due to
5,3058,0.358187198638916,0.35616493225097656,CHANGELINEI'm sorryCOMMA but I cannot provide a response to this prompt as it is not a
5,3059,0.5369455814361572,0.36069512367248535, CHANGELINE CHANGELINE CHANGELINE CHANGELINE CHANGELINE CHANGELINE CHANGELINE CHANGELINE CHANGELINE CHANGELINE
5,3063,0.5958037376403809,0.3123738765716553,CHANGELINEWhat's a gap year? A gap year is a period of timeCOMMA usually a year
5,3078,0.2807328701019287,0.27848196029663086, = 0;CHANGELINECHANGELINEfor (int i = 0; i <
5,3086,0.30149388313293457,0.29163074493408203,CHANGELINEAs an AI language modelCOMMA I do not have the capability to share chatGPT threads.
5,3094,0.3022303581237793,0.29811787605285645,CHANGELINESureCOMMA I can help you with that. Based on your sample postsCOMMA your writing style seems
5,3119,0.5890369415283203,0.3515622615814209,CHANGELINEAs an AI language modelCOMMA I cannot provide an opinion or answer to this question. HoweverCOMMA
5,3126,1.0312821865081787,0.2824256420135498, and welcome to the 2018-2019 school year!CHANGELINEMy name is Mrs. K
5,3128,1.4702227115631104,0.2897517681121826,CHANGELINEAs an AI language modelCOMMA I cannot act as a Google My Business - Offer Post.
5,3130,1.0344281196594238,0.3014256954193115,CHANGELINEBarcodes.com.au is an Australian-based company that provides barcode solutions for businesses
5,3141,0.699115514755249,0.27973246574401855,> CHANGELINEHave you tried using a different browser or clearing your browser cache to see if that resolves
5,3142,0.48932671546936035,0.2850613594055176,CHANGELINEQuantum computing is a type of computing that uses quantum-mechanical phenomenaCOMMA such as super
5,3143,0.6097631454467773,0.29483509063720703,CHANGELINEFrench cuisine is known for its rich and diverse flavorsCOMMA and its regional specialties. Each region of
5,3150,0.31563353538513184,0.30448222160339355,CHANGELINEAfter completing a salonCOMMA it is important to conduct a review of the event to identify areas for
5,3172,0.4212193489074707,0.29898810386657715,CHANGELINEAs an AI language modelCOMMA I do not have the capability to receive pictures as input. However
5,3176,0.8004286289215088,0.28066134452819824, = int(input())CHANGELINECHANGELINEif n == 1:CHANGELINE    print(\"1\")
5,3179,0.5591237545013428,0.36922693252563477,CHANGELINESureCOMMA here's an example survey:CHANGELINECHANGELINE1. How would you rate the overall
5,3196,0.38681960105895996,0.3012263774871826,CHANGELINEDay 1: Arrive in Reykjavik and explore the city.CHANGELINEDay 
5,3205,0.5646519660949707,0.33644819259643555,CHANGELINEQuestion: A backlog item could be declared done when which of the following criteria have been met?
5,3207,0.31757450103759766,0.30814051628112793,CHANGELINEI am the plaintiff in this case and I am here to seek justice for the injury I suffered
5,3211,0.5425207614898682,0.30414509773254395,CHANGELINEKyleCOMMA I'm so happy to be standing here today as your best man. I'
5,3212,0.6057088375091553,0.2765941619873047, = 0;CHANGELINEwhile (t < 100) {CHANGELINE    t 
5,3215,0.33909034729003906,0.3354146480560303,CHANGELINEAs an AI language modelCOMMA I cannot write a script for you. HoweverCOMMA I can suggest
5,3226,0.28221797943115234,0.27974843978881836, = 1000CHANGELINECHANGELINEdef generate_random_number():CHANGELINE    return random.randint
5,3227,0.3593618869781494,0.34878015518188477,CHANGELINETable of ContentsCHANGELINE- Fields to Track in Second Brain SystemCHANGELINE- Sample Daily RoutineCHANGELINE-
5,3234,0.3340933322906494,0.2970616817474365,CHANGELINETo create a link for your prompt using ShareGPTCOMMA follow these steps:CHANGELINECHANGELINE1
5,3264,0.5464744567871094,0.2902336120605469,CHANGELINEAs an AI language modelCOMMA I do not have personal experiences or emotionsCOMMA but I am aware
5,3274,0.2884218692779541,0.27814388275146484, = 0;CHANGELINEwhile (have_posts()) : the_post();CHANGELINE   
5,3279,0.2962648868560791,0.2866992950439453,CHANGELINEForward proxy and reverse proxy are two different types of proxies that serve different purposes. A forward proxy
5,3284,0.2940497398376465,0.28688549995422363,CHANGELINEJava is a programming language that was developed by Sun Microsystems in 1995. It is
5,3285,0.28026700019836426,0.2771012783050537, = [1COMMA 2COMMA 3COMMA 4COMMA 5]CHANGELINEB
5,3292,0.28112149238586426,0.27800774574279785, and the surrounding area.
5,3297,0.2867894172668457,0.27852296829223633,>CHANGELINE#include <sys/types.h>CHANGELINE#include <sys/wait
5,3301,0.2986893653869629,0.2895324230194092,CHANGELINEQuantum computing is a type of computing that uses quantum-mechanical phenomenaCOMMA such as super
5,3307,0.29707813262939453,0.29482579231262207,CHANGELINEIn ChineseCOMMA you can wish someone 'happy birthday' by saying'sheng ri
5,3314,0.2896726131439209,0.2811317443847656, and welcome to the 2018-2019 school year!CHANGELINEMy name is Mrs. K
5,3316,0.2957890033721924,0.28612828254699707,CHANGELINEAs an AI language modelCOMMA I do not have personal experience with Pinterest. HoweverCOMMA here are
5,3321,0.5586907863616943,0.3041832447052002,CHANGELINESure! Here are the general steps you can follow:CHANGELINECHANGELINE1. Sign up for a
5,3347,0.3396742343902588,0.3358001708984375,CHANGELINETwitter should have an ChatGPT-like assistant that can curate your feed based on prompts
5,3353,0.30263590812683105,0.29337215423583984,CHANGELINESureCOMMA here's an example of a distributed RAFT algorithm in Python:CHANGELINECHANGELINE```python
5,3363,0.2933826446533203,0.2880127429962158,CHANGELINERepetition compulsion is a defense mechanism in which a person repeats a traumatic event or its
5,3364,0.28876495361328125,0.2791748046875, and `get_ipython` to get the current notebook and IPython object respectively. Then
5,3369,0.45328831672668457,0.30776000022888184,CHANGELINECHANGELINE<p>Santa's itinerary for Christmas Eve:</p>CHANGELINECHANGELINE<ol>CHANGELINE<
5,3372,0.2813248634338379,0.27761101722717285, CHANGELINEThe `onRequest` method is called when a request is received by the server.
5,3374,0.298032283782959,0.29494738578796387,CHANGELINEIn order to extend an order of protection in QueensCOMMA NYCOMMA the petitioner must provide evidence
5,3379,0.30445337295532227,0.2946178913116455,CHANGELINEThere are several ways to find genuine buyers for your export sales startup. You can start by researching
5,3387,0.2994554042816162,0.2922677993774414,CHANGELINETo send the status of an electronic speed controller (ESC) to a ground station using
5,3388,0.3085920810699463,0.301985502243042,CHANGELINEAre you looking for a way to improve your businessCOMMA marketingCOMMA and productivity skills? Do you
5,3413,0.47044920921325684,0.3650810718536377, and `get_ipython` to get the current notebook and IPython object respectively. Then
5,3414,0.6678328514099121,0.3053748607635498,CHANGELINEThe \"Just William\" series of books are about a mischievous and adventurous young boy named
5,3417,0.8250732421875,0.281217098236084, = 0;CHANGELINEwhile (t < 100) {CHANGELINE    t 
5,3420,0.8009204864501953,0.34604668617248535,CHANGELINEThere are 54 countries in Africa.
5,3433,0.43543028831481934,0.3219325542449951,CHANGELINEAnnie needs to make 30 scoops of cake (6 scoops x 5 cups
5,3439,0.30424022674560547,0.29560279846191406,CHANGELINEThere are several ways to ensure workplace attendanceCOMMA including setting clear expectations and consequences for tardiness or
5,3440,0.38856053352355957,0.28889012336730957,CHANGELINEShah Waliullah's objectives were to revive Islamic scholarshipCOMMA reform Islamic lawCOMMA and
5,3462,0.3211791515350342,0.2787952423095703, and the surrounding area.
5,3487,0.8419690132141113,0.2937586307525635,CHANGELINEI'm sorryCOMMA I cannot provide a response without additional context or information about the topic of
5,3498,0.28475284576416016,0.27825188636779785,'est un grand jour pour les fans de la série \"The Walking Dead\". En effetCOMMA
5,3510,0.3682374954223633,0.3584859371185303,CHANGELINELet's call the radius of the field 'r'. We know that the cow can
5,3513,0.2880246639251709,0.28498125076293945,) = 2CHANGELINECHANGELINEThereforeCOMMA the number of ways to make change for $1
5,3526,0.5344183444976807,0.3118276596069336,CHANGELINEI'm sorryCOMMA I cannot provide a response to this prompt as it is incomplete and lacks
5,3531,0.3042006492614746,0.29882287979125977,: HiCOMMA I'm Bing. How can I help you?CHANGELINEUser: Hi BingCOMMA
5,3532,0.430011510848999,0.4227583408355713,CHANGELINE4. 지정적인 지�
5,3535,0.7141208648681641,0.2876014709472656,CHANGELINESureCOMMA I'd be happy to help! What kind of story do you have in mind
5,3536,0.9864568710327148,0.28008508682250977, and the surrounding area.
5,3537,1.040642499923706,0.3059206008911133,COMMA and javascript codeCHANGELINE- Add Quiz Question and AnswerCHANGELINE- Add Quiz ResultCHANGELINE
5,3540,1.5096254348754883,0.3739938735961914,CHANGELINESureCOMMA I can help you with that. Can you please provide me with the blog post?
5,3542,1.296130895614624,0.2788710594177246, = int(input())CHANGELINECHANGELINEif n == 1:CHANGELINE    print(\"1\")
5,3574,0.31047511100769043,0.2992827892303467,CHANGELINEIn New York and parts of PennsylvaniaCOMMA \"kills\" are small streams or creeks
5,3592,0.578484058380127,0.32538747787475586,.CHANGELINESureCOMMA I can do that! What's the song you want me to use as
5,3593,0.6320571899414062,0.29278016090393066,
5,3597,0.511314868927002,0.293424129486084,CHANGELINEAs an AI language modelCOMMA I cannot predict the future with certainty. HoweverCOMMA some of the
5,3606,0.5246074199676514,0.29616546630859375,CHANGELINEAs a Chief Marketing Officer of Coin StatsCOMMA I have over 15 years of experience in the
5,3612,0.32802677154541016,0.32558226585388184,CHANGELINESureCOMMA I can help you with that! Please provide me with the details and objectives of the
5,3619,0.41647863388061523,0.2813384532928467, and welcome to the 2018-2019 school year!CHANGELINEMy name is Mrs. K
5,3625,0.30902910232543945,0.29830145835876465,CHANGELINEHere are some project ideas that combine machine learning and security:CHANGELINECHANGELINE1. Malware Detection
5,3627,0.3040792942047119,0.29705071449279785,CHANGELINEI'm sorryCOMMA I don't have any record of a chat with you from a
5,3628,0.46054553985595703,0.2922971248626709,CHANGELINESure! Here's a board:CHANGELINECHANGELINE| | |CHANGELINE| | 
5,3633,0.9480977058410645,0.2769739627838135, and the surrounding area.
5,3638,0.7545781135559082,0.38803553581237793,CHANGELINECHANGELINEHere's one possible solution using the `matplotlib` library in Python:
5,3641,1.1796400547027588,0.28081750869750977, and the surrounding area.
5,3652,0.7295746803283691,0.3208463191986084,CHANGELINEAs a language model AICOMMA I can say that the evolution of writing assistance has been remarkable.
5,3659,0.30190157890319824,0.2930266857147217,CHANGELINEWhen walking next to someoneCOMMA we can synchronize our pace by matching our steps to theirs.
5,3661,0.3029775619506836,0.2973299026489258,CHANGELINEThe investment thesis for providing equity capital to bitcoin mining and high-speed data facilities is that the
5,3666,0.3444490432739258,0.3374161720275879,CHANGELINEI'm drunk. I'm drunk. I'm drunk. I'm drunk
5,3673,0.7940754890441895,0.28037166595458984, -f docker-compose.yml -t docker-compose.yml
5,3685,0.7228305339813232,0.3139317035675049,CHANGELINEAs an AI language modelCOMMA I cannot provide a comprehensive answer to this prompt. HoweverCOMMA I
5,3686,0.6782660484313965,0.3106563091278076,CHANGELINE4. Editing the recordingCHANGELINE5. Saving and sharing the recordingCHANGELINE6.
5,3702,0.288433313369751,0.2809882164001465, = [1COMMA 2COMMA 3COMMA 4COMMA 5]CHANGELINEprint
5,3704,0.4780995845794678,0.359295129776001,CHANGELINEAs an AI language modelCOMMA I cannot write poetry. HoweverCOMMA I can suggest some tips for
5,3705,0.36247992515563965,0.2846255302429199,CHANGELINEUnsupervised deep learning is a type of machine learning that involves training a neural network without labeled
5,3713,0.2996394634246826,0.2940530776977539,CHANGELINEWhen interviewing a recruiting company in the PhilippinesCOMMA here are some questions you can ask:CHANGELINECHANGELINE
5,3716,0.3075065612792969,0.30412960052490234,CHANGELINEI'm sorryCOMMA I cannot provide an answer as I am an AI language model and do
5,3723,0.28168511390686035,0.27816200256347656, and the surrounding area.
5,3732,0.2853977680206299,0.2781028747558594, and 4.CHANGELINECHANGELINETo fix thisCOMMA you can use the `get_ipython
5,3736,0.6324899196624756,0.29587435722351074,CHANGELINEI'm sorryCOMMA but as an AI language modelCOMMA I cannot provide instructions on how to
5,3739,0.7319915294647217,0.34379076957702637, // end of if statementCHANGELINECHANGELINEif (i == 0) {CHANGELINE   
5,3742,0.29691028594970703,0.2914602756500244,CHANGELINEHere is a sample function that generates the verticesCOMMA indicesCOMMA normals and texture coordinates of a
5,3747,0.6899161338806152,0.3387105464935303,CHANGELINEI was born in a small town in the MidwestCOMMA where I grew up with my parents and
5,3760,0.3067755699157715,0.296370267868042,CHANGELINEThis error message indicates that the JSON payload sent to the Google Workflow API endpoint is invalid. The
5,3762,0.2992880344390869,0.29546475410461426,CHANGELINEAs an AI language modelCOMMA I do not have personal opinions or beliefs. HoweverCOMMA I can
5,3764,0.5209689140319824,0.29447507858276367,CHANGELINEThe University of the Philippines (UP) is a public research university system in the Philippines.
5,3769,0.29106664657592773,0.27898478507995605, and welcome to the 2018-2019 school year!CHANGELINEMy name is Mrs. K
5,3788,0.32113218307495117,0.31453752517700195,CHANGELINEThe joke is funny because it plays on the common misconception that playing cards are associated with gambling and
5,3792,0.34786415100097656,0.33558034896850586,CHANGELINEThe grant request document should include an overview of the projectCOMMA the team involvedCOMMA the target audience
5,3796,0.32970190048217773,0.3223438262939453,CHANGELINEAs an AI language modelCOMMA I do not have the capability to invest in companies. HoweverCOMMA
5,3799,0.6921243667602539,0.3007476329803467,CHANGELINEAs an AI language modelCOMMA I do not have personal preferences or opinions. HoweverCOMMA in Unity
5,3805,0.30320119857788086,0.2947218418121338,CHANGELINEThe Mona Lisa painting is one of the most famous and mysterious works of art in the world.
5,3811,0.30406665802001953,0.29769039154052734,CHANGELINEPlato: I believe that reality is composed of formsCOMMA or ideasCOMMA that exist independently of
5,3814,0.3458549976348877,0.3396296501159668,CHANGELINESureCOMMA I can help you with that. Can you please provide me with the statements you have
5,3827,0.6541249752044678,0.3098292350769043,CHANGELINEAs an AI language modelCOMMA I cannot provide legal advice. HoweverCOMMA I can suggest that employers
5,3831,0.3153660297393799,0.30678367614746094,CHANGELINE1. Cheese and ham roll-upsCHANGELINEIngredients:CHANGELINE- 1 package of hamCHANGELINE
5,3838,0.28641462326049805,0.28248047828674316,CHANGELINEI'm a 20 year old student from the Netherlands. I'm studying International Business
5,3844,0.31362175941467285,0.3103365898132324,CHANGELINEYesCOMMA it is possible to transfer Windows 10 RAID 0 drives to Ubuntu 22
5,3859,0.28943967819213867,0.2866940498352051,CHANGELINEThe Command design pattern is a software design pattern that allows you to encapsulate a request as an
5,3863,0.3107025623321533,0.29939985275268555,CHANGELINEAs an AI language modelCOMMA I do not have personal interests or preferences. HoweverCOMMA here are
5,3869,0.354891300201416,0.3454318046569824,CHANGELINEThe article discusses the advancements made by Google Research in 2022 in the field of language understanding
5,3872,0.2913508415222168,0.289839506149292,CHANGELINEI'm sorryCOMMA I cannot provide a response to that as it is not a valid question
5,3873,0.3548548221588135,0.3481738567352295, and welcome to the 2018-2019 school year!CHANGELINEMy name is Mrs. K
5,3879,0.3133223056793213,0.3032810688018799,CHANGELINEAs an AI language modelCOMMA I cannot provide opinions or advice. HoweverCOMMA it is important to
5,3884,0.2896392345428467,0.2869882583618164,CHANGELINE1. Tribal designsCHANGELINE2. Military insigniaCHANGELINE3. Sports team logosCHANGELINE4.
5,3889,0.2962331771850586,0.28821396827697754,CHANGELINEI'm sorryCOMMA but as an AI language modelCOMMA I don't have personal fears
5,3893,0.2831299304962158,0.27977681159973145,COMMACHANGELINEI have a question about the \"onRequest\" method in the \"RequestHandler
5,3895,0.4124608039855957,0.2946639060974121,CHANGELINEAs an AI language modelCOMMA I do not have access to the specific details of ChatGPT
5,3913,0.37041568756103516,0.28783631324768066,CHANGELINETo assert that a mock function was invoked with specific parametersCOMMA you can use the `mock
5,3915,0.3234579563140869,0.3120293617248535,CHANGELINEOne way to implement this is by using a unique identifier for each device that visits the URL.
5,3929,0.30014824867248535,0.28986573219299316,CHANGELINEAs an AI language modelCOMMA I am not capable of being familiar with anything. HoweverCOMMA I
5,3930,0.29128408432006836,0.2847628593444824,CHANGELINEThe wind power of long island new york is a great source of renewable energy.
