client_id,req_id,req_time,complete_time,output
8,2011,0.6262304782867432,0.1818861961364746,ppocampusCOMMA the dentate gyrusCOMMA and the subiculum. The hipp
8,2026,0.40407896041870117,0.2578730583190918,CHANGELINECHANGELINEComment: YesCOMMA I am aware of GitLab scoped labels. Scoped labels are
8,2042,0.4230008125305176,0.1838362216949463,CHANGELINECHANGELINEI'm looking to build a Venn diagram generator using Mechanic.designCOMMA but
8,2098,0.23322796821594238,0.22412323951721191,CHANGELINECHANGELINESure! Here are ten questions for you and the other panelists:CHANGELINECHANGELINE1
8,2113,0.31775569915771484,0.1738440990447998,CHANGELINEWhat frustrates job seekers?CHANGELINE1. Lack of communication: Many job seek
8,2120,0.1946883201599121,0.1921558380126953,so that i can understand easily.CHANGELINECHANGELINE1. What is Artificial Intelligence?CHANGELINE
8,2140,0.16693687438964844,0.16376519203186035,COMMA I'm looking for a way to get my 10 year old son to do his
8,2144,0.28754591941833496,0.1813952922821045,. Can you please suggest me some of the must visit historical places in Colombo?CHANGELINECHANGELINE
8,2147,0.16570115089416504,0.1611332893371582,COMMA I'm looking for a way to get my 10 year old son to do his
8,2150,0.2105724811553955,0.1699657440185547,CHANGELINEQuantum computing is a new way of doing computer calculations that is different from the way regular computers
8,2163,0.17884492874145508,0.16659784317016602,thereCOMMA fellow book lovers! TodayCOMMA I’m thrilled to be sharing my review of
8,2183,0.4576408863067627,0.2023327350616455,ly to all employees.CHANGELINECHANGELINESubject: One-Dish Party at Office! ��
8,2194,0.1745281219482422,0.16309070587158203,COMMA I'm looking for a way to get my 10 year old son to do his
8,2202,0.38190388679504395,0.19226384162902832,CHANGELINECHANGELINEOnce upon a timeCOMMA in a far-off kingdomCOMMA there lived a beautiful princess
8,2213,0.25014734268188477,0.2421283721923828,CHANGELINECHANGELINEI understand that you have a dataset with three columns: 'id'COMMA 'text'COMMA and
8,2222,0.2366030216217041,0.22516798973083496,CHANGELINECHANGELINEThe Meta Quest 2 is a VR (Virtual Reality) gaming head
8,2226,0.3460352420806885,0.17930102348327637,?CHANGELINECHANGELINECertainly! Here are some baby names for a boy that are similar to Cas
8,2235,0.33377933502197266,0.3213648796081543,?CHANGELINECHANGELINEOhCOMMA I see! You want to know about the purpose of ReactCOMMA right?
8,2237,0.22270441055297852,0.21641016006469727,CHANGELINECHANGELINE[Your Name]CHANGELINE[Your Address]CHANGELINE[CityCOMMA State ZIP Code]
8,2240,0.3577728271484375,0.185302734375,What do you think is unique or special about you?CHANGELINECHANGELINEI'm just an AI
8,2241,0.19552159309387207,0.18965625762939453,in my assignment.CHANGELINECHANGELINEHere is the reference in APA 7 format:CHANGELINECHANGELINEC
8,2253,0.21370935440063477,0.20222854614257812,CHANGELINE1. The Great Barrier Reef is the largest living structure on the planet.CHANGELINE2
8,2257,0.1828320026397705,0.17953205108642578,CHANGELINECHANGELINECourse Title: Service UX DesignCHANGELINECHANGELINECourse Description: This course will cover
8,2279,0.19762778282165527,0.19533562660217285,CHANGELINEThe article discusses how UPS drivers are able to save gas by avoiding left turnsCOMMA
8,2296,0.9865236282348633,0.23295974731445312,.CHANGELINECHANGELINEHere are 20 widely varying suggestions for an acronym/mnemonic
8,2299,1.1455457210540771,0.1601734161376953,COMMA I'm looking for a way to get my 10 year old son to do his
8,2308,0.2936723232269287,0.18150997161865234,CHANGELINECHANGELINEPlease provide the full code for implementing Google Login with AWS Cognito User Pools.
8,2328,0.2850213050842285,0.18301820755004883,.CHANGELINECHANGELINEInitial Breath for SAAS and MicroSAAS ApplicationsCHANGELINECHANGELINEWelcome to
8,2342,0.9160747528076172,0.2062673568725586,CHANGELINECHANGELINEHere's an example of a vision statement for a company:CHANGELINECHANGELINE\"Our
8,2347,0.3855412006378174,0.2114427089691162,CHANGELINECHANGELINEProduct Requirement Document (PRD)CHANGELINECHANGELINETitle: Enhancement of L
8,2353,0.17943620681762695,0.17714190483093262,CHANGELINECHANGELINEThe \"Roko's Basilisk\" is a thought experiment that was first proposed
8,2360,0.22920012474060059,0.18091917037963867,.CHANGELINECHANGELINEFirstCOMMA I'd like to propose that we set the school in a remote location
8,2371,0.5872857570648193,0.23760318756103516,.CHANGELINECHANGELINESureCOMMA here is a humorous two-paragraph ending to a blog post about
8,2388,0.2615218162536621,0.18305206298828125,CHANGELINECHANGELINEI would like to know if this is a good approach to attract potential customersCOMMA and if
8,2393,0.17524480819702148,0.16607046127319336,CHANGELINEDogsCOMMA also known as Canis lupus familiarisCOMMA are domesticated mamm
8,2397,0.26247453689575195,0.18567132949829102,CHANGELINEI'm on the micCOMMA spittin' fire like a flameCHANGELINEGot
8,2409,0.1754603385925293,0.16474127769470215,ippy.CHANGELINECHANGELINEComment: I'm not sure I understand what you are saying. Could
8,2415,1.1247482299804688,0.20679450035095215,CHANGELINECHANGELINEHere is a sample press release:CHANGELINECHANGELINE---CHANGELINECHANGELINEFOR IMMEDIATE RE
8,2421,0.19103264808654785,0.18599319458007812,.CHANGELINETitle: The Cimarron CursedCHANGELINECHANGELINEIn the remote town of Cimar
8,2430,0.1894228458404541,0.17876648902893066,CHANGELINECHANGELINEComment: SureCOMMA here is an example of a waving Albanian flag in CSS and
8,2433,0.1715681552886963,0.1641526222229004,amingCOMMA Gaming NewsCOMMA Gaming PreviewsCOMMA New ReleasesCOMMA PC GamingCOMMA Play
8,2442,0.786651611328125,0.17328667640686035,CHANGELINECHANGELINESure! Here is a basic currency conversion class in PHP that you can use as a
8,2447,0.3101363182067871,0.16231060028076172,'tCHANGELINECHANGELINEComment: I apologize for the confusion. It looks like there was a typo
8,2448,0.34223413467407227,0.17424678802490234,.CHANGELINECHANGELINEThere are several types of algorithms for lossy data compressionCOMMA including:CHANGELINECHANGELINE1
8,2452,0.21137595176696777,0.20125770568847656,CHANGELINEOnce upon a timeCOMMA in a land of endless standardized tests and numbered-based
8,2454,0.41107988357543945,0.15972304344177246,.am.chad.fish on March 10COMMA 2016CHANGELINEI
8,2479,0.24513459205627441,0.18216371536254883,CHANGELINE============================================================CHANGELINECHANGELINEI'm looking for a Flutter widget that allows me
8,2490,0.24961590766906738,0.24101877212524414,CHANGELINECHANGELINEIn this situationCOMMA I would recommend choosing Treatment ACOMMA which saves 20
8,2503,0.17281889915466309,0.16367745399475098,a a a a a a a a a a a a a a a a a a a a
8,2508,0.1728198528289795,0.1678767204284668,CHANGELINECHANGELINEI am a beginner and I want to learn the basics of the python programming language.
8,2510,0.22771239280700684,0.21866297721862793,.CHANGELINECHANGELINESureCOMMA here's a sample payload schema for ProductionEquipmentSchema that
8,2520,0.19573569297790527,0.18792462348937988,and I think that's a sign of a great sense of humor.CHANGELINEI'm not
8,2533,0.20858502388000488,0.20346736907958984,CHANGELINEKeywords for mutuality in a contractCHANGELINEMutuality is a fundamental concept in
8,2569,0.2012801170349121,0.19761371612548828,CHANGELINEI'm a 20-year-old woman and my boyfriend is a 
8,2571,0.23459529876708984,0.22938847541809082,CHANGELINECHANGELINEWhat is the main topic of the message?CHANGELINECHANGELINEA) The team will discuss the
8,2579,0.19597077369689941,0.190277099609375,CHANGELINECHANGELINEWhen the clock on a system is unsynchronizedCOMMA it can cause issues with the system
8,2586,0.17178797721862793,0.16335844993591309,.g. \"The company's new policy is to promote from within whenever possible.\"CHANGELINECHANGELINE
8,2608,0.23047995567321777,0.19127130508422852,CHANGELINEThere are plenty of fun and safe places to spend time with your baby in AdelaideCOMMA
8,2621,0.19496941566467285,0.18306350708007812,CHANGELINECHANGELINEBoth .bashrc and .bash_profile are configuration files used by the Bash
