client_id,req_id,req_time,complete_time,output
4,379,0.4220302104949951,0.4164009094238281,CHANGELINEYesCOMMA it is possible to add a gradient shifting animation effect on click using Svelte.
4,384,0.275160551071167,0.2716820240020752,CHANGELINEThe human research protection factory is a bustling hub of activityCOMMA with researchers and scientists working tirelessly to
4,385,0.27025508880615234,0.2682828903198242,CHANGELINEOne idea for a school project in engineering could be to create a simple appliance made mostly of wood
4,386,0.2649378776550293,0.2610299587249756,CHANGELINETo raise a PR on GitHubCOMMA follow these steps:CHANGELINECHANGELINE1. Fork the repository you
4,387,0.26279282569885254,0.2599799633026123,CHANGELINEStarting a side hustle can be a great way to earn extra incomeCOMMA gain new skillsCOMMA and
4,388,0.27172231674194336,0.26906800270080566,CHANGELINEAs an AI language modelCOMMA I cannot provide a specific code for your project. HoweverCOMMA here
4,393,0.29715442657470703,0.290546178817749,CHANGELINEIrie was a little girl who loved to play outside and explore the world. She had a
4,394,0.27132272720336914,0.2639293670654297,CHANGELINEHere are some topics you can consider for your travel essay:CHANGELINE- The benefits of travelingCHANGELINE
4,396,0.2694675922393799,0.2639467716217041,CHANGELINEAs an AI language modelCOMMA I don't have personal experience or preferences. HoweverCOMMA here
4,397,0.2625734806060791,0.260695219039917, and the surrounding area.
4,410,0.292680025100708,0.28235745429992676,CHANGELINECHANGELINEHere's a Python script that accomplishes the task:CHANGELINECHANGELINE```pythonCHANGELINEimport csv
4,414,0.26244401931762695,0.26064300537109375, = [1COMMA 2COMMA 3COMMA 4COMMA 5]CHANGELINEB
4,415,0.2696411609649658,0.25991320610046387,CHANGELINESome of the funniest Unicode characters include 😂COMMA 😆COMMA 😅COMMA 😂
4,416,0.2704317569732666,0.26233530044555664,CHANGELINEKarl Marx: HelloCOMMA I am Karl MarxCOMMA a German philosopherCOMMA economistCOMMA historianCOMMA soci
4,419,0.27929139137268066,0.2682373523712158,CHANGELINEThe Five Dysfunctions of a Team is a leadership fable written by Patrick Lencioni.
4,420,0.29245853424072266,0.28597426414489746, for each state.CHANGELINEHere is an example case statement that assigns time zone abbreviations based on state
4,422,0.2703216075897217,0.25940990447998047, = [1COMMA 2COMMA 3COMMA 4COMMA 5]CHANGELINEprint
4,423,0.502302885055542,0.26266932487487793,CHANGELINEThe nine compartments in the ceiling of the Banqueting House at Whitehall Palace in England were
4,424,0.26222705841064453,0.2579922676086426, and welcome to the 2018-2019 school year!CHANGELINEMy name is Mrs. K
4,430,0.2877788543701172,0.28113269805908203,CHANGELINEHumanists' understanding of technology is limited at best. The state of digital humanities is always several
4,431,0.4250462055206299,0.2638585567474365,CHANGELINEThe best way to choose a variable name in Python is to use descriptive and meaningful names that accurately
4,432,0.2928199768066406,0.2839217185974121,CHANGELINEAs an AI language modelCOMMA I can suggest the following 20 types of content that could be
4,442,0.26947474479675293,0.26544976234436035,CHANGELINEAs an AI language modelCOMMA I am not capable of promoting or endorsing any specific project or
4,444,0.269970178604126,0.2611238956451416,CHANGELINEHere's a basic implementation of a game of Among Us in JavaScript:CHANGELINECHANGELINE```CHANGELINE//
4,447,0.276674747467041,0.2651827335357666,CHANGELINETo prepare for the PMP certification exam in the USACOMMA you should follow a structured preparation schedule
4,448,0.2680230140686035,0.25882887840270996, = int(input())CHANGELINECHANGELINEif n == 1:CHANGELINE    print(\"1\")
4,458,0.9563872814178467,0.27903008460998535,CHANGELINEI'm sorryCOMMA I am an AI language model and I do not have the capability to
4,463,0.2780587673187256,0.27098989486694336, CHANGELINE CHANGELINE CHANGELINE CHANGELINE CHANGELINE CHANGELINE CHANGELINE CHANGELINE CHANGELINE CHANGELINE
4,464,0.2651832103729248,0.2593836784362793,CHANGELINEI'm sorryCOMMA I don't understand what you are asking. Could you please provide
4,468,0.27743053436279297,0.2737553119659424,CHANGELINEAs an AI language modelCOMMA I can provide you with some information about the analysis and design of
4,469,0.5361084938049316,0.2576146125793457, = int(input())CHANGELINECHANGELINEif n == 1:CHANGELINE    print(\"1\")
4,470,0.275496244430542,0.263596773147583,CHANGELINEAs an AI language modelCOMMA I can calculate pi to any number of digits. HoweverCOMMA the
4,473,0.2697267532348633,0.26746678352355957,CHANGELINE1. For the fashion-forward audience: SEMILAC UV Gel Polish is the perfect choice
4,474,0.27131056785583496,0.26389575004577637, handledCHANGELINEOne possible solution is to use a modified version of the Kadane algorithm. We can use
4,475,0.27008867263793945,0.26406049728393555,CHANGELINEThere are several types of bullet styles available for ordered and unordered lists in HTML. Here are
4,480,0.26682114601135254,0.2616391181945801,CHANGELINE1. The Zorb: A roundCOMMA green fruit with a tough exterior and a softCOMMA
4,481,0.26305294036865234,0.26042771339416504,CHANGELINEAs an AI language modelCOMMA I have a vast knowledge of these companies and their products. I
4,485,0.27222442626953125,0.26829051971435547,CHANGELINEHTML5 is the latest version of HTMLCOMMA the language used to create web pages. It includes
4,486,0.2774538993835449,0.2722156047821045,CHANGELINEAs an AI language modelCOMMA I cannot provide a definitive answer to this question as it requires a
4,487,0.42327070236206055,0.26915574073791504,CHANGELINETo provide a stable tracking control law for a multi-DOF robot manipulatorCOMMA we can
4,501,0.2811424732208252,0.26937103271484375, and the surrounding area.
4,502,0.2606966495513916,0.2576925754547119, and `get_ipython` to get the current notebook and IPython object respectively. Then
4,504,0.2672131061553955,0.26166486740112305,CHANGELINEFederal loan forgiveness refers to programs offered by the federal government that allow borrowers to have their student loans
4,507,0.27552032470703125,0.272754430770874,CHANGELINEThe Apple Monocle is a new product designed by Apple in collaboration with the U.S
4,510,0.27323269844055176,0.2628943920135498,CHANGELINEAs an AI language modelCOMMA I cannot provide an example of side effect in React as it goes
4,512,0.27787280082702637,0.27002573013305664,CHANGELINESureCOMMA here are some guidelines and a potential syllabus to learn AWS Serverless:CHANGELINECHANGELINE1
4,515,0.5783145427703857,0.26395606994628906,CHANGELINESocial media has become an integral part of our daily livesCOMMA and it has revolutionized the way
4,518,0.2626063823699951,0.26038336753845215,\"我们信仰\"的原则COMMA而不是\"我们相信\"的原则。CHANGELINE
4,521,0.3430948257446289,0.3359792232513428,COMMACHANGELINEI'm sorryCOMMA I am an AI language model and I do not have access to
4,528,0.3676111698150635,0.2644810676574707,CHANGELINEI'm sorryCOMMA I am an AI language model and I do not have the capability to
4,529,0.5954306125640869,0.34012722969055176,
4,530,0.27224111557006836,0.2639937400817871,CHANGELINEHere's a script for a 60 second video on how to connect Sanity.io
4,531,0.2716841697692871,0.2619454860687256,CHANGELINEYesCOMMA it is possible to observe big cosmic events through the course of one's lifetime.
4,533,0.27062177658081055,0.2643911838531494,CHANGELINETo model system errorCOMMA you can use a combination of error handling and validation errors. For example
4,535,0.2656552791595459,0.25786375999450684,COMMACHANGELINEI have a question about the \"onRequest\" method in the \"RequestHandler
4,539,0.2801826000213623,0.27149415016174316,CHANGELINE1. The collaboration between physicists and engineers has led to the development of new technologies that have
4,541,0.27093076705932617,0.2613716125488281,'Oreal Paris Infallible 24H-Matte FoundationCHANGELINEBY L'ORÉ
4,543,0.26815104484558105,0.2600438594818115,CHANGELINEI'm sorryCOMMA I am an AI language model and I do not have access to real
4,545,0.2720656394958496,0.2658977508544922,CHANGELINEI'm sorryCOMMA but as an AI language modelCOMMA I am not capable of creating an
4,549,0.26249003410339355,0.2593092918395996, and welcome to the 2018-2019 school year!CHANGELINEMy name is Mrs. K
4,554,0.2717902660369873,0.263974666595459,CHANGELINEHappy birthday! I hope you have a wonderful day filled with love and happiness.CHANGELINEHappy birthday
4,555,0.27486133575439453,0.2682774066925049,CHANGELINEI'm sorryCOMMA I am an AI language model and I do not have the capability to
4,556,0.47475385665893555,0.26134824752807617,CHANGELINEBuyers in the seafood supply chain are responsible for sourcing and purchasing seafood products from suppliers. They
4,563,0.8861894607543945,0.25876879692077637,>CHANGELINE#include <sys/types.h>CHANGELINE#include <sys/wait
4,564,0.8481934070587158,0.26834893226623535,CHANGELINEChester Bennington often wrote about his personal struggles with mental health and addictionCOMMA and the lyrics
4,566,0.2636997699737549,0.2601008415222168,CHANGELINEYesCOMMA Megillat Esther is a biblical book that tells the story of the Jewish heroine Esther
4,570,0.2778046131134033,0.26955437660217285,.CHANGELINE1. Lack of knowledge: Small businesses may not have the knowledge or expertise to effectively implement
4,571,0.4729173183441162,0.25875163078308105,CHANGELINEI'm sorryCOMMA but as an AI language modelCOMMA I cannot provide jokes or humor that
4,585,0.2801036834716797,0.2755577564239502,CHANGELINE1. What is the Internet of Things (IoT)?CHANGELINEThe Internet of Things (
4,587,0.6175642013549805,0.25997018814086914,CHANGELINETo send a WhatsApp text using PythonCOMMA you can use the Twilio API. Here is an
4,590,1.2513360977172852,0.25751805305480957, and welcome to the 2018-2019 school year!CHANGELINEMy name is Mrs. K
4,593,0.5828652381896973,0.26372671127319336,CHANGELINEHere's an example function that fetches a value with an expiration time of 5 seconds
