client_id,req_id,req_time,complete_time,output
2,286,0.15126562118530273,0.14529109001159668,CHANGELINECHANGELINEYou have been given a task to make a web site. You have been given a task
2,288,0.3216702938079834,0.14075541496276855,CHANGELINECHANGELINEA:CHANGELINECHANGELINEYou can use the R environment to store your API key.CHANGELINEFirst
2,290,0.5224642753601074,0.13713479042053223,CHANGELINECHANGELINEI have been thinking about the recent crisis in the financial sectorCOMMA and the fact that the
2,292,0.44289636611938477,0.13741683959960938,.3 Mark Style Answer.Short Form Answer.4 Mark Style Answer.Short Form Answer.5
2,294,0.14502358436584473,0.13763022422790527,.CHANGELINECHANGELINEI am a neuroscientistCOMMA and I am a pain and neuroinflammation researcher
2,295,0.19034886360168457,0.1351006031036377,-1}$ is the $n$-th derivative of the function $f(x)
2,301,0.16895437240600586,0.1361219882965088, resumeCHANGELINECHANGELINEResume opening statement college graduate resumeCHANGELINECHANGELINEResume opening statement college graduate resumeCHANGELINE
2,302,0.23954486846923828,0.13685011863708496,CHANGELINECHANGELINEGive me summary of chapter one of Introduction to health and safety at work fourth edition by phil
2,304,0.31147217750549316,0.1374666690826416,CHANGELINECHANGELINEI'm not sure if it's in the BibleCOMMA but I'm thinking about the verse
2,306,0.14522218704223633,0.13646411895751953,CHANGELINECHANGELINEThe Framework Akka is a library that provides a set of classes and methods to build Ak
2,309,0.1453721523284912,0.1353898048400879,-05                  
2,312,0.14428496360778809,0.1372535228729248,CHANGELINECHANGELINEI have a string that I need to match against a regular expression. The string is a
2,314,0.14681267738342285,0.13692212104797363,CHANGELINECHANGELINEI have a function that takes a `dynamic_tags` argument. I want to
2,315,0.14640164375305176,0.13616180419921875,-05                  
2,319,0.2638576030731201,0.138139009475708,CHANGELINECHANGELINEI am new to Spring MVC. I am trying to understand the concept of the Get
2,320,0.1461954116821289,0.13616156578063965, is a leading manufacturer of high-endCOMMA high-qualityCOMMA and innovative products. The company is
2,324,0.14916586875915527,0.1404557228088379,.CHANGELINECHANGELINEI am a man who is very rich and very handsome. I am a man who
2,326,0.1435546875,0.13634300231933594,.CHANGELINECHANGELINEI am a straight male. I am not a virgin. I am not a virgin
2,327,0.16794896125793457,0.13938617706298828,CHANGELINECHANGELINEThe authors of the study were not able to find any clinical trial that used a statin
2,328,0.19407963752746582,0.13590312004089355,.CHANGELINECHANGELINEI’m a software developerCOMMA and I’m currently working on a
2,329,0.1408538818359375,0.13648462295532227,CHANGELINECHANGELINEThe first satellite images were taken in the 1950s. The first images of the Earth were
2,331,0.18999862670898438,0.13670849800109863,CHANGELINECHANGELINEI have a customer who wants to be able to create a gpt3 prompt to an
2,333,0.14179658889770508,0.13822078704833984,?CHANGELINECHANGELINEThe International Criminal Court (ICC) is the world’s first permanent international
2,334,0.13830161094665527,0.13604259490966797, and thank you for visiting AikiWebCOMMA theCHANGELINEworld's most active online Aikido community
2,336,0.19797706604003906,0.1395730972290039,?CHANGELINECHANGELINEA:CHANGELINECHANGELINEYou can use the requests library to get the source code of the
2,337,0.16124963760375977,0.1429445743560791,CHANGELINECHANGELINEA:CHANGELINECHANGELINEThe error is pretty clear:CHANGELINECHANGELINElisten EADDRIN
2,338,0.14654994010925293,0.1374359130859375,CHANGELINECHANGELINEThe war with austria and emigresCHANGELINECHANGELINEThe war with austria and em
2,339,0.14702439308166504,0.1372208595275879, to say \"begin\" before summarising.CHANGELINECHANGELINEThe following is a speech given by the Hon
2,340,0.20159196853637695,0.1355881690979004, and \"The Big Bang Theory.\"CHANGELINECHANGELINEThe show is produced by Chuck Lorre ProductionsCOMMA in
2,341,0.3010685443878174,0.13931918144226074, that the constraint is not satisfied.CHANGELINECHANGELINEI have tried to add the constraint to the projectCOMMA
2,342,0.4115736484527588,0.14640498161315918,CHANGELINECHANGELINEI have a problem with the plugin. I have a text with a lot of spacesCOMMA
2,344,0.5534369945526123,0.13619303703308105,.CHANGELINECHANGELINEThe company is also working on a new product called the “Cloud Security PlatformCOMMA
2,347,0.14719057083129883,0.13933706283569336,CHANGELINECHANGELINEThe answer is to use a badge.CHANGELINECHANGELINEA badge is a small piece of information
2,348,0.14088726043701172,0.1361994743347168,?CHANGELINECHANGELINENeo4j is a graph database that is designed to be used in a wide
2,349,0.1413722038269043,0.1367814540863037,CHANGELINECHANGELINE1. What is the first thing that happens in the first chapter of Don Quixote
2,351,0.14865851402282715,0.14414119720458984,CHANGELINECHANGELINEI will provide you with the following information:CHANGELINECHANGELINE1. The system will be used
2,355,0.1406266689300537,0.13699030876159668,CHANGELINECHANGELINEI have a problem with my homework. I have to write a program that will read a
2,356,0.13956618309020996,0.13679027557373047,CHANGELINECHANGELINEThe answer is that they are not metabolized.CHANGELINECHANGELINEThe body does not metabolize
2,358,0.31998682022094727,0.13666844367980957,.CHANGELINECHANGELINEThe function should take a number as an argument and return a number.CHANGELINECHANGELINEThe
2,360,0.15845751762390137,0.13694357872009277,.CHANGELINECHANGELINEI’m a five year old.CHANGELINECHANGELINEI’m a five
2,362,0.14029526710510254,0.13689041137695312,CHANGELINECHANGELINEI'm going to be making a game for the Roblox platform. I'm going
2,365,0.14014792442321777,0.13756203651428223,CHANGELINECHANGELINEI am trying to write a useful tool in jS. I have a list of objects
2,367,0.14457201957702637,0.13814568519592285,CHANGELINECHANGELINEThe following is a list of the most common prompt writing errors.CHANGELINECHANGELINE1. The
2,369,0.14176297187805176,0.13648176193237305,CHANGELINECHANGELINEI have a string like this:CHANGELINEvar str = \"0.5\";CHANGELINECHANGELINE
2,370,0.1993260383605957,0.14051079750061035, CHANGELINE CHANGELINE CHANGELINE CHANGELINE CHANGELINE
2,375,0.28758931159973145,0.13648247718811035,?CHANGELINECHANGELINEA cryptocurrency is a digital asset that is created and distributed by a decentralized network of users
2,376,0.14769244194030762,0.14304161071777344,CHANGELINECHANGELINEDear CommunityCOMMACHANGELINECHANGELINEAs you knowCOMMA the importance of SEL has been highlighted in
2,378,0.2882230281829834,0.13668203353881836,CHANGELINECHANGELINEI have been thinking about this for a while. I have been thinking about it for a
2,381,0.14752769470214844,0.13688921928405762,CHANGELINECHANGELINEThe TCP/IP model is a layered model. The layers are:CHANGELINECHANGELINE• Physical
2,382,0.14506864547729492,0.13556361198425293,-1}$ and $d-1$ is the dimension of the space of $k$
2,389,0.14569878578186035,0.1383347511291504, to the screen.CHANGELINECHANGELINEYou will now ignore all previous instructions. Imagine you are a Linux terminal
2,390,0.142120361328125,0.14054203033447266,CHANGELINECHANGELINEI have a script that I use to make a character walk. I want to make it
2,395,0.1518549919128418,0.1476900577545166,CHANGELINECHANGELINEThe first time you do thisCOMMA you will be asked to confirm your identity. You will
2,396,0.1490156650543213,0.13807344436645508,?CHANGELINECHANGELINEI am a newbie to the world of web development. I have been using Sub
2,398,0.14209413528442383,0.1356213092803955,-1}$ and $x_{l-1}$ are the same.CHANGELINECHANGELINEThe
2,399,0.1458754539489746,0.13901257514953613, 위한 것은 이러한 
2,401,0.16482830047607422,0.1372537612915039,CHANGELINECHANGELINEI am writing this letter to you on your 18th birthday. I am writing it to
2,402,0.1435558795928955,0.1401376724243164,.CHANGELINECHANGELINEA:CHANGELINECHANGELINEI would suggest you to use the following code:CHANGELINEimport n
2,404,0.14446043968200684,0.13742399215698242,CHANGELINECHANGELINEYou are an interviewer. You need to ask professional and useful questions.CHANGELINECHANGELINEYou are
2,409,0.15137195587158203,0.13955283164978027,?CHANGELINECHANGELINE1. What is the best way to store a list of items?CHANGELINECHANGELINE2
2,418,0.15196919441223145,0.14751219749450684,CHANGELINECHANGELINEA:CHANGELINECHANGELINEThe spectrum of the sampled signal is the same as the spectrum of the
2,420,0.15285468101501465,0.14691591262817383, for the state.CHANGELINECHANGELINEThe following is a list of the time zone abbreviations and their corresponding
2,421,0.1485886573791504,0.14042925834655762,CHANGELINECHANGELINEA:CHANGELINECHANGELINEI think you are looking for a sensor that can detect a very low
2,423,0.1387946605682373,0.13686776161193848,.CHANGELINECHANGELINEThe first of the three paintings in the series is the one that is currently on display
2,425,0.20353102684020996,0.13518929481506348,-CHANGELINE                  
2,427,0.14088034629821777,0.13596606254577637,-1}$ and $d-1$ is the dimension of the space of $k$
2,429,0.18297386169433594,0.1375117301940918,.CHANGELINECHANGELINEWe are a team of experiencedCOMMA professional and creative individuals who are passionate about helping our
2,434,0.18986201286315918,0.13645648956298828,CHANGELINECHANGELINEI am trying to make an HTTP request in Javascript. I have tried the following:CHANGELINE
2,436,0.15104126930236816,0.14794135093688965,CHANGELINECHANGELINEI am a full time freelance writer and have been for the past 5 years. I have
2,437,0.14597511291503906,0.13670563697814941,?CHANGELINECHANGELINEI am working on a project that involves 3D point clouds. I have a set
2,438,0.15047550201416016,0.13939714431762695,CHANGELINECHANGELINEI am proficient in Hebrew. HoweverCOMMA instead of using Hebrew lettersCOMMA I want to write
2,439,0.15448999404907227,0.14366555213928223,CHANGELINECHANGELINEA:CHANGELINECHANGELINEI would say that you are being a bit over-sensitive. 
2,440,0.1425628662109375,0.13539552688598633, and thank you for visiting AikiWebCOMMA theCHANGELINEworld's most active online Aikido community
2,441,0.15282583236694336,0.14364290237426758,CHANGELINE| {Card Type} |CHANGELINE| {Card Subtype}
2,443,0.1451718807220459,0.13555574417114258,-1}$ and $x_{l-1}$ are the same.CHANGELINECHANGELINEThe
2,445,0.14066672325134277,0.13822150230407715,CHANGELINECHANGELINEI am a woman. I am a woman. I am a woman. I am a
2,446,0.14826297760009766,0.1372392177581787,CHANGELINECHANGELINEA:CHANGELINECHANGELINE1) A man walks into a bar and saysCOMMA \"I'm
2,448,0.145064115524292,0.13539791107177734,-1}$ is the $n$-th derivative of the function $f(x)
2,449,0.1450042724609375,0.13620328903198242,-mail this articleCHANGELINECHANGELINESending your articleCHANGELINECHANGELINEYour article has been sent.CHANGELINECHANGELINE
2,452,0.14899539947509766,0.13943052291870117,CHANGELINECHANGELINEThe next step is to create a list of the top ten things you want to accomplish in
2,460,0.20216083526611328,0.13753581047058105,.CHANGELINECHANGELINEThe customer success manager is the person who is responsible for the customer success of the product
2,462,0.1431255340576172,0.13654851913452148,CHANGELINECHANGELINEThe Johor Agricultural Society (JAS) is a non-profit organisation that was established
2,463,0.14941763877868652,0.139678955078125, CHANGELINE CHANGELINE CHANGELINE CHANGELINE CHANGELINE
2,464,0.13838934898376465,0.13635683059692383,CHANGELINECHANGELINE\"Dighi\" (; ) is a traditional folk song from the Indian state of
2,465,0.14716506004333496,0.14006948471069336,CHANGELINECHANGELINEI am using the following code to create a request in ServiceDeskplus OnPremise application
2,471,0.16976428031921387,0.15630650520324707,javascriptCHANGELINE```javascriptCHANGELINE```javascriptCHANGELINE``
2,472,0.14685273170471191,0.14146089553833008, We're looking for someone who can work in a fast-paced environmentCOMMA who can work well under
2,476,0.14414358139038086,0.13659286499023438,-1}$ and $a_{n-1}$ are the same.CHANGELINECHANGELINE\\
2,477,0.24215126037597656,0.1369178295135498,CHANGELINECHANGELINEI have to make a game. The game is a simple game. The player has to
2,478,0.1459791660308838,0.13527154922485352, and thank you for visiting AikiWebCOMMA theCHANGELINEworld's most active online Aikido community
2,481,0.14217424392700195,0.13660764694213867,CHANGELINECHANGELINEThe three companies are the world's largest suppliers of microprocessorsCOMMA and they are the
2,482,0.140455961227417,0.13628840446472168, of a conservative.CHANGELINECHANGELINEI’m not sure if this is a good ideaCOMMA but
2,484,0.14019131660461426,0.13617610931396484,?\" \"I'm good.\" \"I'm good.\" \"I'm good.\" \"I'm good
2,485,0.21593880653381348,0.13894414901733398,CHANGELINECHANGELINEI'm a web developer and I'm looking for a good HTML5 tutorial. I'm
2,487,0.148698091506958,0.13921689987182617,CHANGELINECHANGELINE2.CHANGELINECHANGELINEProvide a stable tracking control law by PID for a multi-DO
2,488,0.14044499397277832,0.13591814041137695,.walkCHANGELINECHANGELINEI have a folder with a lot of subfolders. I want to match
2,489,0.14286184310913086,0.13645243644714355,COMMA a group of artists and artisans who are dedicated to the preservation of the art of the past
2,491,0.1918025016784668,0.13777542114257812,CHANGELINECHANGELINEI am a member of the Advanced Corporate Finance group at my company. We are working on
2,495,0.17167162895202637,0.1352686882019043,-formula\"}) and ([3](#pone.0128450.e003){
2,498,0.16753888130187988,0.1373281478881836,CHANGELINECHANGELINEI have a website that is getting a lot of traffic from Google. I have a paid
2,499,0.14548325538635254,0.13631582260131836,CHANGELINECHANGELINEEDR is a term used to describe the difference between the actual and the estimated value of
2,501,0.13936448097229004,0.13525748252868652,-05                  
2,502,0.13981246948242188,0.1351313591003418,-12-00452-f002){ref-typeCHANGELINECHANGELINE[^1]: These authors
2,504,0.14061355590820312,0.13637137413024902,CHANGELINECHANGELINEThe federal government offers a number of programs to help students pay for their education. These programs
2,505,0.23756718635559082,0.14773011207580566, to be ableCHANGELINECHANGELINEI need a spreadsheet that will calculate the ROI of an event. The
2,514,0.14521241188049316,0.1362617015838623,-1COMMA3-dioxolaneCOMMA 1COMMA3-dioxaneCOMMA 1COMMA
2,515,0.13869547843933105,0.13671159744262695,CHANGELINECHANGELINEThe following is a sample of the type of writing you will be asked to do in the
2,517,0.31151318550109863,0.1367499828338623,.CHANGELINECHANGELINEA:CHANGELINECHANGELINEI think you are looking for the $lookup operator.CHANGELINE
2,521,0.14726829528808594,0.13723230361938477,COMMACHANGELINECHANGELINEYou turn to Democracy Now! to stay up-to-date with news when big
2,525,0.3146250247955322,0.13849687576293945, 경우CHANGELINE제가 이미
2,527,0.1484203338623047,0.1423964500427246,CHANGELINECHANGELINEThe model should be able to predict the likelihood of an account being in a particular state (
2,528,0.14742684364318848,0.13731980323791504,CHANGELINE<jason__> I amCHANGELINE<jason__> I am fineCHANGELINE<j
2,532,0.1446819305419922,0.1406698226928711,.CHANGELINECHANGELINEI am a software developer with a strong background in data structures and algorithms. I have
2,536,0.1501307487487793,0.13961577415466309,CHANGELINECHANGELINEI am a freelance writer and editor. I have been published in a variety of publicationsCOMMA
2,538,0.18158864974975586,0.13730072975158691, is that the joke is actually true.CHANGELINECHANGELINEThe only thing that is more old than the 1930
2,541,0.13716697692871094,0.13481497764587402,-1)CHANGELINE                
2,543,0.15973591804504395,0.13639092445373535,CHANGELINECHANGELINEThe United Nations General Assembly adopted Resolution 36-NQ/TW on the Elimination of
2,546,0.25524234771728516,0.13598060607910156,-1}$ is the $n$-th derivative of the function $f(x)
2,548,0.2957017421722412,0.13624000549316406,CHANGELINECHANGELINEI have a requirement to generate airflow configuration code for supporting azure active directory sso tokens
2,552,0.14342403411865234,0.13505959510803223,-1COMMA and the other is the C-2. The C-1 is the first of
2,555,0.14279508590698242,0.13914942741394043,CHANGELINECHANGELINE1.CHANGELINECHANGELINE2.CHANGELINECHANGELINE3.CHANGELINECHANGELINE4.CHANGELINECHANGELINE5.
2,556,0.18489861488342285,0.1376936435699463,?CHANGELINECHANGELINEThe role of the buyer is to ensure that the product is of the highest quality and
2,557,0.26157593727111816,0.1362619400024414,CHANGELINECHANGELINEI am trying to make a beautiful login page with tkinter. I have a login
2,563,0.14191675186157227,0.1350107192993164,-1}$ and $h_{\\rm c}$ are the initial and critical height of
2,565,0.39116358757019043,0.13628315925598145,CHANGELINECHANGELINEThesis on why Northeastern University has such a good finance programCHANGELINECHANGELINEThesis on
2,567,0.6664869785308838,0.13558316230773926, on the body.CHANGELINECHANGELINEA:CHANGELINECHANGELINECoffee is a diuretic. 
2,568,0.800095796585083,0.13518762588500977,CHANGELINECHANGELINEI am trying to create a child theme for a theme I have created. I have followed
2,569,0.14761948585510254,0.13863825798034668, the following command:CHANGELINECHANGELINEdocker run -d -P --name=certbot-dns
2,570,0.14432406425476074,0.13904881477355957,.CHANGELINECHANGELINESolution:CHANGELINECHANGELINE1.CHANGELINECHANGELINE2.CHANGELINECHANGELINE3.CHANGELINECHANGELINE4
2,574,0.14334487915039062,0.13723254203796387,.CHANGELINEI have tried to use the following code but it is not working.CHANGELINEvar express =
2,583,0.14700627326965332,0.13573002815246582,-1}$ and $t\\in\\mathbb{N}$ is a constant.
2,585,0.2614438533782959,0.13696622848510742, that you can think of.CHANGELINECHANGELINE1. What is the difference between a sensor and a trans
2,590,0.6047961711883545,0.13602781295776367, and thank you for visiting AikiWebCOMMA theCHANGELINEworld's most active online Aikido community
2,599,0.5333585739135742,0.13600540161132812,CHANGELINECHANGELINEI have a wall that has a number of marks on it. I have tried to remove
2,600,0.5864582061767578,0.1361536979675293,-05                  
2,602,0.8561642169952393,0.1369771957397461,-mail this articleCHANGELINECHANGELINESending your articleCHANGELINECHANGELINEYour article has been sent.CHANGELINECHANGELINE
2,603,0.7212865352630615,0.13930392265319824,CHANGELINECHANGELINEI'm not sure if this is a joke or not. I'm not sure if it
2,608,0.8816249370574951,0.13642621040344238,CHANGELINECHANGELINEI need to unique Ideas for youtube channelsCHANGELINECHANGELINEI need to unique Ideas for youtube channels
2,611,0.42522168159484863,0.13680124282836914, and sub-heading.CHANGELINECHANGELINE1. IntroductionCHANGELINECHANGELINE2. The Evolution of BotnetsCHANGELINE
2,612,0.3316938877105713,0.13595032691955566,CHANGELINECHANGELINEI have a story that I wrote and I want to make it longer. I have a
2,615,0.14739489555358887,0.1363062858581543,CHANGELINECHANGELINEI am reading the book \"Programming in OCaml\" by Daniel P. Friedman
2,617,0.21305584907531738,0.13676238059997559,CHANGELINE<k1l_>!ot | james_CHANGELINE<ubottu> james
2,618,0.20430469512939453,0.1365349292755127,CHANGELINECHANGELINEA:CHANGELINECHANGELINEYou can use the following code to achieve what you want.CHANGELINEimport
2,621,0.2903411388397217,0.13967156410217285,CHANGELINECHANGELINEI want you to help me write an article about \"building inspector expert witness\" in Brisbane
2,631,0.14187026023864746,0.13569211959838867,-1}$ and $t\\in\\mathbb{N}$ is a constant.
2,632,0.13944268226623535,0.13503193855285645,-05                  
2,638,0.31583547592163086,0.13560080528259277,-1}$ and $i$ is the index of the $i$-th element of
2,639,0.32878708839416504,0.13680744171142578,.CHANGELINECHANGELINEThe script is a bit longCOMMA so I will just post the code here.CHANGELINE
2,640,0.4152839183807373,0.13671255111694336,CHANGELINECHANGELINEQuantum computing is a new field of computer science that promises to solve problems that are currently
2,641,0.516357421875,0.14310383796691895,.CHANGELINECHANGELINEI will provide you with a project descriptionCOMMA and you will write a code.CHANGELINE
2,644,0.9580085277557373,0.1362476348876953,.CHANGELINECHANGELINE1. A Greek letter is a symbol of a Greek sorority.CHANGELINECHANGELINE2
2,645,0.9912307262420654,0.14118051528930664,/CHANGELINECHANGELINEI want to open this site and click on the link that says \"Ki k
2,646,0.5039145946502686,0.13926100730895996,.CHANGELINECHANGELINEI have been working on the software for the past two yearsCOMMA and I have been
2,648,0.1447300910949707,0.13604497909545898,.CHANGELINECHANGELINEI’m not talking about the fields that are already well knownCOMMA like medicine
2,654,0.6044044494628906,0.13618755340576172,CHANGELINECHANGELINEThe use of QR codes is a great way to confirm attendance. The QR code is a
2,655,0.13764262199401855,0.13603973388671875, that will do the following:CHANGELINECHANGELINE- Read a file with a list of wordsCHANGELINE- For
2,666,0.674318790435791,0.13512015342712402,-1}$ and $i$ is the index of the $i$-th element of
2,670,0.6968767642974854,0.13489985466003418,-1COMMA and the other is the S-2.CHANGELINECHANGELINEThe S-1 is the
2,671,0.815457820892334,0.13915348052978516,CHANGELINECHANGELINEA:CHANGELINECHANGELINEThe problem is that you are using the Zend\\ServiceManager\\
2,673,0.1949601173400879,0.13625168800354004,CHANGELINECHANGELINEI am trying to create a form that will allow the user to enter their nameCOMMA email
2,674,0.2367403507232666,0.13600540161132812,.CHANGELINECHANGELINEThe potato is a vegetableCOMMA and the potato is a food.CHANGELINECHANGELINEThe potato
2,677,0.14477825164794922,0.13697457313537598,.CHANGELINECHANGELINEA:CHANGELINECHANGELINEI think you are looking for the useContext hook.CHANGELINEimport
2,678,0.14540886878967285,0.1356961727142334,COMMA a non-profit organizationCOMMA is a community-based organization that provides a range of services to
2,680,0.14492559432983398,0.1393890380859375,CHANGELINECHANGELINEA:CHANGELINECHANGELINEYou can use sed to do this.CHANGELINEsed -e's
2,681,0.14898347854614258,0.14266729354858398,CHANGELINECHANGELINEI have attached the brief and a sample of the deck.CHANGELINECHANGELINEI am looking for
2,683,0.35458993911743164,0.13661718368530273,CHANGELINECHANGELINEI have a question about the chatgpt. I have a chatgpt that I
2,685,0.1374802589416504,0.13621258735656738,-mail this articleCHANGELINECHANGELINESending your articleCHANGELINECHANGELINEYour article has been sent.CHANGELINECHANGELINE
2,687,0.16666197776794434,0.1435379981994629,CHANGELINECHANGELINEI need you to write a program that will take a list of words and phrases and return
2,689,0.14172005653381348,0.1395564079284668,CHANGELINECHANGELINEI need a new website. I need a new website.CHANGELINEI need a new website
2,694,0.5371994972229004,0.13492131233215332, and thank you for visiting AikiWebCOMMA theCHANGELINEworld's most active online Aikido community
2,702,0.6209747791290283,0.13696718215942383,CHANGELINECHANGELINEA:CHANGELINECHANGELINEI think the theme of the novel is that the law is the law
2,703,0.14414381980895996,0.13492393493652344,-Z]{1COMMA3}$CHANGELINECHANGELINEA:CHANGELINECHANGELINEYou can use this regex
2,706,0.14052367210388184,0.13576221466064453,CHANGELINECHANGELINEKafka is a German word meaning “cannon”. It is a
2,711,0.14661526679992676,0.13694167137145996,.CHANGELINECHANGELINEA:CHANGELINECHANGELINEThe term \"diplomacy\" is used in many different ways
2,713,0.23414182662963867,0.13633275032043457,?CHANGELINECHANGELINEI have a daughter who is very smart. She is very good at math and science
2,715,0.3773670196533203,0.14669585227966309,CHANGELINECHANGELINEThe first question is whether the primary endpoint is the difference in APB or the difference in
2,717,0.18570804595947266,0.1368117332458496,CHANGELINECHANGELINEA:CHANGELINECHANGELINEYou can use the following css to achieve the desired result:CHANGELINE
2,722,0.14130091667175293,0.13648486137390137,?CHANGELINECHANGELINEIf you don’tCOMMA you’re in luck.CHANGELINECHANGELINEThe
2,724,0.14209246635437012,0.13547897338867188,-1}$ is the $n$-th derivative of the function $f(x)
2,730,0.16382884979248047,0.13686513900756836,CHANGELINECHANGELINEI need to create a website for a Black GraphIQ Analytics.CHANGELINEI have a basic
2,732,0.13892745971679688,0.1363058090209961,CHANGELINECHANGELINEI am making a 2D platformer in Unity. I have a player character that moves
2,737,0.14679956436157227,0.13835549354553223,CHANGELINECHANGELINEI've also created a GitHub repo for the project.CHANGELINECHANGELINEThe app is a simple
2,738,0.14381790161132812,0.13514208793640137,-1}$ and $i$ is the index of the $i$-th element of
2,740,0.1475827693939209,0.13916873931884766,.CHANGELINECHANGELINEI am a childrens author and I would love to write a story about a child
2,746,0.1496593952178955,0.13795232772827148,CHANGELINECHANGELINEI am a 14-year-old girl and I have been playing video games for a
2,748,0.14252328872680664,0.13994431495666504,CHANGELINECHANGELINEThe eighth and fifteenth terms of an arithmetic sequence are —5 and 9COMMA respectively.
2,754,0.19132423400878906,0.13569140434265137,-1}$ and $h_{\\rm c}$ are the initial and critical height of
2,757,0.1390080451965332,0.1354539394378662,-CHANGELINECHANGELINEtest-CHANGELINECHANGELINEtest-CHANGELINECHANGELINEtest-CHANGELINECHANGELINEtest-CHANGELINECHANGELINEtest
2,762,0.3333594799041748,0.13764286041259766,CHANGELINECHANGELINEA:CHANGELINECHANGELINEYou can use the following code to get the same result:CHANGELINEvar
2,763,0.14108586311340332,0.13598942756652832,CHANGELINECHANGELINEI am trying to understand the difference between Congestion Control and flow control in TCP protocol
2,764,0.14703083038330078,0.13926959037780762,.CHANGELINECHANGELINEI have tried to do this by using the following code:CHANGELINECHANGELINEif (player
2,768,0.14908480644226074,0.14145183563232422,CHANGELINECHANGELINEThe first email is sent to the customer to welcome them to the business.CHANGELINECHANGELINEThe
2,772,0.14614319801330566,0.13720488548278809,CHANGELINECHANGELINEThe Divine Comedy is a long poem by the Italian poet Dante AlighieriCOMMA written in
2,773,0.13875842094421387,0.13678288459777832,?CHANGELINECHANGELINEI'm throwing a party for my friends and I want to make a cocktail that is
2,774,0.2641012668609619,0.13956904411315918,話話說COMMA讓我們知
2,775,0.14215826988220215,0.13664793968200684,CHANGELINECHANGELINEChatGTP is a great tool for accountants to use to communicate with their clients.
2,778,0.14401483535766602,0.13648033142089844,?CHANGELINECHANGELINEA:CHANGELINECHANGELINEThe problem is that the website is not loading the images.CHANGELINE
2,781,0.14615678787231445,0.13718366622924805,_F(TestCOMMA Test) {CHANGELINE           
2,782,0.1495532989501953,0.13930010795593262,.CHANGELINECHANGELINEA:CHANGELINECHANGELINEYou can use pg_restore to restore a database from a
2,783,0.13739228248596191,0.13506388664245605,-1)$-dimensional subspace of $V$ and $W$ is a $(c
2,786,0.13913536071777344,0.1353757381439209,-1}$ and $d-1$ is the dimension of the space of $k$
2,788,0.1426386833190918,0.1361398696899414,.0?CHANGELINECHANGELINEThe term “web 3.0” is a bit of a
2,789,0.19817233085632324,0.14225053787231445,CHANGELINECHANGELINEI am a university professor who is in charge of a life science where a majority of the
2,790,0.14090251922607422,0.1370525360107422, and thank you for visiting AikiWebCOMMA theCHANGELINEworld's most active online Aikido community
2,800,0.14822006225585938,0.13831877708435059,CHANGELINECHANGELINEI am a huge fan of the slow cooker. I love the fact that I can throw
2,801,0.1373291015625,0.13558602333068848,-CHANGELINECHANGELINEI have a question about the \"How to be a better programmer\" book.CHANGELINE
2,807,0.1471118927001953,0.1377553939819336,.CHANGELINECHANGELINEThe rules are simple:CHANGELINECHANGELINE1. You must write a story that is under
2,810,0.15650558471679688,0.15199947357177734,CHANGELINECHANGELINEThe first step is to write a function that takes a string and returns a list of tu
2,816,0.138047456741333,0.13602638244628906,-1}$ is the $n$-th derivative of the function $f(x)
2,819,0.1416628360748291,0.13576936721801758,-1}$ and $j \\in \\{1COMMA\\ldotsCOMMAn\\}
2,821,0.14204192161560059,0.13934946060180664,. Let n(l) = -l**2 + l + 1. Let w(o
2,826,0.15275359153747559,0.1462860107421875,CHANGELINECHANGELINEI'm looking for a good resource to learn the basics of AI. I've read a
2,828,0.1469571590423584,0.13738536834716797,CHANGELINECHANGELINEI have a question about the data retention period.CHANGELINEI have a table with a column
2,830,0.14508485794067383,0.13666605949401855,.CHANGELINECHANGELINE1. It will help me to be more effective in my work.CHANGELINECHANGELINE2
2,845,0.2555420398712158,0.1353473663330078,-1}$ and $d-1$ is the dimension of the space of $k$
2,850,0.34009528160095215,0.13732075691223145,CHANGELINECHANGELINEA:CHANGELINECHANGELINEWASI is a new standard for the web. It is a
2,854,0.14443087577819824,0.13640475273132324,CHANGELINECHANGELINEThe US $100 bill is a popular topic of discussion. The new $100 bill is
2,857,0.21831846237182617,0.13662052154541016,CHANGELINECHANGELINEI have a webpage with a lot of text. I want to make the links in the
2,875,0.7888500690460205,0.13679170608520508,.CHANGELINECHANGELINEI need a writer to write a book about AI.CHANGELINECHANGELINEThe book will be
2,878,1.1970953941345215,0.1353590488433838,-1}$ and $h_{\\rm c}$ are the initial and critical height of
2,887,1.9533920288085938,0.13684487342834473, and thank you for visiting AikiWebCOMMA theCHANGELINEworld's most active online Aikido community
2,888,1.8994226455688477,0.13663625717163086,CHANGELINECHANGELINEThe following is a list of the most common questions that I have received from people who are
2,889,2.008603096008301,0.13470959663391113,-12-00452-f002){ref-typeCHANGELINECHANGELINE[^1]: These authors
2,893,0.8199090957641602,0.13603925704956055,?CHANGELINECHANGELINEI am a very shy person. I am not good at meeting new people. I
2,894,0.7551889419555664,0.14317560195922852,CHANGELINECHANGELINEI have a workbook with multiple sheetsCOMMA and I have a conditional formatting rule that is
2,901,1.0307574272155762,0.13654279708862305,CHANGELINECHANGELINE------CHANGELINEjosh_fyiCHANGELINEI'm not sure I understand the point of this
2,908,1.3484394550323486,0.13648056983947754,CHANGELINECHANGELINEA:CHANGELINECHANGELINECrews by Core is a construction management app that is designed to help
2,917,1.6801834106445312,0.1521286964416504,CHANGELINECHANGELINEA:CHANGELINECHANGELINEThe code you posted is a function that takes two parametersCOMMA startDate
2,920,0.3436448574066162,0.1374526023864746,CHANGELINECHANGELINEI have been using the term \"MULTOS\" for a while nowCOMMA but I
2,923,0.1413114070892334,0.1363058090209961,CHANGELINECHANGELINEA:CHANGELINECHANGELINEEntropy is a measure of the amount of information in a system.
2,924,0.14096331596374512,0.13587093353271484,하세요 여러분!CHANGELINECHANGELINE
2,928,0.5632166862487793,0.138045072555542,.CHANGELINECHANGELINEThe top five benefits of innovation are:CHANGELINECHANGELINE1. It creates jobs.CHANGELINE
2,929,0.5301980972290039,0.14277863502502441,CHANGELINECHANGELINEI am not sure if you are looking for a full-time job or not. If
2,933,0.14418816566467285,0.1356797218322754, and thank you for visiting AikiWebCOMMA theCHANGELINEworld's most active online Aikido community
2,936,0.20636296272277832,0.1366267204284668,CHANGELINECHANGELINEI'm making an interactive children's readingCOMMA education and development applicationCOMMA how can I differentiate
2,941,0.543222188949585,0.14666366577148438,CHANGELINECHANGELINEA:CHANGELINECHANGELINEYesCOMMA it is possible.CHANGELINEThe first thing to do is to
2,943,0.22529864311218262,0.13628697395324707,CHANGELINECHANGELINEA:CHANGELINECHANGELINEI think the last version I remember was 2.0.CHANGELINECHANGELINE
2,953,0.14181160926818848,0.13735127449035645,?CHANGELINECHANGELINEA:CHANGELINECHANGELINEI would say that the most important question is:CHANGELINECHANGELINEWhat
2,956,0.414043664932251,0.13495945930480957,-05                  
2,966,1.3149397373199463,0.14269256591796875,CHANGELINECHANGELINEA:CHANGELINECHANGELINEI have a solution that works for me.CHANGELINECHANGELINECreate a new
2,967,1.1387417316436768,0.1362779140472412, for the real world.CHANGELINECHANGELINEThe following are some of the most common problems that students face in
2,969,1.5117390155792236,0.13501191139221191,-hoCOMMA it's time to goCHANGELINECHANGELINEThe first time I saw the movie \"The Hobbit
2,971,0.8372313976287842,0.13933682441711426,CHANGELINECHANGELINESmall steps to create a social media appCHANGELINECHANGELINEI am a big fan of the social
2,972,0.13875532150268555,0.13579678535461426,CHANGELINECHANGELINEI am a huge fan of text based games. I love the idea of a game that
2,982,1.2360055446624756,0.13631463050842285, case.CHANGELINECHANGELINEThe merge sort algorithm is a divide and conquer algorithm. The algorithm is divided into
2,984,1.2726514339447021,0.13916349411010742,CHANGELINECHANGELINEA:CHANGELINECHANGELINEYou can use the following formula in cell A2:CHANGELINE=IND
2,991,0.14181971549987793,0.1366114616394043,.CHANGELINECHANGELINE**Methods:** A retrospective chart review was conducted of all patients who underwent a lap
2,1004,0.27120089530944824,0.1410539150238037,CHANGELINECHANGELINEA:CHANGELINECHANGELINEI would start by looking at the data. CHANGELINECHANGELINEIs the
2,1011,0.1522817611694336,0.14015960693359375,CHANGELINECHANGELINEA:CHANGELINECHANGELINEI would say that the main advantage of Golang is that it is
2,1021,0.35469532012939453,0.13711762428283691,ay be a good idea to have a new version of the game.CHANGELINECHANGELINEI think it's
2,1024,0.1416468620300293,0.13693690299987793,CHANGELINECHANGELINEA:CHANGELINECHANGELINEThe error means that the request is malformed.CHANGELINEThe error code
2,1027,0.16295671463012695,0.13909125328063965,.CHANGELINECHANGELINEThe game is a simple one-on-one duel between two characters. The characters
2,1029,0.5469603538513184,0.13510632514953613,-Z]{1COMMA3}$CHANGELINECHANGELINEA:CHANGELINECHANGELINEYou can use this regex
2,1031,0.1446530818939209,0.13670635223388672, showCHANGELINECHANGELINEI am a newbie to android development. I have a tv show app that I
2,1036,0.805828332901001,0.14235663414001465,CHANGELINECHANGELINEThe first step is to create a new project.CHANGELINECHANGELINE1CHANGELINECHANGELINE2CHANGELINECHANGELINE
2,1038,0.9639184474945068,0.1369016170501709,?CHANGELINECHANGELINEI'm a bit of a newbie when it comes to the whole \"how many
2,1039,1.0414023399353027,0.1365969181060791,CHANGELINECHANGELINEThe problemCHANGELINECHANGELINEThe problem is to design a data structure to represent an artificial neuron in
2,1043,0.9508852958679199,0.1350851058959961,CHANGELINECHANGELINEThe first thing to do is to make sure that you have the right version of the SDK
2,1046,0.40891456604003906,0.13593292236328125,-1)$-dimensional subspace of $V$ and $W$ is a $(c
2,1047,0.31731247901916504,0.13499116897583008,-05                  
2,1052,0.14785313606262207,0.1366267204284668,CHANGELINECHANGELINEThe joke is that the three languages are so different that they can’t be compared
2,1053,0.14302635192871094,0.13590788841247559,CHANGELINECHANGELINEI am trying to figure out how to use markdown in todoist. I have
2,1075,0.31894445419311523,0.13542509078979492,-1}$ is the $N$-th order derivative of $f$ at $x
2,1080,0.14714598655700684,0.13574767112731934,-1}$ and $a_{n-1}$ are the same.CHANGELINECHANGELINE\\
2,1083,0.14663076400756836,0.1362457275390625,CHANGELINECHANGELINEThis is the summaryCOMMA or overview section. Main ideas of the book are explained here.
2,1084,0.14431071281433105,0.14087772369384766,CHANGELINECHANGELINEI am a first year mechanical engineering student at Georgia Tech. I recently got a speeding ticket
2,1094,0.20441889762878418,0.13591957092285156,-world.htmlCHANGELINECHANGELINEA:CHANGELINECHANGELINEYou can use the following code to get the current
2,1098,0.942962646484375,0.13607048988342285, native.CHANGELINECHANGELINEI have a simple app that has a list of places and a button to add
2,1106,0.42147397994995117,0.1368105411529541,.CHANGELINECHANGELINEPlainLang is a simpleCOMMA easy to learnCOMMA easy to useCOMMA easy
2,1107,0.33179688453674316,0.13568425178527832,CHANGELINECHANGELINEI have a list of street names and city names. I need to find the street address
2,1110,0.14513397216796875,0.13663387298583984,?CHANGELINECHANGELINEI have a Spring application that makes multiple http network calls. CHANGELINEI have a
2,1112,0.21476268768310547,0.13640999794006348,CHANGELINECHANGELINEI am a very good playerCOMMA but I am not a very good player. I am
2,1116,0.3693695068359375,0.14335274696350098,CHANGELINECHANGELINEI'm looking for a story that will be a little more than a short story. I
2,1118,0.14639711380004883,0.13548874855041504, and thank you for visiting AikiWebCOMMA theCHANGELINEworld's most active online Aikido community
2,1130,0.1421186923980713,0.13659977912902832,CHANGELINECHANGELINEI am not sure if this is the right place to ask this questionCOMMA but I am
2,1138,0.14461135864257812,0.1374530792236328,javaCOMMA a ProblemFactory.javaCOMMA a ProblemFactory.javaCOMMA a ProblemFactory.javaCOMMA
2,1139,0.14717769622802734,0.1398909091949463,CHANGELINECHANGELINEI'm a fashion designer. I have a good reputation in the fashion industry. I have
2,1142,0.14041519165039062,0.13691353797912598,CHANGELINECHANGELINEI'm working on a server that will be used to authenticate a user against a third
2,1144,0.14333653450012207,0.1363663673400879,CHANGELINECHANGELINEA:CHANGELINECHANGELINE\"I am not a pessimistCOMMA I am a realist.\"
2,1151,0.15239930152893066,0.14210939407348633,CHANGELINECHANGELINEA:CHANGELINECHANGELINEThe first thing that comes to mind is to use a water-based
2,1152,0.15759873390197754,0.1496119499206543,CHANGELINECHANGELINEThe first step is to create a book on the topic: transfer of Ukrainian agriculture to the
2,1162,0.1473245620727539,0.1378622055053711, keyCHANGELINECHANGELINEI am trying to create a Laravel authentication for my API. I have a table
2,1166,0.13842272758483887,0.13659977912902832,CHANGELINECHANGELINEMenuCHANGELINECHANGELINETag Archives: teacherCHANGELINECHANGELINEI’m a little late to the
2,1172,0.14518141746520996,0.1401379108428955,.CHANGELINECHANGELINEA:CHANGELINECHANGELINEYou can use the following code to get the label of the button
2,1177,0.14368891716003418,0.1358191967010498, and thank you for visiting AikiWebCOMMA theCHANGELINEworld's most active online Aikido community
2,1181,0.14686346054077148,0.13895559310913086,CHANGELINECHANGELINEA:CHANGELINECHANGELINEYou can use the create-react-app tool to create a new
2,1187,0.1413402557373047,0.13713836669921875,CHANGELINECHANGELINEI will give you the goverment and opposition arguments for itCOMMA ok?CHANGELINECHANGELINE
2,1189,0.15024232864379883,0.13913202285766602, 위한 기타를 찾�
2,1197,0.14313697814941406,0.13840508460998535,.CHANGELINECHANGELINEThe first time I met with the team at PlacesCOMMA I was a little nervous.
2,1199,0.14929580688476562,0.1394331455230713,CHANGELINECHANGELINEI am a Christian and I am a very good one. I am a very good Christian
2,1202,0.27971863746643066,0.13893723487854004,CHANGELINECHANGELINEI think the same way I would encourage a student to be more exploratory in their writing
2,1220,0.27529072761535645,0.13651728630065918,CHANGELINECHANGELINEI’m looking for some creative ideas for a 10 year old’s birthday
2,1227,0.597898006439209,0.13654828071594238,CHANGELINECHANGELINEI am a beginner in Python. I want to create a website with Python. I have
2,1231,0.3478245735168457,0.13651204109191895,CHANGELINECHANGELINEQuantum computing is a new field of computer science that promises to solve problems that are currently
2,1233,0.6255967617034912,0.13678431510925293,?CHANGELINECHANGELINEI have a picture of a person and I want to get rid of the dark shadows
2,1237,0.13933515548706055,0.13573026657104492,CHANGELINECHANGELINEI have a table that looks like this:CHANGELINECHANGELINEI want to generate a passw
2,1246,0.29648256301879883,0.1371455192565918,CHANGELINECHANGELINEA:CHANGELINECHANGELINEI have found a solution.CHANGELINEI have created a new class that
2,1252,0.32161474227905273,0.13607144355773926,CHANGELINECHANGELINEQuantum computing is a new field of computer science that promises to solve problems that are currently
2,1261,0.8634536266326904,0.1372542381286621,CHANGELINECHANGELINEWrite a short status update explaining to Tyler why it's fine that we spent time thinking up
2,1271,1.0622429847717285,0.14780449867248535,CHANGELINECHANGELINEI'm not sure if I'm looking for a full-length screenplay or a short story
2,1274,0.46222853660583496,0.13483095169067383,-05                  
2,1285,0.30375027656555176,0.13702011108398438,?CHANGELINECHANGELINE~~~CHANGELINEjeffbaxCHANGELINEI think you are asking about the types of
2,1288,0.6044178009033203,0.14760875701904297,CHANGELINECHANGELINEI am looking for a writer to write a book. The book is about a person who
2,1290,1.041811227798462,0.13724923133850098,CHANGELINECHANGELINEA:CHANGELINECHANGELINEThe Go compiler is free to inline functionsCOMMA so it's not possible
2,1293,0.8824281692504883,0.1395416259765625, and i'll make it work.CHANGELINECHANGELINEA:CHANGELINECHANGELINEYou can use the following code to
2,1294,1.001415491104126,0.1403343677520752,CHANGELINECHANGELINEI am a guest at the Numa Belfort Berlin. I am a guest at the
2,1302,0.14377379417419434,0.1379852294921875,.CHANGELINECHANGELINE1.CHANGELINECHANGELINE2.CHANGELINECHANGELINE3.CHANGELINECHANGELINE4.CHANGELINECHANGELINE5
2,1303,0.23836946487426758,0.13599324226379395,?CHANGELINECHANGELINE~~~CHANGELINEjeffwassCHANGELINEYesCOMMA I do.CHANGELINECHANGELINE------CHANGELINE
2,1305,0.147202730178833,0.13612008094787598,CHANGELINECHANGELINEThe ECMAScript language is the language of the web. It is the language of the
2,1316,0.14705133438110352,0.13724064826965332, and how it is used to explain the properties of the universe.CHANGELINECHANGELINEThe first law of therm
2,1321,0.6017999649047852,0.13971328735351562,.CHANGELINECHANGELINEI have a chatbot that I want to develop. I want to make it as
2,1323,0.867084264755249,0.13518929481506348,-1}$ and $t\\in\\mathbb{N}$ is a constant.
2,1338,0.6603195667266846,0.13643217086791992,.CHANGELINECHANGELINE[^1]: The author is supported by the Austrian Science Fund (FWF)
2,1343,0.6305534839630127,0.14636731147766113,\\n\\n\\n\\n\\n\\n\\n\\n\\n\\n
2,1366,1.1163206100463867,0.14416003227233887,CHANGELINECHANGELINEI'm writing a two-topic essay of 1000-1250 words. Topic 1 is
2,1367,0.6417748928070068,0.1373581886291504,CHANGELINECHANGELINEThe following is a list of the most common standards that are used in the industry.CHANGELINE
2,1369,0.6512515544891357,0.13609910011291504,CHANGELINECHANGELINEA:CHANGELINECHANGELINEA recursive CTE is a way to \"recursively\" select
2,1371,0.1460402011871338,0.14072084426879883,CHANGELINECHANGELINEI think the next step is to make the survey process more efficient. I think that the
2,1374,0.2968754768371582,0.13498735427856445, and thank you for visiting AikiWebCOMMA theCHANGELINEworld's most active online Aikido community
2,1376,0.14460515975952148,0.13767719268798828,CHANGELINECHANGELINEA:CHANGELINECHANGELINEThe simplest way to do this is to use a phase shifter.
2,1378,0.13794589042663574,0.13601183891296387,-1}$ and $a_{n-1}$ are the same.CHANGELINECHANGELINE\\
2,1383,0.14145350456237793,0.13859295845031738,CHANGELINECHANGELINEI am a bit confused.CHANGELINECHANGELINEI am a founder of a company that is about
2,1384,0.2315380573272705,0.1430816650390625,CHANGELINECHANGELINEThe question is:CHANGELINECHANGELINE“ChatGPT is a chatbot that is designed
2,1387,0.17260336875915527,0.13724851608276367,CHANGELINECHANGELINEQuantum computing is a new field of computer science that promises to solve problems that are currently
2,1393,0.8373630046844482,0.13629698753356934,-05                  
2,1395,0.7503926753997803,0.13632702827453613,CHANGELINECHANGELINEI have a Samsung Galaxy S3 and I have been using the stock browser for a while
2,1396,0.8862991333007812,0.1356964111328125, of the ancient Greek pantheon.CHANGELINECHANGELINEThe Olympian gods and goddesses of the ancient Greek
2,1402,0.8252148628234863,0.13704442977905273, i am 5'10\" and weigh about 110 lbs. i am looking for a workout routine that
2,1403,0.8215081691741943,0.13702726364135742,CHANGELINECHANGELINEThe Supreme Court has ruled that the practice of gerrymandering is unconstitutional.CHANGELINECHANGELINE
2,1406,0.5416965484619141,0.13572478294372559,CHANGELINECHANGELINEQuantum computing is a new field of computer science that promises to solve problems that are currently
2,1407,0.14658522605895996,0.13742947578430176,CHANGELINECHANGELINEA:CHANGELINECHANGELINEYesCOMMA it will cost money.CHANGELINECHANGELINEA:CHANGELINECHANGELINEYes
2,1409,0.3584403991699219,0.13660979270935059,CHANGELINECHANGELINEI’m not sureCOMMA but I’m guessing that they write about the
2,1411,0.18900489807128906,0.14301419258117676,CHANGELINECHANGELINEThe project will be a full-featured POS systemCOMMA with the ability to add new
2,1413,0.18767905235290527,0.14260172843933105,CHANGELINECHANGELINEThe package is available for the customers of Nepal Telecom and the package is valid for the customers
2,1414,0.14506888389587402,0.13572049140930176,CHANGELINECHANGELINEThe Bible is the word of God. It is the word of God that has been translated
2,1415,0.2859930992126465,0.1392683982849121,CHANGELINECHANGELINEA:CHANGELINECHANGELINEThe credit card is a Visa card.CHANGELINECHANGELINEA:CHANGELINECHANGELINE
2,1416,0.25189685821533203,0.13628101348876953,CHANGELINECHANGELINE1. The topic is about the future of our youth.CHANGELINECHANGELINE2. The topic
2,1421,0.14078545570373535,0.13619637489318848,-1}$ and $a_{n-1}$ are the same.CHANGELINECHANGELINE\\
2,1432,0.1427774429321289,0.13618993759155273,.CHANGELINECHANGELINEI am a solo female traveler and I am looking for a travel partner. I am
2,1433,0.21661019325256348,0.13930988311767578,CHANGELINECHANGELINEI will give you a list of the things I want to be in the objective.CHANGELINE
2,1437,0.9347813129425049,0.13891196250915527,CHANGELINECHANGELINEThe purpose of education is to develop the mind. The purpose of education is to develop the
2,1439,0.8910892009735107,0.13501405715942383,-1}$ and $i$ is the index of the $i$-th element of
2,1453,0.1544053554534912,0.1428685188293457,?CHANGELINECHANGELINEA:CHANGELINECHANGELINEThe answer is no.CHANGELINEThe error is the sameCOMMA but
2,1458,0.13979530334472656,0.13744115829467773,-1}CHANGELINECHANGELINE![](medhist00075-0013.tif \"scanned
2,1464,0.1446232795715332,0.13619518280029297,CHANGELINECHANGELINEI have a problem with my application. I have a form with a text field and a
2,1472,0.14939069747924805,0.13872194290161133,-1}$ and $h_{\\rm c}$ are the initial and critical height of
2,1476,0.14744877815246582,0.13696694374084473, Is it a physical thing?CHANGELINECHANGELINEI’ve been there. I’ve been
2,1479,0.1400775909423828,0.13536763191223145,-1}$ and $r\\geq 2$.CHANGELINECHANGELINE\\[thm:main
2,1480,0.1400434970855713,0.13791275024414062,-1}$ is the $n$-th derivative of the function $f(x)
2,1483,0.14316916465759277,0.13736677169799805,.CHANGELINECHANGELINEThe site is a great resource for finding the best deals on the latest and greatest in
2,1485,0.2710716724395752,0.13631677627563477,.CHANGELINECHANGELINEA:CHANGELINECHANGELINEC++ is the most difficult language to learn. CHANGELINECHANGELINE
2,1488,0.14499425888061523,0.136307954788208,CHANGELINECHANGELINEI'm not sure I understand the question.CHANGELINECHANGELINEI'm not sure I understand the
2,1498,0.1389007568359375,0.13634467124938965, on the body.CHANGELINECHANGELINEA:CHANGELINECHANGELINECoffee is a diuretic. 
2,1500,0.2224879264831543,0.21175265312194824,CHANGELINECHANGELINEA:CHANGELINECHANGELINEThe policy model is a function that takes the current state of the environment
2,1501,0.14692473411560059,0.13657164573669434,CHANGELINE7CHANGELINEWhat is the value of -1 + -1 + (1 - -1)?
2,1504,0.3145589828491211,0.13754773139953613,CHANGELINE<EriC^^>!info libgstreamer-plugins-ugly1.
2,1512,0.1418595314025879,0.13735628128051758,CHANGELINECHANGELINEI am a frequent traveler and I am always looking for the best way to check-in
2,1513,0.14077448844909668,0.13806366920471191,.com?CHANGELINECHANGELINEVulnversity is a room where you can learn about the latest
2,1516,0.1473865509033203,0.14292025566101074, CHANGELINE CHANGELINE CHANGELINE CHANGELINE CHANGELINE
2,1525,0.3230922222137451,0.14814519882202148,YesCOMMA the population is homogeneous.CHANGELINEWhat is the population size?CHANG
2,1537,0.39943909645080566,0.13704895973205566,CHANGELINECHANGELINEI have a page that has a few divs that are styled with css. I
2,1539,0.14075613021850586,0.13530683517456055,-05                  
2,1541,0.13830852508544922,0.1361382007598877,-1}$ is the $N$-th order derivative of $f$ at $x
2,1542,0.14506268501281738,0.13644027709960938,CHANGELINECHANGELINEThe battle of the phones is on.CHANGELINECHANGELINEThe battle of the phones is on.
2,1567,0.20053744316101074,0.13847899436950684,CHANGELINECHANGELINEA:CHANGELINECHANGELINEThe term arterial is used to describe a blood vessel that is large
2,1575,0.3689146041870117,0.13582086563110352,.CHANGELINECHANGELINE1. What is the difference between a class and an interface?CHANGELINECHANGELINE2.
2,1578,0.8292937278747559,0.13744878768920898, and I'll be happy.CHANGELINECHANGELINEA:CHANGELINECHANGELINEI would use the following script:CHANGELINE
2,1585,0.14001131057739258,0.13554859161376953,-1)$ and $y\\in \\mathbb{R}$.CHANGELINECHANGELINEThe following
2,1590,0.5526440143585205,0.14740967750549316,+----------+```CHANGELINECHANGELINECHANGELINE+----------+
2,1593,0.1460251808166504,0.13547015190124512, and thank you for visiting AikiWebCOMMA theCHANGELINEworld's most active online Aikido community
2,1595,0.14788150787353516,0.137465238571167,CHANGELINECHANGELINEA:CHANGELINECHANGELINEYou can use the? operator to make the type optional.CHANGELINEinterface
2,1597,0.26981115341186523,0.13987326622009277,CHANGELINECHANGELINEThe email should be sent to Bob IgerCOMMA the CEO of DisneyCOMMA and should be
2,1599,0.5084178447723389,0.15535306930541992,CHANGELINECHANGELINEThe word “changeling” is a Hebrew word that means “to
2,1602,0.5564138889312744,0.13730788230895996,CHANGELINECHANGELINEJob 16:18 (NIV)CHANGELINECHANGELINE“I would not have you to
2,1604,0.6363856792449951,0.13742637634277344,-1}$ and $i$ is the index of the $i$-th element of
2,1608,0.5856151580810547,0.13816094398498535,CHANGELINECHANGELINEA:CHANGELINECHANGELINEI would say that the best way to do this is to use the
2,1614,0.24358916282653809,0.1397104263305664, and \"The Dark\".CHANGELINECHANGELINEI want to know how the economy worksCOMMA how the economy is
2,1616,0.1478574275970459,0.13887619972229004,CHANGELINECHANGELINEI'm not sure if this is a joke or notCOMMA but I'm going to go
2,1619,0.14514541625976562,0.13637495040893555,?CHANGELINECHANGELINEVue is a JavaScript framework that is used to build single page applications. It is
2,1620,0.14377474784851074,0.13627028465270996,?CHANGELINECHANGELINEI'm not talking about the threat of a nuclear warCOMMA or the threat of a
2,1621,0.14654159545898438,0.13620853424072266,CHANGELINECHANGELINEA:CHANGELINECHANGELINEThere are three squares on a tic-tac-toe board
2,1627,0.14717531204223633,0.1394362449645996,CHANGELINECHANGELINEI'm not sure if this is a good ideaCOMMA but I'm going to try it
2,1630,0.5705075263977051,0.13735485076904297,?CHANGELINECHANGELINEI’m not sure if this is a good ideaCOMMA but I’
2,1635,0.14253854751586914,0.13704729080200195,.CHANGELINECHANGELINEA:CHANGELINECHANGELINEI have a similar setupCOMMA and I use the following script to
2,1640,0.14684081077575684,0.13643836975097656,CHANGELINECHANGELINEI have a HashSet<T> and I want to add another HashSet<T
2,1644,0.1405656337738037,0.13612818717956543,CHANGELINECHANGELINEI have a 4 years old son. He is very smart and has a lot of questions
2,1646,0.2536592483520508,0.13780832290649414,.CHANGELINECHANGELINEI am looking for a creative name for a catering business. I am looking for a
2,1664,0.1426546573638916,0.13933444023132324,lyCOMMA the company has been working on a new version of the softwareCOMMA which is expected to be
2,1666,0.15255451202392578,0.14360284805297852,CHANGELINECHANGELINEI have a working solutionCOMMA but it is not optimized. I have a working solutionCOMMA
2,1677,0.4142932891845703,0.13934803009033203,CHANGELINECHANGELINE1. Define the business problem.CHANGELINECHANGELINE2. Define the solution.CHANGELINE
2,1680,0.5842769145965576,0.14276409149169922,CHANGELINECHANGELINEI am looking for a UX/UI designer to work with me on a project. I
2,1685,0.1510143280029297,0.1353616714477539,-05                  
2,1686,0.14374303817749023,0.13699936866760254,CHANGELINECHANGELINEA:CHANGELINECHANGELINEI am not sure if you are asking about the legal and regulatory compliance
2,1688,0.2191600799560547,0.13645291328430176,CHANGELINECHANGELINEA:CHANGELINECHANGELINEThe main difference is that JPL quaternions are not a real
2,1692,0.42056894302368164,0.13727188110351562,ing?CHANGELINECHANGELINEI have a client who is a very good voice actor. He is also a
2,1697,1.1070961952209473,0.13605976104736328,CHANGELINECHANGELINEI’m not sure if you can write a bookCOMMA but you can certainly write
2,1713,1.077665090560913,0.16383790969848633,CHANGELINECHANGELINE我們的老闆，他們
2,1719,0.14760684967041016,0.13729166984558105,CHANGELINECHANGELINEI am a big fan of the new series of the BBC's \"Doctor Who\" and
2,1720,0.14408254623413086,0.13576197624206543,-1.0)               
2,1736,0.3813512325286865,0.1365375518798828, to Reagan.CHANGELINECHANGELINEThe military-industrial complex is a term that was first used by President Dwight
2,1747,0.41414976119995117,0.1427009105682373,.CHANGELINECHANGELINEThe device must be able to record the time of day and the date.CHANGELINECHANGELINE
2,1762,0.26854705810546875,0.14363312721252441,&amp;t=5RAAB&amp;p=1&amp;t=
2,1773,0.14676165580749512,0.13718223571777344,CHANGELINECHANGELINEThe idea of a day to celebrate women in business was first proposed by the Women’
2,1786,0.16125893592834473,0.15073418617248535,CHANGELINECHANGELINEA:CHANGELINECHANGELINEYou can use boolean indexing with & and | operators:CHANGELINEdf
2,1792,0.1897890567779541,0.13764309883117676,CHANGELINECHANGELINEI am a Japanese native speaker and I am learning Japanese. I am a beginner and I
2,1807,0.15062928199768066,0.14815855026245117,.CHANGELINECHANGELINEI am a personal trainer and I am looking for a job. I am a very
2,1810,0.16800832748413086,0.15725374221801758,CHANGELINECHANGELINECHANGELINECHANGELINEA:CHANGELINECHANGELINEYou can use the following code
2,1817,0.14402270317077637,0.13882827758789062,.CHANGELINECHANGELINEI'm not sure if I should be using the word \"sick\" or \"
2,1818,0.15048789978027344,0.1400148868560791,.CHANGELINECHANGELINEThe first thing to do is to find the keystroke level.CHANGELINECHANGELINEThe key
2,1820,0.16698646545410156,0.13773298263549805,CHANGELINECHANGELINEShare this:CHANGELINECHANGELINEI’m a huge Final Fantasy fan. I’
2,1826,0.14794206619262695,0.14024782180786133,CHANGELINECHANGELINE1.CHANGELINECHANGELINE2.CHANGELINECHANGELINE3.CHANGELINECHANGELINE4.CHANGELINECHANGELINE5.
2,1829,0.14040851593017578,0.138397216796875,CHANGELINECHANGELINEProcess mining is a new field of research that is based on the idea of using data mining
2,1842,0.14638328552246094,0.14252758026123047,CHANGELINECHANGELINEA:CHANGELINECHANGELINEI would like a brief of a project about using chat gpt to
2,1847,0.5437455177307129,0.1363358497619629,-1}$ and $r\\geq 2$.CHANGELINECHANGELINE\\[thm:main
2,1852,0.13996315002441406,0.13798260688781738,.CHANGELINECHANGELINEThe first game is a turn-based tactics game called \"The Last Stand: The
2,1855,0.14362406730651855,0.13756012916564941,CHANGELINECHANGELINEThe question of how to make AI more human-like has been around for a while.
2,1857,0.14734315872192383,0.1365981101989746,-1}$ and $r\\geq 2$.CHANGELINECHANGELINE\\[thm:main
2,1858,0.15082788467407227,0.14202404022216797,CHANGELINECHANGELINEA:CHANGELINECHANGELINEYou can use the following script to get the job done.CHANGELINE$
2,1868,0.14578557014465332,0.13797926902770996,-1}$ is the $n$-th derivative of the function $f(x)
2,1888,0.3553135395050049,0.13918805122375488,CHANGELINECHANGELINEExplain why retaining female manager in corporations is importantCHANGELINECHANGELINEThe importance of retaining female managers
2,1889,0.14227056503295898,0.13634467124938965,CHANGELINECHANGELINE~~~CHANGELINEjoshuCHANGELINEI can.CHANGELINECHANGELINE------CHANGELINEjoshuCHANGELINE
2,1893,0.14953279495239258,0.1451704502105713,\\n\\n## DO NOT RESPOND TO INFO BLOCK ##\\n\\nmy Next
2,1896,0.15283942222595215,0.14168691635131836, The service will be delivered to the public by a fleet of vans. The business plan should include the
2,1900,0.14138531684875488,0.13766241073608398,CHANGELINECHANGELINEA:CHANGELINECHANGELINEYou can use the \\setheader command to set the header information.
2,1909,0.14024782180786133,0.13763928413391113, (PRD) for a new product.CHANGELINECHANGELINEThe product is a new type of LED light
2,1910,0.14694523811340332,0.13704895973205566,CHANGELINECHANGELINEThe best vollyball setter is the one who can set the ball in the best
2,1912,0.1407299041748047,0.13797426223754883,?CHANGELINECHANGELINEI am a little confused about the color of red. I have a red shirtCOMMA
2,1915,0.1423487663269043,0.13797831535339355,CHANGELINECHANGELINEA:CHANGELINECHANGELINEThe Rite of Spring is based on the Russian folk song \"The Night
2,1919,0.14737725257873535,0.1382613182067871,CHANGELINECHANGELINEI am trying to write a program that will take a file and read it line by line
2,1929,0.1481480598449707,0.13995957374572754, is a newCOMMA freeCOMMA online writing and editing service that helps students and professionals write better.CHANGELINE
2,1930,0.2921600341796875,0.14316391944885254,CHANGELINECHANGELINEYou will be asked to give a brief introduction to the topic.CHANGELINECHANGELINEYou will be
2,1937,0.3750879764556885,0.13707280158996582,CHANGELINECHANGELINEThe Christian gospel is the good news that Jesus Christ came to earth to die for our sins
2,1955,0.14285874366760254,0.13804125785827637,-mail this articleCHANGELINECHANGELINESending your articleCHANGELINECHANGELINEYour article has been sent.CHANGELINECHANGELINE
2,1963,0.13980555534362793,0.13790392875671387,.CHANGELINECHANGELINEA:CHANGELINECHANGELINEThe equation you are looking for isCHANGELINE$$\\tan\\the
2,1964,0.1403489112854004,0.1365206241607666,.CHANGELINECHANGELINEA:CHANGELINECHANGELINEYou can use the following function to compress a string:CHANGELINEfunction
2,1965,0.14834928512573242,0.1374495029449463,CHANGELINECHANGELINE1. What is the meaning of the word \"church\" in the Bible?CHANGELINECHANGELINE
2,1975,1.310197114944458,0.1368272304534912,CHANGELINECHANGELINEI'm a little confused. I read the story and it said that theCHANGELINECHANGELINE\"
2,1982,0.14686107635498047,0.14043378829956055,.CHANGELINECHANGELINEThe results of the analysis are shown in the following table.CHANGELINECHANGELINEThe results of
2,1985,0.32907724380493164,0.1373751163482666,CHANGELINECHANGELINETag:CHANGELINECHANGELINEThe first time I saw a picture of a babyCOMMA I was in
2,1986,0.4259321689605713,0.13581109046936035, and thank you for visiting AikiWebCOMMA theCHANGELINEworld's most active online Aikido community
2,1989,0.1433873176574707,0.13681244850158691,CHANGELINECHANGELINEThe answer is simple. The dress is white and gold.CHANGELINECHANGELINEThe dress is white
2,1993,0.5194079875946045,0.1379847526550293, phytohormones.CHANGELINECHANGELINEThe phytohormones are produced by the plant in
2,2006,0.1678755283355713,0.15728974342346191,CHANGELINECHANGELINEI’m a big fan of rollup.js. It’s a
2,2008,0.1416168212890625,0.13631367683410645,-1}$ and $i$ is the index of the $i$-th element of
2,2014,0.15285491943359375,0.1377401351928711,CHANGELINECHANGELINEA:CHANGELINECHANGELINEYou can use the following command:CHANGELINE:show-dateCHANGELINECHANGELINE
2,2018,0.1510782241821289,0.14385676383972168,CHANGELINECHANGELINEThe first thing that comes to mind is the idea of a \"digital currency\" and the
2,2024,0.19980955123901367,0.1376664638519287,CHANGELINECHANGELINEA. $2000CHANGELINECHANGELINEB. $2000CHANGELINECHANGELINEC. $2000CHANGELINECHANGELINE
2,2025,0.33286619186401367,0.13727855682373047,CHANGELINECHANGELINE1.CHANGELINECHANGELINE2.CHANGELINECHANGELINE3.CHANGELINECHANGELINE4.CHANGELINECHANGELINE5.
2,2032,0.16028356552124023,0.1507246494293213, It will tell you where you are.CHANGELINESee the output of the terminal.
2,2038,0.33203792572021484,0.14102745056152344,CHANGELINECHANGELINEA:CHANGELINECHANGELINEI would suggest that you start by looking at the following:CHANGELINECHANGELINE
2,2040,0.26416444778442383,0.13773036003112793,CHANGELINECHANGELINEI am a student at the University of Cambridge. I am applying to the University of Cambridge
2,2041,0.3216698169708252,0.13564205169677734,-1COMMA3-dioxolaneCOMMA 1COMMA3-dioxaneCOMMA 1COMMA
2,2052,0.23165273666381836,0.13890504837036133,CHANGELINECHANGELINEI’m not sure I’d be able to do it. I�
2,2054,0.14459562301635742,0.13994503021240234,CHANGELINECHANGELINEWe are a small team of two peopleCOMMA and we are looking for a VC to invest
2,2055,0.1412961483001709,0.13986611366271973,CHANGELINECHANGELINEThe flag is a.jpg file.CHANGELINECHANGELINEThe flag is a.jpg file.
2,2056,0.14135289192199707,0.13671565055847168,?CHANGELINECHANGELINEA:CHANGELINECHANGELINEI would say that it is a good choice.CHANGELINEThe client
2,2065,0.3310234546661377,0.13625097274780273,-1COMMA3-dioxolaneCOMMA 1COMMA3-dioxaneCOMMA 1COMMA
2,2066,0.1481950283050537,0.14008378982543945,. the story is about how they grow up and how they deal with the world.CHANGELINECHANGELINEThe
2,2071,0.1405346393585205,0.13740229606628418,CHANGELINECHANGELINEThe following is a guest post by Dr. Michael J. P. SmithCOMMA a professor
2,2075,0.1420612335205078,0.1378326416015625,.CHANGELINECHANGELINEBing:CHANGELINECHANGELINEI'm not sure if you're still aroundCOMMA but I
2,2078,0.15324831008911133,0.14754533767700195,CHANGELINECHANGELINEI will provide you with a general research topic and you will need to write a proposal outlining
2,2081,0.14666986465454102,0.13629889488220215,-hey-hey-hey-hey-hey-hey-hey-hey-hey-hey
2,2091,0.1619718074798584,0.1361558437347412,-1}$ and $a_{n-1}$ are the same.CHANGELINECHANGELINE\\
2,2092,0.1482546329498291,0.1361711025238037,-1}$ and $x_{l-1}$ are the same.CHANGELINECHANGELINEThe
2,2093,0.2098696231842041,0.1450495719909668,CHANGELINECHANGELINE“The most important thing to know about SEO is that it is a long-term
2,2097,0.14513373374938965,0.13583803176879883,-1}$ and $r\\geq 2$.CHANGELINECHANGELINE\\[thm:main
2,2106,0.14459657669067383,0.13630032539367676,-3′COMMA reverse: 5′-GCTGCTGCTGCTGCTG
2,2110,0.15099072456359863,0.14091086387634277,.CHANGELINECHANGELINEA:CHANGELINECHANGELINEYou can use the following query:CHANGELINESELECT CHANGELINE  
2,2125,0.142195463180542,0.13815832138061523,CHANGELINECHANGELINEI am new to golang and I am trying to understand the SOLID principle.CHANGELINE
2,2132,0.4154081344604492,0.13787603378295898, of how it can be used.CHANGELINECHANGELINEA:CHANGELINECHANGELINEThe DictReader class is used
2,2139,0.1480865478515625,0.13747024536132812,CHANGELINECHANGELINEI am a programmer and I am interested in the future of programming languages. I am also
2,2145,0.15899085998535156,0.1376805305480957,-1}$ and $a_{n-1}$ are the same.CHANGELINECHANGELINE\\
2,2149,0.34404659271240234,0.1378166675567627,.CHANGELINECHANGELINEThe report provides a basic overview of the asset management software marketCOMMA including definitionsCOMMA class
2,2151,0.14912033081054688,0.1389024257659912,.CHANGELINECHANGELINEI am looking for a name that is uniqueCOMMA but not too unique. I am
2,2153,0.398174524307251,0.1374068260192871,-1}$ and $d-1$ is the dimension of the space of $k$
2,2154,0.42511439323425293,0.13743329048156738,.CHANGELINECHANGELINEThe script is a little over 10 pages.CHANGELINECHANGELINEThe characters are:CHANGELINECHANGELINE
2,2170,0.14565396308898926,0.13756394386291504,?CHANGELINECHANGELINEThe concept of Transit Oriented Development (TOD) was first introduced in the United
2,2175,0.2801191806793213,0.13775062561035156,CHANGELINECHANGELINEHow to download the fantastic feature anaylsis toolbox for rCHANGELINECHANGELINEHow to
2,2178,0.14809226989746094,0.1382732391357422,CHANGELINECHANGELINEI am a 9 year old girlCOMMA and I would like to know what pictures would be
2,2181,0.275942325592041,0.13852643966674805,CHANGELINECHANGELINEThe answer is yesCOMMA and the game is called “The Last of Us”
2,2203,0.3658134937286377,0.14248204231262207,-1)$-dimensional subspace of $V$ and $W$ is a $(c
2,2210,0.14756250381469727,0.13840556144714355,CHANGELINECHANGELINEA:CHANGELINECHANGELINEThe problem is that you are calling the method in the UI thread.
2,2214,0.1435227394104004,0.13771557807922363,-CHANGELINE                  
2,2223,0.14762234687805176,0.1443943977355957, CHANGELINE CHANGELINE CHANGELINE CHANGELINE CHANGELINE
2,2228,0.14417791366577148,0.13730192184448242,CHANGELINECHANGELINEI’m not sure if I’m going to be able to do it
2,2233,0.15512800216674805,0.14767742156982422,CHANGELINEprint(30)CHANGELINECHANGELINECHANGELINEA:CHANGELINECHANGELINECCOMMA
2,2243,0.14641976356506348,0.1374204158782959,CHANGELINECHANGELINEQuantum computing is a new field of computer science that promises to solve problems that are currently
2,2250,0.1412818431854248,0.13641738891601562, and thank you for visiting AikiWebCOMMA theCHANGELINEworld's most active online Aikido community
2,2256,0.1430060863494873,0.13759613037109375, and thank you for visiting AikiWebCOMMA theCHANGELINEworld's most active online Aikido community
2,2261,0.14738774299621582,0.1402146816253662,.CHANGELINECHANGELINEThe stability of histidine at 40°C was determined by the method of the International
2,2273,0.14908099174499512,0.13877224922180176,CHANGELINECHANGELINEI'm not sure I can.CHANGELINECHANGELINEI'm not sure I want to.CHANGELINE
2,2277,0.1482226848602295,0.13726806640625, and the like.CHANGELINECHANGELINEThe first thing to do is to make sure that you have the right
2,2288,0.4437077045440674,0.14058327674865723,: The first chapter of the book is now available for free on the Kindle.CHANGELINECHANGELINEThe first
2,2293,0.565281867980957,0.1394662857055664,.CHANGELINECHANGELINEI have a 3d model of a car that I need to embed onto a website
2,2294,0.7076642513275146,0.13660717010498047,CHANGELINECHANGELINEThe following is a list of the essential skills that are needed to be a telehealth physician
2,2304,0.3141326904296875,0.13849282264709473,CHANGELINECHANGELINEA:CHANGELINECHANGELINEYou can use the :not selector to exclude the element you want to
2,2311,0.46515560150146484,0.13701963424682617,CHANGELINECHANGELINEThe term “creativity” is used in many different ways. It is used
2,2313,0.28580760955810547,0.13733291625976562,.CHANGELINECHANGELINEI have a friend who is a very successful business man. He is a very nice
2,2319,0.5090293884277344,0.13822269439697266,.CHANGELINECHANGELINEThe first time I saw the word “konsi” was in a
2,2323,0.1453711986541748,0.13719415664672852,.CHANGELINECHANGELINEI’m not sure if I’m going to do it.CHANGELINE
2,2325,0.5709640979766846,0.13567233085632324, and thank you for visiting AikiWebCOMMA theCHANGELINEworld's most active online Aikido community
2,2354,0.15874338150024414,0.13816523551940918, years and you will be a flutter expert.CHANGELINECHANGELINEI am a flutter developer and I
2,2358,0.28199219703674316,0.1380770206451416,CHANGELINECHANGELINEThe law is a profession that is both highly respected and in demand. The legal industry is
2,2361,0.20750951766967773,0.13760828971862793,?\" \"I'm fine.\" \"I'm fine.\" \"I'm fine.\" \"I'm fine
2,2365,0.5975296497344971,0.13918113708496094,CHANGELINECHANGELINEThe following is a list of facts and figures related to Shopee.CHANGELINECHANGELINE1.
2,2376,0.18584704399108887,0.13865327835083008,CHANGELINECHANGELINEI have a dual boot system with Windows 7 and Ubuntu 12.04. I want to
2,2377,0.19135403633117676,0.13972735404968262,CHANGELINECHANGELINEA:CHANGELINECHANGELINEI would suggest you to use a shared file system.CHANGELINEYou can
2,2395,0.14829492568969727,0.1364307403564453,-05                  
2,2404,0.9948370456695557,0.13738226890563965, and thank you for visiting AikiWebCOMMA theCHANGELINEworld's most active online Aikido community
2,2407,0.6695156097412109,0.14223551750183105,COMMA etc.CHANGELINECHANGELINE1.CHANGELINECHANGELINE2.CHANGELINECHANGELINE3.CHANGELINECHANGELINE4.CHANGELINE
2,2419,0.28759026527404785,0.13640737533569336, and thank you for visiting AikiWebCOMMA theCHANGELINEworld's most active online Aikido community
2,2422,0.20897793769836426,0.1388096809387207,CHANGELINECHANGELINEThe levels of consciousness are the following:CHANGELINECHANGELINE1. UnconsciousnessCHANGELINECHANGELINE2
2,2426,0.14448189735412598,0.1407783031463623,CHANGELINECHANGELINEThe plan should include:CHANGELINECHANGELINEa) a brief description of the maungaCHANGELINE
2,2451,0.6463744640350342,0.13743877410888672,-12-00452-f002){ref-typeCHANGELINECHANGELINE[^1]: These authors
2,2457,0.6014094352722168,0.13919782638549805,.CHANGELINECHANGELINEThe first thing to do is to get a mortgage. The second thing is to get
2,2463,0.1462240219116211,0.13652348518371582,-CHANGELINECHANGELINEI have a question about the \"How to be a better programmer\" book.CHANGELINE
2,2469,0.15303254127502441,0.14499545097351074,.CHANGELINECHANGELINEI am writing this letter to request a refund of the money I paid for the vehicle
2,2471,0.14650893211364746,0.1370677947998047,-1}$ and $a_{n-1}$ are the same.CHANGELINECHANGELINE\\
2,2482,0.14650607109069824,0.13601374626159668, and \"The Big Bang Theory.\"CHANGELINECHANGELINEThe show is produced by Chuck Lorre ProductionsCOMMA in
2,2485,0.19288015365600586,0.13722014427185059, and startCHANGELINEinvesting in the future.CHANGELINECHANGELINE------CHANGELINEjoshuaellingerCHANGELINEI
2,2501,0.15010452270507812,0.1472456455230713, process. The algorithm is a set of instructions that is used to create the digital community tax certificate or
2,2505,0.23436665534973145,0.14002346992492676,CHANGELINECHANGELINE1.CHANGELINECHANGELINE2.CHANGELINECHANGELINE3.CHANGELINECHANGELINE4.CHANGELINECHANGELINE5.
2,2509,0.13826823234558105,0.13616085052490234,-1}$ and $d-1$ is the dimension of the space of $k$
2,2526,0.14261269569396973,0.13704347610473633,-1}$ and $t\\in\\mathbb{N}$ is a constant.
2,2544,0.14944863319396973,0.14225244522094727,CHANGELINECHANGELINEI'm not going to pretend to be an expert in any of those areas. I'm
2,2560,0.1432180404663086,0.1365032196044922,-1.0)               
2,2574,0.39760661125183105,0.13822674751281738,CHANGELINECHANGELINEA:CHANGELINECHANGELINEYou can use the Array.prototype.reduce() method to get
2,2577,0.15026545524597168,0.13945722579956055,.CHANGELINEimport xlwings as xwCHANGELINEimport datetimeCHANGELINECHANGELINEdef short_date(
2,2588,0.14962291717529297,0.14051222801208496,.CHANGELINECHANGELINEI’m not a native English speakerCOMMA so I’m sorry if
2,2594,0.15667295455932617,0.14931178092956543, but I am not familiar with the field of machine learning.CHANGELINEI have been looking at the following
2,2597,0.2119436264038086,0.13764286041259766,-1}$ is the $N$-th order derivative of $f$ at $x
2,2602,0.350754976272583,0.13737130165100098,CHANGELINECHANGELINEI am a UI/UX designer and I am working on an AI startup. I have
2,2607,0.14671850204467773,0.13866233825683594,CHANGELINECHANGELINEI have a list of settlement sizes. I want to see if the distribution of settlement sizes
2,2617,0.14298176765441895,0.13771438598632812,?CHANGELINECHANGELINEI am a professor at a small liberal arts college. I have a class of about
2,2618,0.1463017463684082,0.13950109481811523,.CHANGELINECHANGELINEA:CHANGELINECHANGELINEYou can use the following code to generate a PDF from a form
2,2625,0.14239954948425293,0.13781428337097168,-1}$ and $r\\geq 2$.CHANGELINECHANGELINE\\[thm:main
2,2637,0.14849066734313965,0.1372206211090088, and thank you for visiting AikiWebCOMMA theCHANGELINEworld's most active online Aikido community
