client_id,req_id,req_time,complete_time,output
5,2326,0.37293481826782227,0.36860108375549316,CHANGELINEThe ninja muffin was a force to be reckoned with. Its stealthy movements and sharp edges
5,2327,0.2709310054779053,0.2637059688568115,CHANGELINEOne way to combine the Most frequently used and most recently used algorithms is to use a weighted average
5,2329,0.4181253910064697,0.2597665786743164,> CHANGELINEHave you tried using a different browser or clearing your browser cache to see if that resolves
5,2343,0.27959108352661133,0.26784658432006836,CHANGELINEYou can use the `local_file` data source in Terraform to download the PowerShell
5,2344,0.5459294319152832,0.26938486099243164,CHANGELINEThe web application should allow potential buyers to create a queue of books they are interested in purchasing.
5,2352,0.27341127395629883,0.26299595832824707,CHANGELINETo calculate the derivative of two rows of numbers in Google SheetsCOMMA you can use the following formula
5,2357,0.2712714672088623,0.26391029357910156,CHANGELINERadio opaque refers to a material that absorbs X-rays and prevents them from passing through it.
5,2360,0.7398018836975098,0.2613365650177002,CHANGELINEI'm sorryCOMMA but as an AI language modelCOMMA I cannot create a project or generate
5,2368,1.5831639766693115,0.26538753509521484,CHANGELINEI'm sorryCOMMA I cannot provide an accurate response without additional context or information.
5,2372,0.26950669288635254,0.2588541507720947, CHANGELINEThe `onRequest` method is called when a request is received by the server.
5,2379,0.2701256275177002,0.2611203193664551,CHANGELINEThe longest running show in television history is 'The Simpsons'COMMA which has been airing since
5,2380,0.26953625679016113,0.26223182678222656,CHANGELINEThe first airline meal was served in 1919 on a flight from Paris to London.
5,2383,0.26358795166015625,0.25902628898620605, = [1COMMA 2COMMA 3COMMA 4COMMA 5COMMA 6
5,2394,0.636958122253418,0.26044487953186035, = 0;CHANGELINECHANGELINEfor (int i = 0; i <
5,2395,0.4765298366546631,0.2588028907775879, and the surrounding area.
5,2401,0.8376212120056152,0.2607290744781494, = [1COMMA 2COMMA 3COMMA 4COMMA 5]CHANGELINEB
5,2413,2.4646425247192383,0.2618441581726074,CHANGELINEBusiness continuity planning (BCP) is a process that aims to ensure that a business can
5,2432,4.3738439083099365,0.28592371940612793,CHANGELINEYou can use the `logging` module in Python to capture the standard output of the ML
5,2434,4.041438817977905,0.26115965843200684,CHANGELINEI'm sorryCOMMA I am an AI language model and I do not have the capability to
5,2435,4.0571722984313965,0.26909422874450684,CHANGELINEIt's great that you're launching the Queer Animation Archive! When you meet Alan
5,2436,4.157386302947998,0.26483917236328125,CHANGELINEI'm sorryCOMMA but as an AI language modelCOMMA I cannot simulate being a human or
5,2437,4.385631084442139,0.26168107986450195,CHANGELINEDMA (Dynamic Mechanical Analysis) test is an important test for composite materials. It is
5,2439,4.898969411849976,0.2609238624572754,CHANGELINEIoT can be applied in logistics in various ways such as:CHANGELINECHANGELINE1. Real-time
5,2448,5.505897283554077,0.26191163063049316,CHANGELINEThere are several types of algorithms for lossy data compressionCOMMA including:CHANGELINECHANGELINE1. Disc
5,2450,5.856404542922974,0.26081299781799316,CHANGELINEBrazilian jiu-jitsu is a martial art and combat sport that focuses on grappling and
5,2456,6.977317571640015,0.27377748489379883,CHANGELINEHere's a Python solution:CHANGELINECHANGELINE```pythonCHANGELINEdef intersection(list1COMMA list2
5,2459,7.125173807144165,0.268230676651001,CHANGELINEAs an AI language modelCOMMA I cannot access external websites or URLs. HoweverCOMMA I can suggest
5,2460,7.341740608215332,0.25963783264160156, and `get_ipython` to get the current notebook and IPython object respectively. Then
5,2462,6.435849189758301,0.2618260383605957,CHANGELINEAs an AI language modelCOMMA I do not have personal experience with NESTED-SETS
5,2463,6.6528990268707275,0.25963473320007324,COMMACHANGELINEI have a question regarding the use of the \"onRequest\" method in the 
5,2464,6.670241832733154,0.2616558074951172,CHANGELINEThere are many possibilities for variations of Harry Potter world witches with the last name Burve. Here
5,2468,7.265581130981445,0.25914549827575684, and welcome to the 2018-2019 school year!CHANGELINEMy name is Mrs. K
5,2470,7.223057985305786,0.2652928829193115,CHANGELINERichard Fulkerson's \"Four Philosophies of Composition\" is a theory of composition
5,2473,7.113137245178223,0.26230621337890625,CHANGELINEIt depends on the definition of \"metaphysical\". Some definitions of \"metaph
5,2475,6.96211314201355,0.26956939697265625,CHANGELINEThere is no clear consensus among experts on the likelihood of societal collapse in the year 2040
5,2485,6.807085037231445,0.2617948055267334,CHANGELINEIt can be challenging to convince a company to change their waysCOMMA especially when it comes to money
5,2487,7.236144781112671,0.27971839904785156,CHANGELINESureCOMMA here are 10 questions for a machine learning skills test:CHANGELINECHANGELINE1. What
5,2489,7.574140787124634,0.26189708709716797,CHANGELINESureCOMMA here's a simple code for a Flappy Bird-like game in Unity:
5,2503,7.433279752731323,0.2598860263824463, and the surrounding area.
5,2504,7.618792533874512,0.2620809078216553,CHANGELINEHere is an example of sync and async code on the same thread and multi thread in Java:
5,2510,7.614001274108887,0.27222108840942383,CHANGELINEProductionEquipmentSchemaCHANGELINEProduction date: <date>CHANGELINEShift: <shift>CHANGELINE
5,2512,7.787921190261841,0.26996660232543945,CHANGELINESureCOMMA please provide me with more information about the topicCOMMA the age range of your studentsCOMMA
5,2517,7.984825134277344,0.2616422176361084, and welcome to the 2018-2019 school year!CHANGELINEMy name is Mrs. K
5,2522,8.190077304840088,0.2643725872039795,CHANGELINEIt's possible that the dashboard data is not available for your specific specs number. You can
5,2524,8.655663251876831,0.26235270500183105,CHANGELINETo get the bounding box of a deeply nested SVG objectCOMMA you can use the `
5,2525,8.864227771759033,0.27091097831726074,CHANGELINEI'm sorryCOMMA I cannot provide a translation as the sentence is incomplete and lacks context.
5,2528,8.980973243713379,0.33264899253845215,CHANGELINESure! Here are the steps to create a server in DigitalOcean:CHANGELINECHANGELINE1. Go
5,2536,8.263277769088745,0.26592159271240234,CHANGELINEThere could be several reasons why a file is loading to 99% and then hanging. Some
5,2540,8.617992877960205,0.25928831100463867, and the surrounding area.
5,2543,8.9273521900177,0.2643928527832031,CHANGELINELesson Plan: Using a Cordless Impact DriverCHANGELINEObjective: Students will learn how to use a
5,2545,9.30815863609314,0.33795928955078125, - APPLECHANGELINE- Company Name: CHANGELINE - APPLECHANGELINE- Company Description:
5,2547,9.031121253967285,0.2593998908996582, = 0;CHANGELINEwhile (have_posts()) : the_post();CHANGELINE   
5,2551,9.589245796203613,0.2588183879852295,> CHANGELINEHave you tried using a different browser or clearing your browser cache to see if that resolves
5,2553,9.880681991577148,0.26186394691467285,CHANGELINEThere is no guaranteed method to conceive and have a baby girl. HoweverCOMMA some methods that may
5,2554,9.99919056892395,0.26218175888061523,CHANGELINEJoins in SQL are used to combine data from multiple tables based on a common column or columns
5,2555,9.810973405838013,0.2640354633331299,CHANGELINEOnce upon a timeCOMMA there was a kingdom where the king ruled over his subjects. The king
5,2556,10.012223720550537,0.2591431140899658, and welcome to the 2018-2019 school year!CHANGELINEMy name is Mrs. K
5,2562,10.458735942840576,0.2616007328033447,CHANGELINEIn PHPCOMMA the echo statement is used to output a value to the browser. It is a
5,2570,10.734415292739868,0.26035046577453613,COMMACHANGELINEI have a question regarding the use of the \"onRequest\" method in the 
5,2576,10.813202857971191,0.26999926567077637,CHANGELINEI'm smoking weed late at nightCOMMACHANGELINEAnd I'm feeling alrightCOMMACHANGELINEChat
5,2585,10.878500699996948,0.2616875171661377,CHANGELINEA parabola is a curve that is formed by the intersection of a plane and a cone.
5,2588,11.03952670097351,0.2688593864440918,CHANGELINEAuto_route is a Flutter library that provides a simple and easy way to manage navigation in
5,2591,11.489953994750977,0.258739709854126, = 0;CHANGELINEwhile (t < 100) {CHANGELINE    t 
5,2592,11.74866271018982,0.2650289535522461,CHANGELINEAs an AI language modelCOMMA I cannot provide a specific answer to this question as it requires knowledge
5,2598,11.999823331832886,0.2652099132537842,CHANGELINEIntroduction:CHANGELINE- Hawaii has one of the highest rates of traffic fatalities in the United States.
5,2599,12.135146379470825,0.26124119758605957,?CHANGELINESureCOMMA here are some domain names that could be suitable for Bitcoinverse:CHANGELINECHANGELINE1
5,2601,12.296523809432983,0.27163124084472656,CHANGELINEAs an AI language modelCOMMA I do not have personal experience with any of the vendors mentioned below
5,2602,12.54675579071045,0.26105356216430664,CHANGELINEI'm sorryCOMMA but as an AI language modelCOMMA I cannot provide you with any ideas
5,2610,13.6253080368042,0.2594473361968994,'s `get_ipython` function to get the IPython objectCOMMA and then use
5,2612,13.951786756515503,0.26102209091186523, and the surrounding area.
5,2618,15.095601797103882,0.27056360244750977,CHANGELINEYesCOMMA there are several tools and libraries available that can help you convert a form into a PDF
5,2620,15.360630989074707,0.2610650062561035,CHANGELINEI'm sorryCOMMA but as an AI language modelCOMMA I cannot generate a story that will
5,2630,15.315144062042236,0.2706151008605957,.CHANGELINE1. Experiment with different mediums and styles to find your own unique voice.CHANGELINE2.
5,2632,15.182692289352417,0.27689290046691895,CHANGELINEI'm sorryCOMMA I cannot confirm anything as I am an AI language model and do not
5,2644,15.430178165435791,0.26349544525146484,CHANGELINEThe B25 ICP License is required for commercial apps in China because it is a license issued
5,2646,15.576675653457642,0.2599937915802002, and the surrounding area.
5,2656,16.23658275604248,0.2655024528503418,CHANGELINETo impress the interviewerCOMMA you should showcase your technical skills and experience in building web applications. You
5,2665,17.16656804084778,0.26279592514038086,CHANGELINEAs an AI language modelCOMMA I do not have a specific limit on the length of my responses
5,2671,17.607739448547363,0.26961231231689453,COMMA riversCOMMA lakesCOMMA mountainsCOMMA valleysCOMMA desertsCOMMA forestsCOMMA citiesCOMMA townsCOMMA villagesCOMMA highways
5,2684,19.67485809326172,0.26355719566345215,CHANGELINELCD screens have a fixed pixel densityCOMMA meaning that the pixels are arranged in a specific pattern
5,2687,20.377010345458984,0.2602715492248535, = 0;CHANGELINECHANGELINEfor (int i = 0; i <
5,2688,20.447484970092773,0.2626941204071045,CHANGELINEThe golden ratioCOMMA also known as the golden ratio or golden sectionCOMMA is a mathematical constant that
5,2689,20.711784601211548,0.25957202911376953,>CHANGELINECHANGELINE<p>This code will create a new <code>DataFrame</code>
5,2702,21.26505470275879,0.2881288528442383,CHANGELINEThe assembly code for the given Python code is as follows:CHANGELINECHANGELINE<pre><code>def
5,2703,21.519943237304688,0.2609596252441406,CHANGELINEThe main topic for articles that discuss vacuum cleaners could be 'Best Vacuum Cleaners' or
5,2709,21.288217544555664,0.26077842712402344,s a sample code snippet that demonstrates how to use the `get_ipython` function to
5,2713,22.15587019920349,0.27991700172424316,I got a B+ first sem of BC and still got GT for CS you’ll be 
5,2714,22.330720901489258,0.26874661445617676,CHANGELINEThere are many alternatives to animal proteinsCOMMA including plant-based proteins such as beansCOMMA lentilsCOMMA
5,2719,23.35137391090393,0.2604348659515381,CHANGELINEThe distance from India to Cuba is approximately 12COMMA000 kilometers.
5,2723,23.211822509765625,0.2607600688934326,CHANGELINETo reinstate your Google Merchant accountCOMMA you will need to follow the steps outlined in the email
5,2727,23.747169017791748,0.2708742618560791,COMMA friendsCOMMA moneyCOMMA loveCOMMA respectCOMMA healthCOMMA peaceCOMMA jobCOMMA familyCOMMA educationCOMMA food
5,2734,23.805400609970093,0.26129841804504395, is different or strange.
5,2735,23.765416383743286,0.27820324897766113,CHANGELINEDay 1: Arrival and OrientationCHANGELINEAccommodation: 50 eurosCHANGELINEFood: 20
5,2736,23.11010479927063,0.25878238677978516, = 0; i < 100; i++) {CHANGELINE    var randomNumber 
5,2744,23.0867600440979,0.3359801769256592,CHANGELINEIt depends on your shipping needs and the current market conditions. If you have consistent shipping needs and
5,2754,24.79546332359314,0.26208996772766113,CHANGELINEThere are several WebRTC tools available in the marketCOMMA some of the popular ones are:CHANGELINE
5,2755,24.72585415840149,0.2588677406311035, and 2010.
5,2763,25.69218921661377,0.27069902420043945, CHANGELINE CHANGELINE CHANGELINE CHANGELINE CHANGELINE CHANGELINE CHANGELINE CHANGELINE CHANGELINE CHANGELINE
5,2778,27.604736804962158,0.26149535179138184,CHANGELINE2
5,2779,27.861350059509277,0.2613036632537842,CHANGELINEThere are several reasons why people may become cranky as they get older. Some of the most
5,2780,27.927441120147705,0.3399193286895752,CHANGELINEYesCOMMA you can use Git hooks to achieve this. Git hooks are scripts that are executed automatically
5,2782,27.29848051071167,0.2694528102874756,CHANGELINESaffron Farming in Shipping Containers | Grow saffron indoor anywhere without soil and Water
5,2783,27.324036598205566,0.2606208324432373,CHANGELINEI'm sorryCOMMA I am an AI language model and I do not have the capability to
5,2785,27.395865440368652,0.2652592658996582,CHANGELINEHere is the code for the DFT in Manim:CHANGELINECHANGELINE```pythonCHANGELINEfrom manim
5,2794,26.058151483535767,0.2632014751434326,CHANGELINEHere's an example code snippet using ternary operation to check if a toggle is checked
5,2812,25.019684076309204,0.265500545501709,CHANGELINEHere is the table:CHANGELINECHANGELINEPresident | Spouse | DogCHANGELINE:--- 
5,2818,26.161792278289795,0.2628190517425537,CHANGELINEAs an AI language modelCOMMA I don't have a philosophy. HoweverCOMMA the Socratic
5,2823,26.788676023483276,0.262692928314209,!CHANGELINEI'm sorryCOMMA but as an AI language modelCOMMA I don't have the
5,2824,26.951921939849854,0.2691006660461426,CHANGELINEHere are some caption suggestions for your friend's Instagram post:CHANGELINE- \"Coffee break
5,2828,27.340891122817993,0.26498985290527344,CHANGELINESureCOMMA I'd be happy to help you with that. Can you please provide me with
5,2832,27.554739713668823,0.2604372501373291,CHANGELINEIt is highly unlikely that a cat could dominate the world. While cats are intelligent and adaptable creatures
5,2838,27.291433095932007,0.2620091438293457,CHANGELINEI'm sorryCOMMA I am an AI language model and I do not have access to real
5,2841,27.624133586883545,0.26071810722351074,CHANGELINECollaboration is becoming increasingly important in today's world. With the rise of social media and
5,2842,27.759243488311768,0.2785303592681885,As a student what should I do on Pre-boardCHANGELINEAs a student what should I do
5,2849,27.552184581756592,0.26169252395629883, on the bodyCHANGELINECoffee can have both positive and negative effects on the body. Some potential benefits of
5,2857,28.152186632156372,0.26176905632019043,CHANGELINEIslam arrived in the subcontinent through various means such as tradeCOMMA migrationCOMMA and conquest.
5,2862,29.079350233078003,0.28279876708984375,CHANGELINEAs a userCOMMA I want to see all my pending invitations to teams so that I can accept
5,2879,28.526076078414917,0.2697720527648926,CHANGELINESan Diego:CHANGELINEPros:CHANGELINE- Beautiful weather year-roundCHANGELINE- Close to the beach
5,2881,28.796950817108154,0.27020740509033203,CHANGELINEWhen you are in a hurryCOMMA active listening can be beneficial as it helps you understand the other
5,2884,29.34608769416809,0.3648059368133545, 이러한 직업은 아
5,2885,28.807865142822266,0.2849595546722412,CHANGELINEIn high school biology classCOMMA I learned about the different types of cells in the bodyCOMMA including
5,2889,27.942793130874634,0.2648956775665283,CHANGELINESureCOMMA I'd be happy to help! What would you like to discuss?
5,2894,26.31446075439453,0.2709934711456299,CHANGELINEJeff will make a profit of $2COMMA000 if he sells all of the products.
5,2896,25.759188175201416,0.261061429977417,CHANGELINEI'm sorryCOMMA I cannot provide a pitch for affiliate business opportunities as it goes against my
5,2898,25.490901231765747,0.26357269287109375,CHANGELINEThe question \"What a cow drink?\" is a trick question because cows do not drink water
5,2900,25.862839937210083,0.266127347946167,CHANGELINETo build a browser extension for Chrome that allows you to take a screenshot of any pageCOMMA you
5,2903,25.820690393447876,0.26152586936950684,CHANGELINEInnovation is a key driver of organizational success. It is the process of creating new productsCOMMA services
5,2909,24.140143394470215,0.25922560691833496, and welcome to the 2018-2019 school year!CHANGELINEMy name is Mrs. K
5,2910,24.29566478729248,0.26029038429260254,CHANGELINEZero is a singular noun and is not affected by the number of items it is referring to.
5,2911,24.544477462768555,0.2642076015472412,CHANGELINEAs an AI language modelCOMMA I cannot provide advice on how to negotiate rent. HoweverCOMMA I
5,2912,24.646507740020752,0.26483702659606934,CHANGELINEAs an AI language modelCOMMA I can suggest the following steps to develop a web application to monitor
5,2916,22.80568027496338,0.2627742290496826,CHANGELINELeetcode #1: Two SumCHANGELINELeetcode #2: Two Sum
5,2922,21.62321925163269,0.262470006942749,CHANGELINEDuring aerobic cellular respirationCOMMA one molecule of glucose produces 36 molecules of ATP.
5,2925,21.16747236251831,0.26204633712768555,CHANGELINETo make images wrap to the right in sets of 5COMMA you can use CSS flexbox
5,2927,20.155009031295776,0.2864546775817871,CHANGELINEHere's the bash code to achieve this:CHANGELINECHANGELINE```CHANGELINEmkdir fast5_filesCHANGELINE
5,2933,17.55971908569336,0.26581382751464844,CHANGELINEI'm sorryCOMMA but as an AI language modelCOMMA I do not have access to real
5,2938,15.965856790542603,0.27031540870666504,CHANGELINEI know that you are a human and I am an AI. I know that you are clueless
5,2943,15.714087724685669,0.26494359970092773,\\n\\nA Faraday cage is a structure made of conductive material that blocks electromagnetic fields
5,2949,15.023328065872192,0.26149439811706543,CHANGELINEAs an AI language modelCOMMA I cannot provide a step-by-step guide on how to
5,2950,13.322548151016235,0.2693154811859131,CHANGELINEHere's an example code snippet using MUI to create a react component that shows a user
5,2955,11.030874967575073,0.2729611396789551,ㅐㅔㅐㅓㅔㅓ�
5,2959,9.799382448196411,0.2644948959350586,CHANGELINEIt is difficult to quantify the exact percentage of understanding of the universe that has been created in the
5,2964,8.694087028503418,0.3241157531738281, = 5CHANGELINEy = 10CHANGELINEz = 15CHANGELINECHANGELINEprint(
5,2966,7.308007001876831,0.27422642707824707,CHANGELINEYou can communicate to the brand/marketing team in non-technical terms that an iOS app deployment
5,2968,6.201031923294067,0.2728855609893799,\\CHANGELINEHere is a VBA script that should accomplish what you're asking for:CHANGELINECHANGELINE```
5,2973,0.3431358337402344,0.26892709732055664,COMMACHANGELINEI have a question regarding the use of the \"onRequest\" method in the 
5,2987,0.273773193359375,0.2668325901031494,CHANGELINETo inverse the order of two buttons when they stack on a responsive webpageCOMMA you can use CSS
5,2994,0.8370108604431152,0.26033854484558105, = 0;CHANGELINEwhile (t < 100) {CHANGELINE    t 
5,2998,0.2653820514678955,0.26082634925842285,CHANGELINEI'm sorryCOMMA I cannot provide a sample paragraph without additional context or information. Please provide
5,3004,0.26859021186828613,0.26140570640563965, for a new businessCHANGELINEGreat! What is your idea?
5,3013,0.27497315406799316,0.2703406810760498,CHANGELINEThe ABC MurdersCHANGELINEThe ABC Murders is a 1936 novel by Agatha Christie
5,3020,0.2647719383239746,0.2608373165130615,CHANGELINEHow about 'Sold Out Success'?
5,3032,0.34399986267089844,0.3360722064971924,CHANGELINEI'm sorryCOMMA I cannot provide a response as I am an AI language model and do
5,3033,0.5089521408081055,0.2641561031341553,CHANGELINEHere is a program with two compilation errorsCOMMA a runtime errorCOMMA and a logical error:CHANGELINECHANGELINE
5,3038,0.27295422554016113,0.26368212699890137,CHANGELINEHere are the 100 most used Japanese words:CHANGELINE1. ありがと
5,3039,0.3501851558685303,0.26046085357666016,CHANGELINEI'm sorryCOMMA but as an AI language modelCOMMA I do not have access to real
5,3047,0.2743265628814697,0.2695956230163574,CHANGELINEBayesian statistics is an alternative approach to frequentist statistics that is based on probability theory. In
5,3049,0.6315457820892334,0.2707662582397461,CHANGELINEHere's a sample bash script that should accomplish what you're looking for:CHANGELINECHANGELINE```
5,3056,0.28066205978393555,0.27233195304870605,CHANGELINE1. We offer a one-stop solution for all your customs clearance needsCOMMA saving you time
5,3057,0.2781095504760742,0.27205395698547363,CHANGELINEMiners run full nodes to ensure the integrity of the blockchain and to verify transactions. They need
5,3058,0.5123319625854492,0.26155519485473633,CHANGELINEI'm sorryCOMMA but I cannot provide a response to this prompt as it is not a
5,3071,0.5877976417541504,0.262880802154541,CHANGELINETo upload a file to MongoDB using Node.jsCOMMA you can use the Mongo
5,3080,0.27837419509887695,0.2676270008087158,CHANGELINESure! Here's a sample menu:CHANGELINECHANGELINE1. Greek Nachos: Pita
5,3083,0.26572227478027344,0.2588322162628174, and welcome to the 2018-2019 school year!CHANGELINEMy name is Mrs. K
5,3084,0.2678191661834717,0.2632181644439697,CHANGELINENoCOMMA the words \"membrane\" and \"member\" are not etymologically
5,3097,0.284818172454834,0.27922844886779785,.CHANGELINEHere is an EL program that implements the trading system described:CHANGELINECHANGELINE```CHANGELINE// Define the
5,3103,0.2656433582305908,0.2612946033477783,CHANGELINESureCOMMA what is your question?
5,3118,0.6786510944366455,0.2597479820251465,>CHANGELINECHANGELINE<p>This code will create a new <code>DataFrame</code>
5,3127,1.0058317184448242,0.26584553718566895,CHANGELINEThe Investigation Team from Persona 4 are working at the local McDonaldsCOMMA and they are
5,3128,1.2752554416656494,0.2692248821258545,CHANGELINEAs an AI language modelCOMMA I cannot act as a Google My Business - Offer Post.
5,3132,0.6400473117828369,0.26161646842956543,CHANGELINEThere are several tools available for automatically generating WSDL for a Python SOAP API. Some
5,3134,0.28436779975891113,0.2786097526550293,CHANGELINEThey have a team of experts that help businesses create the best representation of their products online. They
5,3145,1.2727463245391846,0.2655513286590576,CHANGELINEAs an AI language modelCOMMA I do not have the ability to provide legal advice. HoweverCOMMA
5,3148,2.07914400100708,0.2690298557281494,CHANGELINEHere are the steps to create a Java project in IntelliJ with Maven as the dependency
5,3153,2.207848310470581,0.2590000629425049, = [1COMMA 2COMMA 3COMMA 4COMMA 5]CHANGELINECHANGELINE
5,3154,1.943481683731079,0.25882816314697266, and welcome to the 2018-2019 school year!CHANGELINEMy name is Mrs. K
5,3157,2.574788808822632,0.2622232437133789,.CHANGELINEI'm sorryCOMMA I am an AI language model and I do not have the capability
5,3182,3.8215525150299072,0.2631721496582031,CHANGELINEI will create fastCOMMA ai abstract art illustrations from your ideas using midjourney AICHANGELINEAbout
5,3188,4.051866292953491,0.2684907913208008,CHANGELINEArmathys is a Shadar-KaiCOMMA a race of shadowy beings who
5,3192,4.2265625,0.25989222526550293, `onRequestPermissionsResult()` 方法。CHANGELINECHANGELINE2. 
5,3199,3.6929783821105957,0.2683873176574707,CHANGELINEDear Boutique OwnerCOMMACHANGELINECHANGELINEI am writing to introduce you to our line of magnetic lashes.
5,3201,3.6012871265411377,0.26568007469177246,CHANGELINEThe philosophy of education in the United States has evolved over timeCOMMA with different approaches and ideas emerging
5,3203,4.160784482955933,0.26081371307373047,CHANGELINESureCOMMA I can help you with that! Here are the steps to create a sales funnel for
5,3217,5.1857686042785645,0.26526689529418945,CHANGELINESureCOMMA you can use regular expressions to match and remove the string. Here's an example
5,3221,5.910576820373535,0.2642097473144531,CHANGELINEThere are several medical journals that could be good options for advertising a neurologist position. Some popular
5,3231,7.376677751541138,0.26575565338134766,CHANGELINESure! Here's a simple recipe for making hummus:CHANGELINECHANGELINEIngredients:CHANGELINE- 
5,3232,7.350991725921631,0.2597086429595947, and welcome to the 2018-2019 school year!CHANGELINEMy name is Mrs. K
5,3239,8.047110795974731,0.2704353332519531,CHANGELINEI'm sorryCOMMA I cannot provide a response as the prompt is incomplete and lacks context.
5,3240,8.343714475631714,0.2963848114013672,CHANGELINEThe most likely diagnosis is bacterial vaginosis (BV) and microscopy of the discharge
5,3245,8.41839051246643,0.266965389251709,CHANGELINEHeroes of our time are individuals who have made significant contributions to society and have inspired others to
5,3249,8.517354011535645,0.3279552459716797,COMMACHANGELINEI have a question regarding the use of the \"onRequest\" method in the 
5,3255,9.670475006103516,0.262113094329834,CHANGELINETo read a text file using PHP and convert it to CSV or JSONCOMMA you can use the
5,3258,10.400524854660034,0.26204371452331543,CHANGELINEThere are several cyber security companies in IsraelCOMMA including:CHANGELINE1. Check Point Software Technologies Ltd
5,3273,11.097208976745605,0.26331138610839844,CHANGELINESure! Here are 10 hashtags for a YouTube video about anterior pelvic tilt:CHANGELINE#an
5,3280,11.045189380645752,0.25886034965515137,COMMACHANGELINEI have a question regarding the use of the \"onRequest\" method in the 
5,3282,11.328644752502441,0.2693049907684326,CHANGELINEThere are several ways to connect an Azure Active Directory app to an external SharePoint site to create and
5,3283,11.502707242965698,0.2588484287261963, = 0;CHANGELINEwhile (t < 100) {CHANGELINE    t 
5,3289,11.12883734703064,0.26943135261535645,CHANGELINEThe year is 3020COMMA and the world is in turmoil. The Great War of 
5,3294,11.452907800674438,0.2633941173553467,CHANGELINECHANGELINEHere's the modified code for an OHLC chart:CHANGELINECHANGELINE```CHANGELINEimport matplot
5,3301,11.519195795059204,0.260530948638916,CHANGELINEQuantum computing is a type of computing that uses quantum-mechanical phenomenaCOMMA such as super
5,3305,11.21012568473816,0.26019287109375, and welcome to the 2018-2019 school year!CHANGELINEMy name is Mrs. K
5,3307,11.047080755233765,0.262376070022583,CHANGELINEIn ChineseCOMMA you can wish someone 'happy birthday' by saying'sheng ri
5,3309,11.507354497909546,0.34415388107299805,CHANGELINEAs an AI language modelCOMMA I cannot write an article for you. HoweverCOMMA I can suggest
5,3315,12.118659257888794,0.2618284225463867,CHANGELINESureCOMMA here are 10 questions to test your personality:CHANGELINE1. Do you enjoy spending
5,3338,11.882539987564087,0.2642958164215088,CHANGELINETo create a 3D sphere using Spline softwareCOMMA you can follow these steps:CHANGELINE
5,3342,12.067559957504272,0.2648298740386963,CHANGELINEThe joke is funny because it highlights the absurdity of the criminalization of marijuanaCOMMA which has
5,3347,12.300719976425171,0.27830052375793457,CHANGELINETwitter should have an ChatGPT-like assistant that can curate your feed based on prompts
5,3348,12.111911296844482,0.2620077133178711,CHANGELINEThere are several libraries available that can help you convert HTML to PDF using JavaScript on the client side
5,3349,12.318499565124512,0.2648293972015381,.CHANGELINEI'm sorryCOMMA I don't understand the context of your statement. Could you
5,3352,13.457611322402954,0.26943540573120117,CHANGELINESureCOMMA I can definitely help you with that! Here's a basic syllabus that we can
5,3362,14.28587818145752,0.2630035877227783,CHANGELINEAs an AI language modelCOMMA I do not have access to your specific data. HoweverCOMMA Facebook
5,3363,14.535988807678223,0.2610971927642822,CHANGELINERepetition compulsion is a defense mechanism in which a person repeats a traumatic event or its
5,3372,14.988080024719238,0.2599070072174072, CHANGELINEThe `onRequest` method is called when a request is received by the server.
5,3376,15.756819248199463,0.26287031173706055,CHANGELINESureCOMMA here are some steps to follow:CHANGELINECHANGELINE1. Define your campaign goal: What
5,3390,15.844122171401978,0.2654290199279785,CHANGELINELearning a new language can be challengingCOMMA but with practice and dedicationCOMMA it is possible to become
5,3391,15.917907476425171,0.2665982246398926,CHANGELINEHeat shock proteins (HSPs) are a family of proteins that are produced by cells
5,3393,16.064207077026367,0.2693665027618408,CHANGELINESure! Here's a short story:CHANGELINECHANGELINEThe sun was setting over the quaint village
5,3406,13.598894596099854,0.2604560852050781, = \"http://www.w3.org/2001/XMLSchema\";CHANGELINE
5,3413,13.09856915473938,0.25964951515197754, and `get_ipython` to get the current notebook and IPython object respectively. Then
5,3419,13.380509853363037,0.2647666931152344,CHANGELINETo get a report for only one single employeeCOMMA you can use the following steps in Tableau
5,3424,13.468209028244019,0.2663588523864746,CHANGELINEDear DaveCOMMACHANGELINECHANGELINEI'm sorry to hear that you feel that way about Dan.
5,3433,13.320741176605225,0.27193260192871094,CHANGELINEAnnie needs to make 30 scoops of cake (6 scoops x 5 cups
5,3436,13.523698329925537,0.2614161968231201,CHANGELINEMeeting tools for sales are software or applications that help sales teams conduct meetings with prospects and customers.
5,3444,12.637474775314331,0.2622690200805664, = int(input())CHANGELINECHANGELINEif n == 1:CHANGELINE    print(\"1\")
5,3461,12.429908514022827,0.2600669860839844, = 0;CHANGELINEwhile (t < 100) {CHANGELINE    t 
5,3467,13.221322059631348,0.2661170959472656,CHANGELINEI'm sorry to inform you all that I have been fired from work. I know it
5,3470,13.743106842041016,0.26358819007873535,CHANGELINEAmerican Eye Center is a leading eye care center in the United States. We offer a wide range
5,3477,13.746317625045776,0.26191115379333496,CHANGELINEMorality in children is a complex topic that can be explored through various stories. One such story
5,3481,14.010417938232422,0.2591261863708496, 'wp_add_inline_style'COMMA'my_custom_styles'COMMA 100
5,3485,13.701745510101318,0.2638273239135742,CHANGELINESome of the most critical differences between cities today and in the future include the increasing use of technology
5,3494,14.391661643981934,0.26336002349853516,CHANGELINEI'm sorryCOMMA I am an AI language model and I do not have the capability to
5,3501,14.66402530670166,0.2706918716430664,CHANGELINE1. Introduction:CHANGELINE- Introduce yourself and your expertiseCHANGELINE- Explain why it's
5,3512,13.135992050170898,0.26389479637145996,CHANGELINEHere are a few examples of Python programs:CHANGELINECHANGELINE1. Print 'HelloCOMMA world
5,3513,13.291595458984375,0.26070213317871094,) = 2CHANGELINECHANGELINEThereforeCOMMA the number of ways to make change for $1
5,3524,14.40073847770691,0.26022791862487793, and welcome to the 2018-2019 school year!CHANGELINEMy name is Mrs. K
5,3534,13.46233606338501,0.2776620388031006,CHANGELINEAs an AI language modelCOMMA I cannot see the code you are working onCOMMA so I cannot
5,3547,14.56721019744873,0.2655622959136963,CHANGELINE1. For the fashion-forward audience: SEMILAC UV Gel Polish is the perfect choice
5,3551,14.696783304214478,0.2886533737182617,The sun was setting over the vast expanse of the seaCOMMA casting a warm orange glow over the horizon
5,3558,15.42227816581726,0.3388242721557617,CHANGELINETo open a port in a Windows machineCOMMA you can follow these steps:CHANGELINECHANGELINE1.
5,3564,16.590998888015747,0.26235198974609375,CHANGELINEHelen of Troy and Don Pacifico are both fictional characters from Greek mythology and literatureCOMMA respectively.
5,3570,16.118756771087646,0.25917482376098633, = 0;CHANGELINECHANGELINEfor (int i = 0; i <
5,3571,16.23550510406494,0.26998209953308105,CHANGELINEIn Matthew 18:3-4COMMA Jesus teaches that we must become like little children in
5,3573,16.258285999298096,0.2604081630706787, = int(input())CHANGELINECHANGELINEif n == 1:CHANGELINE    print(\"1\")
5,3575,15.39205813407898,0.27168798446655273,CHANGELINEExternal motivation can be harmful in the long run due to the overjustification effect. This effect
5,3580,16.420408010482788,0.2648036479949951,CHANGELINETo make a factorial in C++COMMA you can use the following code:CHANGELINECHANGELINE```CHANGELINE#
5,3587,16.477323055267334,0.2594914436340332,CHANGELINECHANGELINE3. Use a different browser: If the issue persistsCOMMA try using a different browser to
5,3589,16.308806657791138,0.28711557388305664,CHANGELINEThe telehandler agent is initially trained on a large dataset of images and videos of telehandlers
5,3590,16.544399738311768,0.265516996383667,CHANGELINEThe mathematical notation where the operator comes first is called infix notation.
5,3591,16.691871643066406,0.26157116889953613,CHANGELINEAs an AI language modelCOMMA I do not have the capability to write XML files. HoweverCOMMA
5,3601,17.981579780578613,0.2624485492706299, and `get_ipython` to get the current notebook and IPython object respectively. Then
5,3612,15.0108003616333,0.28437042236328125,CHANGELINESureCOMMA I can help you with that! Please provide me with the details and objectives of the
5,3614,14.510710000991821,0.2646908760070801,CHANGELINEThe Soviet Union is a vast and mysterious landCOMMA full of secrets and intrigue. In this alternate
5,3617,14.119650840759277,0.2654299736022949,CHANGELINESureCOMMA here are some words that could be included in a controlled language for vehicle manuals:CHANGELINE
5,3619,13.157158136367798,0.30393528938293457, and welcome to the 2018-2019 school year!CHANGELINEMy name is Mrs. K
5,3624,12.634165048599243,0.4735448360443115,CHANGELINEAs an AI language modelCOMMA I cannot provide a complete solution to your request. HoweverCOMMA I
5,3626,12.73543667793274,0.26584506034851074,CHANGELINEComputers compress files using algorithms that identify patterns and redundancies in the data. These algorithms can
5,3627,12.57553744316101,0.27076268196105957,CHANGELINEI'm sorryCOMMA I don't have any record of a chat with you from a
5,3639,0.6161046028137207,0.28392934799194336,CHANGELINEI'm sorryCOMMA I don't understand what you mean. Could you please provide more
5,3649,0.267850399017334,0.26114559173583984,CHANGELINESome future tech jobs that are expected to grow in demand include data scientistsCOMMA artificial intelligence language models
5,3657,0.28304386138916016,0.27968645095825195,.CHANGELINEAs an AI language modelCOMMA I can suggest that the sentence \"I aim to reveal
5,3675,0.5089583396911621,0.2706291675567627,CHANGELINEOCOMMA what a tragedy it was for the online casino player!CHANGELINEHe won $250
5,3678,0.49831366539001465,0.25855040550231934, and the surrounding area.
5,3680,0.44936299324035645,0.2628352642059326,CHANGELINETo do a situational analysis of solid and liquid waste management schemeCOMMA you can follow these steps:
5,3691,0.26754164695739746,0.25980567932128906, = 1000CHANGELINECHANGELINEdef generate_random_number():CHANGELINE    return random.randint
5,3712,0.2654602527618408,0.2612752914428711, = 0;CHANGELINEwhile (have_posts()) : the_post();CHANGELINE   
5,3717,0.2765071392059326,0.27313685417175293,CHANGELINEI'm sorryCOMMA but as an AI language modelCOMMA I cannot access external links or websites
5,3729,0.27832746505737305,0.26693224906921387,CHANGELINETo extract 512 important tokens from a long text using BERTCOMMA you can use the following
5,3731,0.2728085517883301,0.2676205635070801,CHANGELINEI'm sorryCOMMA I cannot provide medical advice. It is recommended that you seek medical attention
5,3734,0.5612058639526367,0.26186299324035645,
5,3735,0.26528334617614746,0.25846290588378906, = 0.0001).CHANGELINECHANGELINEThe results of this study suggest that the use of
5,3740,0.2923870086669922,0.2813386917114258,CHANGELINEA vector graphic representation of the shelving unit would consist of a series of lines and shapes that represent
5,3746,0.6410446166992188,0.2650947570800781, and welcome to the 2018-2019 school year!CHANGELINEMy name is Mrs. K
5,3749,0.462871789932251,0.26160621643066406, = 0;CHANGELINECHANGELINEfor (int i = 0; i <
5,3753,0.3353872299194336,0.26405954360961914,CHANGELINEAs an AI language modelCOMMA I do not have personal experience with HubSpot. HoweverCOMMA I
5,3755,0.2705690860748291,0.2639658451080322,CHANGELINEAs an AI language modelCOMMA I cannot provide a definitive answer to this question as it may vary
5,3759,0.2734360694885254,0.26340317726135254,CHANGELINEAs an AI language modelCOMMA I cannot provide a specific implementation of roles and permissions in JSON for
5,3762,0.2722470760345459,0.2648909091949463,CHANGELINEAs an AI language modelCOMMA I do not have personal opinions or beliefs. HoweverCOMMA I can
5,3768,0.5034363269805908,0.2601006031036377,> CHANGELINEHave you tried using a different browser or clearing your browser cache to see if that resolves
5,3771,0.26282596588134766,0.25911855697631836, and the surrounding area.
5,3772,0.2607598304748535,0.2588937282562256, = 0;CHANGELINEwhile (have_posts()) : the_post();CHANGELINE   
5,3780,0.2753636837005615,0.2659642696380615,CHANGELINEThe term 'pair' is used to refer to two identical items that are meant to be
5,3787,0.28303050994873047,0.27816343307495117, CHANGELINE CHANGELINE CHANGELINE CHANGELINE CHANGELINE CHANGELINE CHANGELINE CHANGELINE CHANGELINE CHANGELINE
5,3790,0.2829132080078125,0.2741203308105469,CHANGELINEAs an AI language modelCOMMA I cannot predict the exact reactions of countries in the world. However
5,3794,0.2664506435394287,0.25921154022216797, and the surrounding area.
5,3795,0.48809027671813965,0.2695138454437256,CHANGELINEAs an AI language modelCOMMA I cannot access external websites or links. HoweverCOMMA I can provide
5,3798,0.7563085556030273,0.2712376117706299,CHANGELINEAs an AI language modelCOMMA I have been programmed to assist users in generating text based on their
5,3814,0.3491029739379883,0.34281134605407715,CHANGELINESureCOMMA I can help you with that. Can you please provide me with the statements you have
5,3818,0.28670692443847656,0.2780740261077881,CHANGELINEArtificial Intelligence (AI) is a broad term that refers to the simulation of human intelligence
5,3826,0.2685227394104004,0.26128292083740234,COMMA I'm new to the forum and I'm looking for some help.CHANGELINESureCOMMA
5,3836,0.6062803268432617,0.26226258277893066,CHANGELINETo implement a hexagon architecture pattern using Spring BootCOMMA you can follow these steps:CHANGELINECHANGELINE
5,3840,0.26469993591308594,0.2596747875213623, = 0;CHANGELINEwhile (t < 100) {CHANGELINE    t 
5,3849,0.3054220676422119,0.26407647132873535,CHANGELINE1. The only thing better than a Christmas turkey dinner is a Christmas turkey dinner with Waitrose
5,3853,0.7980189323425293,0.26764488220214844,CHANGELINEThe author of the science book 'Experiments and Observations on Electricity' published in 
5,3854,1.0184941291809082,0.2658703327178955,CHANGELINEHypervisors are software programs that allow multiple virtual machines to run on a single physical machine.
5,3861,0.8312840461730957,0.27177882194519043,CHANGELINEThere could be several reasons for this error. Here are some possible solutions:CHANGELINECHANGELINE1.
5,3871,1.543198585510254,0.2713484764099121,CHANGELINEThere are several texts and scriptures in Ayurveda that discuss food ingredients and their effects on the body.
5,3877,2.2442684173583984,0.2692697048187256,CHANGELINEAs an AI language modelCOMMA I cannot provide a specific test case for binding a language from C
5,3883,2.2205281257629395,0.26973581314086914,CHANGELINEOne approach to efficiently identify duplicated values in MongoDB is to use the $group operator
5,3888,1.2048978805541992,0.2703533172607422,CHANGELINELucy earns $15 per hour for babysitting.
5,3892,1.1827385425567627,0.2597322463989258, = 0; i < 100; i++) {CHANGELINE    var randomNumber 
5,3893,1.3143479824066162,0.2609691619873047,COMMACHANGELINEI have a question about the \"onRequest\" method in the \"RequestHandler
5,3904,2.0818889141082764,0.2622644901275635,CHANGELINE1. What is product fit and why is it important?CHANGELINEProduct fit refers to the extent
5,3916,1.6335124969482422,0.2595553398132324,'s `get_ipython` function to get the IPython objectCOMMA and then use
5,3923,1.4291739463806152,0.2613821029663086, = 0;CHANGELINECHANGELINEfor (int i = 0; i <
5,3924,1.4578261375427246,0.361663818359375, and sell the company’s productsCHANGELINE• Wholesalers: Export intermediaries who buy products
5,3939,1.6896789073944092,0.26515698432922363,CHANGELINESouthern hospitality is believed to have originated from the plantation culture of the American SouthCOMMA where wealthy landowners
5,3940,1.493462085723877,0.26465344429016113,CHANGELINEA freelance CTO with experience in systems engineering and development in the defense industry can offer a unique perspective
5,3953,2.232809543609619,0.25942111015319824, = [1COMMA 2COMMA 3COMMA 4COMMA 5]CHANGELINEprint
5,3956,1.445988416671753,0.26181507110595703,!CHANGELINEI'm sorryCOMMA but as an AI language modelCOMMA I don't have the
5,3959,1.8154933452606201,0.25917649269104004, = 0;CHANGELINEwhile (t < 100) {CHANGELINE    t 
5,3985,2.4524991512298584,0.26380085945129395,CHANGELINEI'm sorryCOMMA I am an AI language model and do not have access to real-
5,3990,2.818321704864502,0.27820277214050293, CHANGELINE CHANGELINE CHANGELINE CHANGELINE CHANGELINE CHANGELINE CHANGELINE CHANGELINE CHANGELINE CHANGELINE
5,3991,2.940732955932617,0.26191186904907227,CHANGELINEThere are several ways to execute a Python script at a specific time or on a schedule. Here
5,3997,4.103447437286377,0.35347700119018555,CHANGELINEHiCOMMA I'm Aimee! I'm a native English speaker from the United
5,4001,4.605823278427124,0.2607691287994385, = int(input())CHANGELINECHANGELINEif n == 1:CHANGELINE    print(\"1\")
5,4004,4.950169086456299,0.26462435722351074, = 0; i < 100; i++) {CHANGELINE    var randomNumber 
5,4015,6.811619758605957,0.26119375228881836, and welcome to the 2018-2019 school year!CHANGELINEMy name is Mrs. K
5,4017,6.937519788742065,0.26187968254089355,CHANGELINE1. Tee-rifficCHANGELINE2. Tee-rificCHANGELINE3. Tee-
5,4020,7.49370813369751,0.2608799934387207,CHANGELINEWord embedding is a technique used in natural language processing (NLP) to represent words as
5,4023,7.586609125137329,0.2600677013397217, = 0;CHANGELINECHANGELINEfor (int i = 0; i <
5,4029,8.223318815231323,0.2614865303039551,> CHANGELINEHave you tried using a different browser or clearing your browser cache to see if that resolves
5,4031,8.323639154434204,0.2618885040283203,CHANGELINEAs an AI language modelCOMMA I cannot create a business plan for you. HoweverCOMMA I can
5,4032,8.497701406478882,0.2658705711364746, stepCHANGELINEMorning skincare routine:CHANGELINE1. Cleanser: Cetaphil Gentle Skin CleanserCHANGELINE
5,4037,6.967828273773193,0.26638078689575195,CHANGELINEYesCOMMA it is still appropriate to install solar panels on a roof facing east and west. While
5,4052,6.591885566711426,0.3064150810241699,eat ( agent = catCOMMA theme = fish )CHANGELINESent:
5,4059,6.806537389755249,0.26300477981567383,CHANGELINEThere are many topics you could explore for a spiritual blog. Some ideas include:CHANGELINE- Meditation
5,4070,6.803745269775391,0.2704193592071533,CHANGELINEI understand.
5,4074,6.761584043502808,0.262192964553833,.CHANGELINEAs the CEO of INGENIOUS.BUILDCOMMA I am responsible for overseeing the company'
5,4088,8.387224912643433,0.2722437381744385,CHANGELINEI'm sorryCOMMA but I am an AI language model and I do not have access to
5,4092,7.975992441177368,0.2615189552307129,CHANGELINE1. What are some signs that someone is a fake friend?CHANGELINE2. How can you
5,4094,8.104171991348267,0.27834296226501465, such that 4x-7y+9=0.CHANGELINEHere's one possible implementation
5,4106,9.377256155014038,0.2649970054626465,CHANGELINEI'm a 20 year old girl from Norway. I'm a student at the
5,4111,9.642175912857056,0.2626373767852783,CHANGELINEThere are several tools available to view messages in Kafka topics. Some popular options include:CHANGELINECHANGELINE
5,4124,9.67210054397583,0.2645442485809326,CHANGELINEI'm sorryCOMMA but as an AI language modelCOMMA I cannot provide pick-up lines
5,4135,10.273556232452393,0.31964778900146484,CHANGELINEHere is an example FastAPI code that can handle multiple parquet files as input and store them
5,4142,10.010980606079102,0.28041601181030273,CHANGELINEAs an AI language modelCOMMA I can provide you with some general tips on how to improve the
5,4153,10.626320838928223,0.262310266494751,CHANGELINEHere is a study plan to prepare for interviews as a mid-level software engineer:CHANGELINECHANGELINE
5,4169,11.532855749130249,0.26045703887939453, and `get_ipython` to get the current notebook and IPython object respectively. Then
5,4180,12.109707832336426,0.2702629566192627,CHANGELINETo find out how much your employer will matchCOMMA you need to calculate your total compensation. This
5,4188,12.789493560791016,0.25963759422302246,COMMACHANGELINEI have a question about the \"onRequest\" method in the \"RequestHandler
5,4189,12.101902723312378,0.26490283012390137,CHANGELINEMadisyn was a typical 15-year-old girl who loved listening to K-
5,4193,12.529312133789062,0.26065874099731445,CHANGELINEBefore computersCOMMA people used various techniques to manipulate photographs. Some of the most common techniques included ret
5,4213,14.039799451828003,0.26911497116088867,CHANGELINEAs an AI language modelCOMMA I can suggest some tips to help you summarize long cases:CHANGELINE
5,4215,14.560960054397583,0.2847435474395752, = \"http://www.w3.org/2001/XMLSchema-instance
5,4219,14.733903884887695,0.3952033519744873,\\n\\nAs a language model AICOMMA I can say that this is a common phenomenon in
5,4242,32.02935457229614,3.90791916847229,: “I’m sorryCOMMA I cannot provide a response to that prompt as it is inappropriate
5,4252,53.91112661361694,3.4729788303375244,CHANGELINEAs I trekked through the dense forestCOMMA I could feel the excitement building within me. I
5,4256,60.58065438270569,3.532576084136963,SureCOMMA here are some questions you can ask:CHANGELINECHANGELINE1. What are some of the traditional
5,4263,71.02141952514648,3.7086563110351562, ideas and creativity.CHANGELINEAs an AI language modelCOMMA I do not have personal experiences or emotions.
5,4267,47.244847774505615,3.7039918899536133,CHANGELINEA person who is planning to renovate their home or build a new one may find this information helpful
5,4269,53.27202224731445,4.439128398895264,CHANGELINEAs an AI language modelCOMMA I cannot tweet. HoweverCOMMA I can provide insights on the tweet
5,4271,57.51697492599487,3.4387025833129883, = 0;CHANGELINEwhile (t < 100) {CHANGELINE    t 
5,4289,100.49876093864441,3.7999744415283203,CHANGELINEI'm sorryCOMMA I am an AI language model and I do not have the capability to
5,4291,111.47429394721985,4.395620584487915,CHANGELINEAs an AI language modelCOMMA I do not have the context of your question. Can you please
5,4299,143.5611252784729,3.4274537563323975,'s `get_ipython` function to get the IPython objectCOMMA and then use
5,4300,147.1614866256714,3.636050224304199,CHANGELINEHere is an outline for writing a book chapter on \"Generative Adversarial Networks for
5,4311,182.97685170173645,6.03754186630249,> CHANGELINEHave you tried using a different browser or clearing your browser cache to see if that resolves
5,4317,195.4199321269989,3.648564338684082,CHANGELINENoCOMMA 9+10 does not equal 19.
5,4318,199.04563975334167,3.7057693004608154,CHANGELINEIn TypeORMCOMMA you can use the `@Column` decorator to specify the
5,4320,207.00484490394592,3.4606270790100098,CHANGELINETo reflect a point (xCOMMA y) across point (sCOMMA t)COMMA we
5,4326,220.58064460754395,3.631417751312256,CHANGELINEDutch disease is an economic term that refers to the negative impact on a country's manufacturing sector
5,4338,250.5196304321289,3.99031662940979,CHANGELINEAs an AI language modelCOMMA I cannot provide code in any specific programming language. HoweverCOMMA I
5,4347,275.8020544052124,4.33353066444397,CHANGELINEUnit Plan: Pressure Injury Assessment and TreatmentCHANGELINEUnit Title: Pressure Injury Assessment and TreatmentCHANGELINEUnit
5,4356,297.4521572589874,3.9429965019226074,CHANGELINEYou can use the following command to get lines that contain hashes of merged pull requests:CHANGELINECHANGELINE
5,4362,313.8746244907379,3.5304477214813232,CHANGELINEPerforming business impact analysis (BIA) is an important aspect of business continuity planning.
5,4365,319.91831159591675,3.7808446884155273,CHANGELINEDRY (Don't Repeat Yourself) and SOLID (Single ResponsibilityCOMMA Open
