Model,TP,PP,PP_Map,DTYPE,INT8_KV_Cache,Output_Lenght,Batch_Size,Latency,Memory-Pre-Run,Memory-After-Run,Time-Gen-Fingerprint,Time-Gen-Graph,Time-Prof
falcon-7b,1,1,1,float16,False,10,1,0.02066826820373535,1.91912841796875,1.97186279296875,27.279651165008545,54.13711881637573,8.549192428588867
falcon-7b,1,1,1,float16,False,20,1,0.040164788564046226,1.91912841796875,1.97186279296875,27.279651165008545,54.13711881637573,8.513396501541138
falcon-7b,1,1,2,float16,False,10,1,0.027235031127929688,2.31365966796875,2.36639404296875,21.49492597579956,56.815120697021484,9.236094951629639
falcon-7b,1,1,2,float16,False,20,1,0.05337087313334147,2.31365966796875,2.36639404296875,21.49492597579956,56.815120697021484,9.265656232833862
falcon-7b,1,1,1,float16,False,10,2,0.020882050196329754,2.01483154296875,2.08709716796875,0,53.042542457580566,7.721151828765869
falcon-7b,1,1,1,float16,False,20,2,0.04040686289469401,2.01483154296875,2.08709716796875,0,53.042542457580566,7.883877277374268
falcon-7b,1,1,2,float16,False,10,2,0.027948617935180664,2.41717529296875,2.48944091796875,0,57.281633377075195,8.499578714370728
falcon-7b,1,1,2,float16,False,20,2,0.053885698318481445,2.41717529296875,2.48944091796875,0,57.281633377075195,9.356629610061646
falcon-7b,1,1,1,int8,False,10,1,0.01754927635192871,1.72576904296875,1.77850341796875,0,60.3739709854126,8.118396282196045
falcon-7b,1,1,1,int8,False,20,1,0.033808390299479164,1.72576904296875,1.77850341796875,0,60.3739709854126,8.25804591178894
falcon-7b,1,1,2,int8,False,10,1,0.021136999130249023,1.91912841796875,1.97186279296875,0,63.029179096221924,7.5989179611206055
falcon-7b,1,1,2,int8,False,20,1,0.041109959284464516,1.91912841796875,1.97186279296875,0,63.029179096221924,7.767744302749634
falcon-7b,1,1,1,int8,False,10,2,0.01759497324625651,1.82147216796875,1.89373779296875,0,59.97159385681152,7.385635137557983
falcon-7b,1,1,1,int8,False,20,2,0.03392744064331055,1.82147216796875,1.89373779296875,0,59.97159385681152,7.494627475738525
falcon-7b,1,1,2,int8,False,10,2,0.02144169807434082,2.01483154296875,2.08709716796875,0,66.61295247077942,8.479256391525269
falcon-7b,1,1,2,int8,False,20,2,0.04149580001831055,2.01483154296875,2.08709716796875,0,66.61295247077942,8.66750979423523
falcon-7b,1,1,1,int4,False,10,1,0.01594201723734538,1.63006591796875,1.68280029296875,0,58.298564195632935,7.454154014587402
falcon-7b,1,1,1,int4,False,20,1,0.03087019920349121,1.63006591796875,1.68280029296875,0,58.298564195632935,7.462770462036133
falcon-7b,1,1,2,int4,False,10,1,0.01814444859822591,1.72576904296875,1.77850341796875,0,65.8247594833374,8.142650127410889
falcon-7b,1,1,2,int4,False,20,1,0.03523023923238119,1.72576904296875,1.77850341796875,0,65.8247594833374,8.342806100845337
falcon-7b,1,1,1,int4,False,10,2,0.016228596369425457,1.72576904296875,1.79803466796875,0,61.47535681724548,7.50944972038269
falcon-7b,1,1,1,int4,False,20,2,0.03146775563557943,1.72576904296875,1.79803466796875,0,61.47535681724548,7.427277326583862
falcon-7b,1,1,2,int4,False,10,2,0.018567721048990887,1.82147216796875,1.89373779296875,0,65.8854079246521,7.534583330154419
falcon-7b,1,1,2,int4,False,20,2,0.036003828048706055,1.82147216796875,1.89373779296875,0,65.8854079246521,7.5793843269348145
falcon-7b,1,2,1 1,float16,False,10,1,0.02777258555094401,3.0238037109375,3.2386474609375,0,79.64141321182251,10.17862343788147
falcon-7b,1,2,1 1,float16,False,20,1,0.05492218335469564,3.0238037109375,3.2386474609375,0,79.64141321182251,10.136208057403564
falcon-7b,1,2,2 1,float16,False,10,1,0.0345145066579183,3.4593505859375,3.6331787109375,26.261821031570435,82.02903032302856,10.458402395248413
falcon-7b,1,2,2 1,float16,False,20,1,0.06726471583048503,3.4593505859375,3.6331787109375,26.261821031570435,82.02903032302856,10.357478857040405
falcon-7b,1,2,1 1,float16,False,10,2,0.028029998143513996,3.2152099609375,3.4495849609375,0,80.93115663528442,9.830019235610962
falcon-7b,1,2,1 1,float16,False,20,2,0.05675005912780762,3.2152099609375,3.4495849609375,0,80.93115663528442,10.037665605545044
falcon-7b,1,2,2 1,float16,False,10,2,0.03470110893249512,3.6585693359375,3.8519287109375,0,80.0792555809021,10.094951629638672
falcon-7b,1,2,2 1,float16,False,20,2,0.06805753707885742,3.6585693359375,3.8519287109375,0,80.0792555809021,10.196904182434082
falcon-7b,1,2,1 1,int8,False,10,1,0.021904389063517254,2.6370849609375,2.8460693359375,0,87.77548432350159,9.761615753173828
falcon-7b,1,2,1 1,int8,False,20,1,0.04199401537577311,2.6370849609375,2.8460693359375,0,87.77548432350159,9.683732748031616
falcon-7b,1,2,2 1,int8,False,10,1,0.02515125274658203,2.8304443359375,3.0394287109375,0,89.35138201713562,9.609585523605347
falcon-7b,1,2,2 1,int8,False,20,1,0.04853614171346029,2.8304443359375,3.0394287109375,0,89.35138201713562,10.007872819900513
falcon-7b,1,2,1 1,int8,False,10,2,0.022267500559488933,2.8284912109375,3.0570068359375,0,89.23696565628052,10.005015850067139
falcon-7b,1,2,1 1,int8,False,20,2,0.043129920959472656,2.8284912109375,3.0570068359375,0,89.23696565628052,10.059306144714355
falcon-7b,1,2,2 1,int8,False,10,2,0.02541669209798177,3.0218505859375,3.2503662109375,0,93.1633894443512,10.045427322387695
falcon-7b,1,2,2 1,int8,False,20,2,0.04969326655069987,3.0218505859375,3.2503662109375,0,93.1633894443512,10.211508512496948
falcon-7b,1,2,1 1,int4,False,10,1,0.018713951110839844,2.4456787109375,2.6546630859375,0,86.3634090423584,9.465036630630493
falcon-7b,1,2,1 1,int4,False,20,1,0.03632251421610514,2.4456787109375,2.6546630859375,0,86.3634090423584,9.571125030517578
falcon-7b,1,2,2 1,int4,False,10,1,0.02062201499938965,2.5413818359375,2.7503662109375,0,93.25248146057129,9.592800617218018
falcon-7b,1,2,2 1,int4,False,20,1,0.040551344553629555,2.5413818359375,2.7503662109375,0,93.25248146057129,9.803876876831055
falcon-7b,1,2,1 1,int4,False,10,2,0.019173145294189453,2.6370849609375,2.8656005859375,0,88.64965057373047,9.465776205062866
falcon-7b,1,2,1 1,int4,False,20,2,0.03726037343343099,2.6370849609375,2.8656005859375,0,88.64965057373047,9.690664529800415
falcon-7b,1,2,2 1,int4,False,10,2,0.021174192428588867,2.7327880859375,2.9613037109375,0,94.88727974891663,9.566810131072998
falcon-7b,1,2,2 1,int4,False,20,2,0.04138350486755371,2.7327880859375,2.9613037109375,0,94.88727974891663,9.875057697296143
falcon-40b,1,1,1,float16,False,10,1,0.04123814900716146,3.76092529296875,3.81365966796875,98.0294919013977,78.71238207817078,8.931617259979248
falcon-40b,1,1,1,float16,False,20,1,0.08140500386555989,3.76092529296875,3.81365966796875,98.0294919013977,78.71238207817078,9.30148720741272
falcon-40b,1,1,2,float16,False,10,1,0.061585426330566406,5.05975341796875,5.11248779296875,94.56045579910278,88.7878270149231,11.561649560928345
falcon-40b,1,1,2,float16,False,20,1,0.12217036883036296,5.05975341796875,5.11248779296875,94.56045579910278,88.7878270149231,13.537873029708862
falcon-40b,1,1,1,float16,False,10,2,0.04108444849650065,3.93280029296875,4.00506591796875,0,82.40798997879028,10.140483617782593
falcon-40b,1,1,1,float16,False,20,2,0.08117445309956868,3.93280029296875,4.00506591796875,0,82.40798997879028,11.263391494750977
falcon-40b,1,1,2,float16,False,10,2,0.061705827713012695,5.22967529296875,5.30194091796875,0,87.56919074058533,10.032477378845215
falcon-40b,1,1,2,float16,False,20,2,0.12217497825622559,5.22967529296875,5.30194091796875,0,87.56919074058533,10.58665418624878
falcon-40b,1,1,1,int8,False,10,1,0.03110647201538086,3.12811279296875,3.18084716796875,0,101.00190377235413,8.452775239944458
falcon-40b,1,1,1,int8,False,20,1,0.061176141103108726,3.12811279296875,3.18084716796875,0,101.00190377235413,8.651307821273804
falcon-40b,1,1,2,int8,False,10,1,0.04139192899068197,3.77850341796875,3.83123779296875,0,113.34712147712708,8.895825624465942
falcon-40b,1,1,2,int8,False,20,1,0.08165478706359863,3.77850341796875,3.83123779296875,0,113.34712147712708,9.309775352478027
falcon-40b,1,1,1,int8,False,10,2,0.030428409576416016,3.29998779296875,3.37225341796875,0,114.55203866958618,9.201403617858887
falcon-40b,1,1,1,int8,False,20,2,0.06001861890157064,3.29998779296875,3.37225341796875,0,114.55203866958618,10.096433162689209
falcon-40b,1,1,2,int8,False,10,2,0.04092637697855631,3.96405029296875,4.03631591796875,0,129.51652836799622,9.85671067237854
falcon-40b,1,1,2,int8,False,20,2,0.08082437515258789,3.96405029296875,4.03631591796875,0,129.51652836799622,10.274255514144897
falcon-40b,1,1,1,int4,False,10,1,0.026441176732381184,2.81170654296875,2.86444091796875,0,102.90186476707458,9.106815099716187
falcon-40b,1,1,1,int4,False,20,1,0.051756858825683594,2.81170654296875,2.86444091796875,0,102.90186476707458,9.815907716751099
falcon-40b,1,1,2,int4,False,10,1,0.03212443987528483,3.14569091796875,3.19842529296875,0,117.61821794509888,9.52681040763855
falcon-40b,1,1,2,int4,False,20,1,0.06304065386454265,3.14569091796875,3.19842529296875,0,117.61821794509888,10.387714624404907
falcon-40b,1,1,1,int4,False,10,2,0.02624376614888509,2.98358154296875,3.05584716796875,0,113.63246560096741,9.407411336898804
falcon-40b,1,1,1,int4,False,20,2,0.05121835072835287,2.98358154296875,3.05584716796875,0,113.63246560096741,9.239355325698853
falcon-40b,1,1,2,int4,False,10,2,0.03200491269429525,3.33123779296875,3.40350341796875,0,128.02182745933533,9.519942283630371
falcon-40b,1,1,2,int4,False,20,2,0.06319244702657063,3.33123779296875,3.40350341796875,0,128.02182745933533,9.356886625289917
falcon-40b,1,2,1 1,float16,False,10,1,0.06409398714701335,5.8245849609375,6.0394287109375,0,122.81888628005981,11.656050443649292
falcon-40b,1,2,1 1,float16,False,20,1,0.12338749567667644,5.8245849609375,6.0394287109375,0,122.81888628005981,11.981446027755737
falcon-40b,1,2,2 1,float16,False,10,1,0.08221761385599773,7.1663818359375,7.3382568359375,95.74296021461487,131.12130451202393,11.63675045967102
falcon-40b,1,2,2 1,float16,False,20,1,0.16445072491963705,7.1663818359375,7.3382568359375,95.74296021461487,131.12130451202393,12.262157440185547
falcon-40b,1,2,1 1,float16,False,10,2,0.06307697296142578,6.1683349609375,6.4027099609375,0,123.82064652442932,10.919435501098633
falcon-40b,1,2,1 1,float16,False,20,2,0.1253065268198649,6.1683349609375,6.4027099609375,0,123.82064652442932,11.477193355560303
falcon-40b,1,2,2 1,float16,False,10,2,0.0827027161916097,7.5374755859375,7.6995849609375,0,132.27923464775085,12.355774641036987
falcon-40b,1,2,2 1,float16,False,20,2,0.16562151908874512,7.5277099609375,7.6995849609375,0,132.27923464775085,13.197869062423706
falcon-40b,1,2,1 1,int8,False,10,1,0.04202731450398763,4.5589599609375,4.7679443359375,0,153.5635166168213,10.727547407150269
falcon-40b,1,2,1 1,int8,False,20,1,0.08296569188435872,4.5589599609375,4.7679443359375,0,153.5635166168213,11.167668342590332
falcon-40b,1,2,2 1,int8,False,10,1,0.051973581314086914,5.2093505859375,5.4183349609375,0,167.50719952583313,11.22209882736206
falcon-40b,1,2,2 1,int8,False,20,1,0.10297552744547527,5.2503662109375,5.4183349609375,0,167.50719952583313,12.24109959602356
falcon-40b,1,2,1 1,int8,False,10,2,0.042439540227254234,4.9027099609375,5.1312255859375,0,165.57930541038513,10.842915534973145
falcon-40b,1,2,1 1,int8,False,20,2,0.08230408032735188,4.9027099609375,5.1312255859375,0,165.57930541038513,11.51130747795105
falcon-40b,1,2,2 1,int8,False,10,2,0.051815191904703774,5.6077880859375,5.7952880859375,0,178.58353900909424,10.324494361877441
falcon-40b,1,2,2 1,int8,False,20,2,0.10236986478169759,5.6077880859375,5.7952880859375,0,178.58353900909424,10.828248500823975
falcon-40b,1,2,1 1,int4,False,10,1,0.032518625259399414,3.9261474609375,4.1351318359375,0,152.71300840377808,9.89600920677185
falcon-40b,1,2,1 1,int4,False,20,1,0.06458091735839844,3.9261474609375,4.1351318359375,0,152.71300840377808,10.634541034698486
falcon-40b,1,2,2 1,int4,False,10,1,0.037948926289876304,4.2601318359375,4.4691162109375,0,171.56448483467102,10.807031869888306
falcon-40b,1,2,2 1,int4,False,20,1,0.07461158434549968,4.2601318359375,4.4691162109375,0,171.56448483467102,11.271220445632935
falcon-40b,1,2,1 1,int4,False,10,2,0.03412159283955892,4.2698974609375,4.4984130859375,0,166.25530576705933,9.953734159469604
falcon-40b,1,2,1 1,int4,False,20,2,0.06447577476501465,4.2698974609375,4.4984130859375,0,166.25530576705933,10.158179521560669
falcon-40b,1,2,2 1,int4,False,10,2,0.03842949867248535,4.6175537109375,4.8460693359375,0,178.7819309234619,10.273396968841553
falcon-40b,1,2,2 1,int4,False,20,2,0.07563130060831706,4.6175537109375,4.8460693359375,0,178.7819309234619,10.405965328216553
falcon-40b,2,1,1,float16,False,10,1,0.02738300959269206,5.3499755859375,6.039794921875,0,122.67460799217224,11.427881956100464
falcon-40b,2,1,1,float16,False,20,1,0.04995433489481608,5.3499755859375,6.039794921875,0,122.67460799217224,11.425158023834229
falcon-40b,2,1,2,float16,False,10,1,0.0382840633392334,6.6468505859375,7.336669921875,0,129.60254001617432,11.446353435516357
falcon-40b,2,1,2,float16,False,20,1,0.07147725423177083,6.6468505859375,7.336669921875,0,129.60254001617432,11.535057306289673
falcon-40b,2,1,1,float16,False,10,2,0.027843713760375977,5.5687255859375,6.297607421875,0,123.24503350257874,10.28920865058899
falcon-40b,2,1,1,float16,False,20,2,0.05092930793762207,5.5687255859375,6.297607421875,0,123.24503350257874,10.475589752197266
falcon-40b,2,1,2,float16,False,10,2,0.03887939453125,6.8753662109375,7.563232421875,0,130.47909140586853,11.588006496429443
falcon-40b,2,1,2,float16,False,20,2,0.07273022333780925,6.88702392578125,7.563232421875,0,130.47909140586853,11.992355585098267
falcon-40b,2,1,1,int8,False,10,1,0.022134065628051758,4.7015380859375,5.391357421875,0,139.86184692382812,9.99435305595398
falcon-40b,2,1,1,int8,False,20,1,0.03952908515930176,4.7015380859375,5.391357421875,0,139.86184692382812,10.137779235839844
falcon-40b,2,1,2,int8,False,10,1,0.0277096430460612,5.3656005859375,6.055419921875,0,152.90738105773926,10.17412257194519
falcon-40b,2,1,2,int8,False,20,1,0.05039787292480469,5.3656005859375,6.055419921875,0,152.90738105773926,10.552201747894287
falcon-40b,2,1,1,int8,False,10,2,0.022516886393229168,4.9046630859375,5.633544921875,0,144.40396666526794,10.444880485534668
falcon-40b,2,1,1,int8,False,20,2,0.04011615117390951,4.9046630859375,5.633544921875,0,144.40396666526794,10.623908758163452
falcon-40b,2,1,2,int8,False,10,2,0.02815707524617513,5.5687255859375,6.297607421875,0,157.35489964485168,10.708441972732544
falcon-40b,2,1,2,int8,False,20,2,0.05132977167765299,5.5687255859375,6.297607421875,0,157.35489964485168,11.43341588973999
falcon-40b,2,1,1,int4,False,10,1,0.019799153010050457,4.3851318359375,5.074951171875,0,139.504798412323,10.073272466659546
falcon-40b,2,1,1,int4,False,20,1,0.03490710258483887,4.3851318359375,5.074951171875,0,139.504798412323,10.064414024353027
falcon-40b,2,1,2,int4,False,10,1,0.02304816246032715,4.7327880859375,5.422607421875,0,154.53713274002075,10.389323949813843
falcon-40b,2,1,2,int4,False,20,1,0.04108929634094238,4.7327880859375,5.422607421875,0,154.53713274002075,10.91068696975708
falcon-40b,2,1,1,int4,False,10,2,0.02025628089904785,4.5882568359375,5.317138671875,0,144.24275064468384,10.3005850315094
falcon-40b,2,1,1,int4,False,20,2,0.03591299057006836,4.5882568359375,5.317138671875,0,144.24275064468384,10.43809723854065
falcon-40b,2,1,2,int4,False,10,2,0.023719151814778645,4.9359130859375,5.664794921875,0,159.23698329925537,10.270989656448364
falcon-40b,2,1,2,int4,False,20,2,0.043874263763427734,4.9359130859375,5.664794921875,0,159.23698329925537,10.618885517120361
gptj-6b,1,1,1,float16,False,10,1,0.01736895243326823,1.58319091796875,1.65740966796875,26.807315587997437,35.94686841964722,7.973808765411377
gptj-6b,1,1,1,float16,False,20,1,0.03382690747578939,1.58319091796875,1.65740966796875,26.807315587997437,35.94686841964722,7.999445676803589
gptj-6b,1,1,2,float16,False,10,1,0.024026870727539062,1.96600341796875,2.04022216796875,42.10525679588318,37.452112436294556,7.462041139602661
gptj-6b,1,1,2,float16,False,20,1,0.04684734344482422,1.96600341796875,2.04022216796875,42.10525679588318,37.452112436294556,7.658391952514648
gptj-6b,1,1,1,float16,False,10,2,0.01748005549112956,1.66912841796875,1.74334716796875,0,34.38327240943909,7.289628744125366
gptj-6b,1,1,1,float16,False,20,2,0.03382412592569987,1.66912841796875,1.74334716796875,0,34.38327240943909,7.278872966766357
gptj-6b,1,1,2,float16,False,10,2,0.02422014872233073,2.05975341796875,2.13397216796875,0,39.3154993057251,8.614338636398315
gptj-6b,1,1,2,float16,False,20,2,0.04729151725769043,2.05975341796875,2.13397216796875,0,39.3154993057251,8.765400886535645
gptj-6b,1,1,1,int8,False,10,1,0.015103578567504883,1.39764404296875,1.47186279296875,0,41.83745861053467,7.170391798019409
gptj-6b,1,1,1,int8,False,20,1,0.027513504028320312,1.39764404296875,1.47186279296875,0,41.83745861053467,7.250160455703735
gptj-6b,1,1,2,int8,False,10,1,0.017932335535685223,1.58514404296875,1.65936279296875,0,45.92257332801819,7.4198079109191895
gptj-6b,1,1,2,int8,False,20,1,0.034700473149617515,1.58514404296875,1.65936279296875,0,45.92257332801819,7.4500274658203125
gptj-6b,1,1,1,int8,False,10,2,0.014401435852050781,1.48358154296875,1.55780029296875,0,44.617671966552734,7.195370435714722
gptj-6b,1,1,1,int8,False,20,2,0.027894099553426106,1.48358154296875,1.55780029296875,0,44.617671966552734,7.240370750427246
gptj-6b,1,1,2,int8,False,10,2,0.018124183019002277,1.67108154296875,1.74530029296875,0,49.05097150802612,7.381490707397461
gptj-6b,1,1,2,int8,False,20,2,0.0351409912109375,1.67108154296875,1.74530029296875,0,49.05097150802612,7.506192445755005
gptj-6b,1,1,1,int4,False,10,1,0.012846628824869791,1.30194091796875,1.37615966796875,0,42.586700677871704,7.569733619689941
gptj-6b,1,1,1,int4,False,20,1,0.02466098467508952,1.30194091796875,1.37615966796875,0,42.586700677871704,7.602545738220215
gptj-6b,1,1,2,int4,False,10,1,0.01500860850016276,1.39569091796875,1.46990966796875,0,46.73141384124756,7.1268205642700195
gptj-6b,1,1,2,int4,False,20,1,0.02902396519978841,1.39569091796875,1.46990966796875,0,46.73141384124756,7.145986795425415
gptj-6b,1,1,1,int4,False,10,2,0.01308139165242513,1.38787841796875,1.46209716796875,0,46.81246781349182,7.420996427536011
gptj-6b,1,1,1,int4,False,20,2,0.025121609369913738,1.38787841796875,1.46209716796875,0,46.81246781349182,7.647441387176514
gptj-6b,1,1,2,int4,False,10,2,0.016016642252604168,1.48358154296875,1.55780029296875,0,51.393983125686646,7.723757743835449
gptj-6b,1,1,2,int4,False,20,2,0.02949182192484538,1.48358154296875,1.55780029296875,0,51.393983125686646,7.714518070220947
gptj-6b,1,2,1 1,float16,False,10,1,0.024480501810709637,2.6839599609375,2.9456787109375,0,34.863199949264526,9.675560474395752
gptj-6b,1,2,1 1,float16,False,20,1,0.04808179537455241,2.6839599609375,2.9456787109375,0,34.863199949264526,9.638957738876343
gptj-6b,1,2,2 1,float16,False,10,1,0.031320412953694664,3.0667724609375,3.3284912109375,44.683947801589966,38.72035193443298,10.269339323043823
gptj-6b,1,2,2 1,float16,False,20,1,0.061391592025756836,3.0667724609375,3.3284912109375,44.683947801589966,38.72035193443298,10.847867727279663
gptj-6b,1,2,1 1,float16,False,10,2,0.02467187245686849,2.9027099609375,3.1644287109375,0,37.527305603027344,9.815113067626953
gptj-6b,1,2,1 1,float16,False,20,2,0.0487066904703776,2.9027099609375,3.1644287109375,0,37.527305603027344,9.928466796875
gptj-6b,1,2,2 1,float16,False,10,2,0.031029701232910156,3.2464599609375,3.5081787109375,0,38.8659565448761,10.066813468933105
gptj-6b,1,2,2 1,float16,False,20,2,0.06090068817138672,3.2464599609375,3.5081787109375,0,38.8659565448761,10.499679565429688
gptj-6b,1,2,1 1,int8,False,10,1,0.018422921498616535,2.3128662109375,2.5706787109375,0,45.60672330856323,9.503323078155518
gptj-6b,1,2,1 1,int8,False,20,1,0.0359194278717041,2.3128662109375,2.5706787109375,0,45.60672330856323,9.655333518981934
gptj-6b,1,2,2 1,int8,False,10,1,0.021595319112141926,2.5003662109375,2.7581787109375,0,49.964417695999146,9.605553388595581
gptj-6b,1,2,2 1,int8,False,20,1,0.042336066563924156,2.5003662109375,2.7581787109375,0,49.964417695999146,9.755802154541016
gptj-6b,1,2,1 1,int8,False,10,2,0.018817981084187824,2.4847412109375,2.7425537109375,0,48.17050647735596,9.823432207107544
gptj-6b,1,2,1 1,int8,False,20,2,0.03634333610534668,2.4847412109375,2.7425537109375,0,48.17050647735596,9.62541151046753
gptj-6b,1,2,2 1,int8,False,10,2,0.022007862726847332,2.6722412109375,2.9300537109375,0,52.4312539100647,9.65984296798706
gptj-6b,1,2,2 1,int8,False,20,2,0.04278882344563802,2.6722412109375,2.9300537109375,0,52.4312539100647,9.955254077911377
gptj-6b,1,2,1 1,int4,False,10,1,0.015897274017333984,2.1253662109375,2.3831787109375,0,47.022377729415894,9.730125665664673
gptj-6b,1,2,1 1,int4,False,20,1,0.03035394350687663,2.1253662109375,2.3831787109375,0,47.022377729415894,9.595683336257935
gptj-6b,1,2,2 1,int4,False,10,1,0.01748355229695638,2.2191162109375,2.4769287109375,0,49.60975098609924,9.633003950119019
gptj-6b,1,2,2 1,int4,False,20,1,0.0340574582417806,2.2191162109375,2.4769287109375,0,49.60975098609924,9.757326364517212
gptj-6b,1,2,1 1,int4,False,10,2,0.01617741584777832,2.2972412109375,2.5550537109375,0,48.59665250778198,9.534255266189575
gptj-6b,1,2,1 1,int4,False,20,2,0.031882921854654946,2.2972412109375,2.5550537109375,0,48.59665250778198,9.601812362670898
gptj-6b,1,2,2 1,int4,False,10,2,0.01791246732076009,2.3909912109375,2.6488037109375,0,53.884294271469116,9.419104099273682
gptj-6b,1,2,2 1,int4,False,20,2,0.03468592961629232,2.3909912109375,2.6488037109375,0,53.884294271469116,9.551852464675903
gptj-6b,2,1,1,float16,False,10,1,0.015445311864217123,2.5804443359375,3.281982421875,0,40.337799072265625,9.011805295944214
gptj-6b,2,1,1,float16,False,20,1,0.026055097579956055,2.5804443359375,3.281982421875,0,40.337799072265625,9.366996049880981
gptj-6b,2,1,2,float16,False,10,1,0.019299745559692383,2.9632568359375,3.666748046875,0,40.852246046066284,9.122221231460571
gptj-6b,2,1,2,float16,False,20,1,0.03379972775777181,2.9632568359375,3.666748046875,0,40.852246046066284,9.26707911491394
gptj-6b,2,1,1,float16,False,10,2,0.015566746393839518,2.6507568359375,3.387451171875,0,38.51915788650513,8.973068952560425
gptj-6b,2,1,1,float16,False,20,2,0.026529788970947266,2.6507568359375,3.387451171875,0,38.51915788650513,9.32205319404602
gptj-6b,2,1,2,float16,False,10,2,0.01958187421162923,3.0570068359375,3.793701171875,0,42.043416023254395,9.43570590019226
gptj-6b,2,1,2,float16,False,20,2,0.03413637479146322,3.0570068359375,3.793701171875,0,42.043416023254395,9.505367755889893
gptj-6b,2,1,1,int8,False,10,1,0.013610601425170898,2.3695068359375,3.071044921875,0,43.97476243972778,9.065601110458374
gptj-6b,2,1,1,int8,False,20,1,0.02295708656311035,2.3695068359375,3.071044921875,0,43.97476243972778,9.322693347930908
gptj-6b,2,1,2,int8,False,10,1,0.016171375910441082,2.5804443359375,3.281982421875,0,49.200165033340454,9.435242414474487
gptj-6b,2,1,2,int8,False,20,1,0.027379592259724934,2.5804443359375,3.283935546875,0,49.200165033340454,9.487657308578491
gptj-6b,2,1,1,int8,False,10,2,0.01402123769124349,2.4476318359375,3.184326171875,0,45.9766047000885,9.161199808120728
gptj-6b,2,1,1,int8,False,20,2,0.023479620615641277,2.4476318359375,3.184326171875,0,45.9766047000885,9.195188283920288
gptj-6b,2,1,2,int8,False,10,2,0.016363223393758137,2.6507568359375,3.387451171875,0,49.52742910385132,9.12744426727295
gptj-6b,2,1,2,int8,False,20,2,0.027861595153808594,2.6507568359375,3.387451171875,0,49.52742910385132,9.367464303970337
gptj-6b,2,1,1,int4,False,10,1,0.012980937957763672,2.2757568359375,2.977294921875,0,43.42492079734802,8.890677452087402
gptj-6b,2,1,1,int4,False,20,1,0.021668354670206707,2.2757568359375,2.977294921875,0,43.42492079734802,8.905184507369995
gptj-6b,2,1,2,int4,False,10,1,0.014424324035644531,2.3929443359375,3.096435546875,0,48.890244007110596,9.189964771270752
gptj-6b,2,1,2,int4,False,20,1,0.02439292271931966,2.3929443359375,3.094482421875,0,48.890244007110596,9.370802402496338
gptj-6b,2,1,1,int4,False,10,2,0.013349215189615885,2.3538818359375,3.090576171875,0,46.73542785644531,8.9786376953125
gptj-6b,2,1,1,int4,False,20,2,0.02198163668314616,2.3538818359375,3.090576171875,0,46.73542785644531,9.004486083984375
gptj-6b,2,1,2,int4,False,10,2,0.014953533808390299,2.4632568359375,3.199951171875,0,51.52721834182739,9.10882830619812
gptj-6b,2,1,2,int4,False,20,2,0.025145769119262695,2.4632568359375,3.199951171875,0,51.52721834182739,9.118654727935791
llama-2-7b,1,1,1,float16,False,10,1,0.015117406845092773,1.30194091796875,1.37615966796875,21.506076335906982,33.04036331176758,7.540672540664673
llama-2-7b,1,1,1,float16,False,20,1,0.02892001469930013,1.30194091796875,1.37615966796875,21.506076335906982,33.04036331176758,7.539111375808716
llama-2-7b,1,1,2,float16,False,10,1,0.021752198537190754,1.68475341796875,1.75897216796875,23.430944442749023,34.77905988693237,7.958871603012085
llama-2-7b,1,1,2,float16,False,20,1,0.04259483019510905,1.68475341796875,1.75897216796875,23.430944442749023,34.77905988693237,8.141940593719482
llama-2-7b,1,1,1,float16,False,10,2,0.014935493469238281,1.36444091796875,1.43865966796875,0,30.78680920600891,6.989581108093262
llama-2-7b,1,1,1,float16,False,20,2,0.028814315795898438,1.36444091796875,1.43865966796875,0,30.78680920600891,6.950936555862427
llama-2-7b,1,1,2,float16,False,10,2,0.021619637807210285,1.74334716796875,1.81756591796875,0,34.89691996574402,8.125025749206543
llama-2-7b,1,1,2,float16,False,20,2,0.04207738240559896,1.74334716796875,1.81756591796875,0,34.89691996574402,8.185327529907227
llama-2-7b,1,1,1,float16,True,10,1,0.015052715937296549,1.31561279296875,1.37225341796875,0,40.02272605895996,7.4817795753479
llama-2-7b,1,1,1,float16,True,20,1,0.02923297882080078,1.31561279296875,1.37225341796875,0,40.02272605895996,7.523772716522217
llama-2-7b,1,1,2,float16,True,10,1,0.021966298421223957,1.69256591796875,1.74920654296875,0,43.035024881362915,7.994743824005127
llama-2-7b,1,1,2,float16,True,20,1,0.04312634468078613,1.69256591796875,1.74920654296875,0,43.035024881362915,8.123226404190063
llama-2-7b,1,1,1,float16,True,10,2,0.0150453249613444,1.39178466796875,1.46600341796875,0,39.107269048690796,7.504589080810547
llama-2-7b,1,1,1,float16,True,20,2,0.02911686897277832,1.39178466796875,1.46600341796875,0,39.107269048690796,7.525287389755249
llama-2-7b,1,1,2,float16,True,10,2,0.02180592219034831,1.78436279296875,1.85858154296875,0,42.68276786804199,8.111041784286499
llama-2-7b,1,1,2,float16,True,20,2,0.04217735926310221,1.78436279296875,1.85858154296875,0,42.68276786804199,8.147663116455078
llama-2-7b,1,1,1,int8,False,10,1,0.011851231257120768,1.10467529296875,1.17889404296875,0,37.19650316238403,6.784776926040649
llama-2-7b,1,1,1,int8,False,20,1,0.022669235865275066,1.10467529296875,1.17889404296875,0,37.19650316238403,6.834859132766724
llama-2-7b,1,1,2,int8,False,10,1,0.015551249186197916,1.29412841796875,1.36834716796875,0,41.944379806518555,7.4812822341918945
llama-2-7b,1,1,2,int8,False,20,1,0.029782533645629883,1.29412841796875,1.36834716796875,0,41.944379806518555,7.488509178161621
llama-2-7b,1,1,1,int8,False,10,2,0.012009779612223307,1.16131591796875,1.23553466796875,0,40.65830755233765,7.2656190395355225
llama-2-7b,1,1,1,int8,False,20,2,0.023039817810058594,1.16131591796875,1.23553466796875,0,40.65830755233765,7.203313112258911
llama-2-7b,1,1,2,int8,False,10,2,0.015763521194458008,1.36639404296875,1.44061279296875,0,44.99695444107056,7.502988338470459
llama-2-7b,1,1,2,int8,False,20,2,0.030375242233276367,1.36639404296875,1.44061279296875,0,44.99695444107056,7.48654842376709
llama-2-7b,1,1,1,int8,True,10,1,0.01182254155476888,1.10467529296875,1.16131591796875,0,46.88436436653137,6.82450532913208
llama-2-7b,1,1,1,int8,True,20,1,0.022716681162516277,1.10467529296875,1.16131591796875,0,46.88436436653137,6.817588567733765
llama-2-7b,1,1,2,int8,True,10,1,0.015452861785888672,1.29412841796875,1.35076904296875,0,58.05377960205078,7.504693269729614
llama-2-7b,1,1,2,int8,True,20,1,0.02988584836324056,1.29412841796875,1.35076904296875,0,58.05377960205078,7.537898302078247
llama-2-7b,1,1,1,int8,True,10,2,0.011975288391113281,1.16131591796875,1.23553466796875,0,52.94747972488403,7.3357555866241455
llama-2-7b,1,1,1,int8,True,20,2,0.023078441619873047,1.16131591796875,1.23553466796875,0,52.94747972488403,7.371716022491455
llama-2-7b,1,1,2,int8,True,10,2,0.015830357869466145,1.36639404296875,1.44061279296875,0,58.750821113586426,7.027266979217529
llama-2-7b,1,1,2,int8,True,20,2,0.030500094095865887,1.36639404296875,1.44061279296875,0,58.750821113586426,7.181200742721558
llama-2-7b,1,1,1,int4,False,10,1,0.010383685429890951,1.01092529296875,1.08514404296875,0,38.44287300109863,7.028351783752441
llama-2-7b,1,1,1,int4,False,20,1,0.019738515218098957,1.01092529296875,1.08514404296875,0,38.44287300109863,7.031370639801025
llama-2-7b,1,1,2,int4,False,10,1,0.012663523356119791,1.10467529296875,1.17889404296875,0,40.78101921081543,6.887312889099121
llama-2-7b,1,1,2,int4,False,20,1,0.024171113967895508,1.10467529296875,1.17889404296875,0,40.78101921081543,6.875669479370117
llama-2-7b,1,1,1,int4,False,10,2,0.010552724202473959,1.06756591796875,1.14178466796875,0,39.24943828582764,6.649284839630127
llama-2-7b,1,1,1,int4,False,20,2,0.02018141746520996,1.06756591796875,1.14178466796875,0,39.24943828582764,6.7798171043396
llama-2-7b,1,1,2,int4,False,10,2,0.014345486958821615,1.17694091796875,1.25115966796875,0,44.57852292060852,7.077418565750122
llama-2-7b,1,1,2,int4,False,20,2,0.024799823760986328,1.17694091796875,1.25115966796875,0,44.57852292060852,7.274322748184204
llama-2-7b,1,1,1,int4,True,10,1,0.010361115137736002,1.01092529296875,1.06756591796875,0,47.522865295410156,6.981363296508789
llama-2-7b,1,1,1,int4,True,20,1,0.02121869723002116,1.01092529296875,1.06756591796875,0,47.522865295410156,7.047889471054077
llama-2-7b,1,1,2,int4,True,10,1,0.012687206268310547,1.10467529296875,1.16131591796875,0,55.14454889297485,6.867241144180298
llama-2-7b,1,1,2,int4,True,20,1,0.02434237798055013,1.10467529296875,1.16131591796875,0,55.14454889297485,6.8606226444244385
llama-2-7b,1,1,1,int4,True,10,2,0.010571877161661783,1.06756591796875,1.14178466796875,0,48.62116003036499,6.792625427246094
llama-2-7b,1,1,1,int4,True,20,2,0.02019532521565755,1.06756591796875,1.14178466796875,0,48.62116003036499,6.757700681686401
llama-2-7b,1,1,2,int4,True,10,2,0.013046900431315104,1.17694091796875,1.25115966796875,0,60.09229779243469,7.2755820751190186
llama-2-7b,1,1,2,int4,True,20,2,0.024916410446166992,1.17694091796875,1.25115966796875,0,60.09229779243469,7.2871763706207275
llama-2-7b,1,1,1,int4_gptq,False,10,1,0.01051020622253418,1.01678466796875,1.09100341796875,0,35.93414926528931,6.956744432449341
llama-2-7b,1,1,1,int4_gptq,False,20,1,0.020091136296590168,1.01678466796875,1.09100341796875,0,35.93414926528931,7.1054182052612305
llama-2-7b,1,1,2,int4_gptq,False,10,1,0.012900511423746744,1.11639404296875,1.19061279296875,0,37.26380729675293,7.288652658462524
llama-2-7b,1,1,2,int4_gptq,False,20,1,0.024680058161417644,1.11639404296875,1.19061279296875,0,37.26380729675293,7.264357566833496
llama-2-7b,1,1,1,int4_gptq,False,10,2,0.010631402333577475,1.08709716796875,1.16131591796875,0,36.935001611709595,6.74170994758606
llama-2-7b,1,1,1,int4_gptq,False,20,2,0.020271778106689453,1.08709716796875,1.16131591796875,0,36.935001611709595,6.783315181732178
llama-2-7b,1,1,2,int4_gptq,False,10,2,0.01305087407430013,1.18865966796875,1.26287841796875,0,40.26478981971741,7.279462099075317
llama-2-7b,1,1,2,int4_gptq,False,20,2,0.02579331398010254,1.18865966796875,1.26287841796875,0,40.26478981971741,7.150675535202026
llama-2-7b,1,2,1 1,float16,False,10,1,0.023568153381347656,2.4027099609375,2.6644287109375,0,35.48425364494324,9.469632387161255
llama-2-7b,1,2,1 1,float16,False,20,1,0.043356895446777344,2.4027099609375,2.6644287109375,0,35.48425364494324,9.444664716720581
llama-2-7b,1,2,2 1,float16,False,10,1,0.028736670811971027,2.8460693359375,3.0472412109375,24.139957427978516,38.078917503356934,9.5447678565979
llama-2-7b,1,2,2 1,float16,False,20,1,0.056253671646118164,2.8050537109375,3.0472412109375,24.139957427978516,38.078917503356934,10.110325813293457
llama-2-7b,1,2,1 1,float16,False,10,2,0.022238810857137043,2.5277099609375,2.7894287109375,0,35.187045097351074,9.472730159759521
llama-2-7b,1,2,1 1,float16,False,20,2,0.04318857192993164,2.5277099609375,2.7894287109375,0,35.187045097351074,9.49826955795288
llama-2-7b,1,2,2 1,float16,False,10,2,0.028621435165405273,2.9066162109375,3.1683349609375,0,37.512925148010254,9.977963924407959
llama-2-7b,1,2,2 1,float16,False,20,2,0.05570697784423828,2.9066162109375,3.1702880859375,0,37.512925148010254,9.8169686794281
llama-2-7b,1,2,1 1,float16,True,10,1,0.022583882013956707,2.4300537109375,2.6546630859375,0,43.60588026046753,9.834497451782227
llama-2-7b,1,2,1 1,float16,True,20,1,0.044035752614339195,2.4300537109375,2.6546630859375,0,43.60588026046753,9.729313850402832
llama-2-7b,1,2,2 1,float16,True,10,1,0.029140233993530273,2.8070068359375,3.0335693359375,0,45.40941762924194,9.661680221557617
llama-2-7b,1,2,2 1,float16,True,20,1,0.05702336629231771,2.8070068359375,3.0335693359375,0,45.40941762924194,9.834150552749634
llama-2-7b,1,2,1 1,float16,True,10,2,0.02249932289123535,2.5980224609375,2.8616943359375,0,43.10459637641907,9.792211532592773
llama-2-7b,1,2,1 1,float16,True,20,2,0.04364816347757975,2.5980224609375,2.8616943359375,0,43.10459637641907,9.987658023834229
llama-2-7b,1,2,2 1,float16,True,10,2,0.0288237730662028,2.9749755859375,3.2366943359375,0,47.042131423950195,10.062472105026245
llama-2-7b,1,2,2 1,float16,True,20,2,0.05614972114562988,2.9749755859375,3.2386474609375,0,47.042131423950195,10.552228927612305
llama-2-7b,1,2,1 1,int8,False,10,1,0.0160367488861084,2.0003662109375,2.2581787109375,0,44.35423159599304,9.823676109313965
llama-2-7b,1,2,1 1,int8,False,20,1,0.031041940053304035,2.0003662109375,2.2581787109375,0,44.35423159599304,9.447747707366943
llama-2-7b,1,2,2 1,int8,False,10,1,0.01948237419128418,2.1976318359375,2.4554443359375,0,46.666603803634644,9.553770542144775
llama-2-7b,1,2,2 1,int8,False,20,1,0.0377805233001709,2.1976318359375,2.4554443359375,0,46.666603803634644,9.423002243041992
llama-2-7b,1,2,1 1,int8,False,10,2,0.016358693440755207,2.1214599609375,2.3792724609375,0,46.473448753356934,9.432411193847656
llama-2-7b,1,2,1 1,int8,False,20,2,0.03150089581807455,2.1214599609375,2.3792724609375,0,46.473448753356934,9.402855396270752
llama-2-7b,1,2,2 1,int8,False,10,2,0.01978294054667155,2.3265380859375,2.5843505859375,0,50.19551730155945,9.379957914352417
llama-2-7b,1,2,2 1,int8,False,20,2,0.03815619150797526,2.3265380859375,2.5843505859375,0,50.19551730155945,9.620995283126831
llama-2-7b,1,2,1 1,int8,True,10,1,0.0161435604095459,2.0003662109375,2.2210693359375,0,55.45264911651611,9.665425777435303
llama-2-7b,1,2,1 1,int8,True,20,1,0.031046072642008465,2.0003662109375,2.2210693359375,0,55.45264911651611,9.559869527816772
llama-2-7b,1,2,2 1,int8,True,10,1,0.019629398981730144,2.1976318359375,2.4202880859375,0,65.66400837898254,9.541270017623901
llama-2-7b,1,2,2 1,int8,True,20,1,0.03769842783610026,2.1976318359375,2.4202880859375,0,65.66400837898254,9.868524551391602
llama-2-7b,1,2,1 1,int8,True,10,2,0.01645374298095703,2.1214599609375,2.3792724609375,0,56.82140851020813,9.266051054000854
llama-2-7b,1,2,1 1,int8,True,20,2,0.0317835807800293,2.1214599609375,2.3792724609375,0,56.82140851020813,9.505911588668823
llama-2-7b,1,2,2 1,int8,True,10,2,0.0203093687693278,2.3265380859375,2.5843505859375,0,67.43965125083923,9.587194204330444
llama-2-7b,1,2,2 1,int8,True,20,2,0.038263400395711265,2.3265380859375,2.5843505859375,0,67.43965125083923,9.772563219070435
llama-2-7b,1,2,1 1,int4,False,10,1,0.013243595759073893,1.8128662109375,2.0706787109375,0,43.637540340423584,9.118240356445312
llama-2-7b,1,2,1 1,int4,False,20,1,0.025221745173136394,1.8128662109375,2.0706787109375,0,43.637540340423584,9.1320161819458
llama-2-7b,1,2,2 1,int4,False,10,1,0.015132506688435873,1.9144287109375,2.1722412109375,0,49.299644470214844,9.603768587112427
llama-2-7b,1,2,2 1,int4,False,20,1,0.02921009063720703,1.9144287109375,2.1722412109375,0,49.299644470214844,9.419832944869995
llama-2-7b,1,2,1 1,int4,False,10,2,0.013765573501586914,1.9339599609375,2.1917724609375,0,45.823227882385254,9.168414115905762
llama-2-7b,1,2,1 1,int4,False,20,2,0.02607591946919759,1.9339599609375,2.1917724609375,0,45.823227882385254,9.215756893157959
llama-2-7b,1,2,2 1,int4,False,10,2,0.015629053115844727,2.0433349609375,2.3011474609375,0,50.278090476989746,9.222367763519287
llama-2-7b,1,2,2 1,int4,False,20,2,0.030995845794677734,2.0433349609375,2.3011474609375,0,50.278090476989746,9.428569555282593
llama-2-7b,1,2,1 1,int4,True,10,1,0.013210296630859375,1.8128662109375,2.0335693359375,0,55.44260311126709,9.31808590888977
llama-2-7b,1,2,1 1,int4,True,20,1,0.02534906069437663,1.8128662109375,2.0335693359375,0,55.44260311126709,9.410882711410522
llama-2-7b,1,2,2 1,int4,True,10,1,0.015174309412638346,1.9144287109375,2.1370849609375,0,66.37007331848145,9.182443618774414
llama-2-7b,1,2,2 1,int4,True,20,1,0.02934114138285319,1.9144287109375,2.1370849609375,0,66.37007331848145,9.386027812957764
llama-2-7b,1,2,1 1,int4,True,10,2,0.013642311096191406,1.9339599609375,2.1917724609375,0,57.90904378890991,9.564397811889648
llama-2-7b,1,2,1 1,int4,True,20,2,0.02594788869222005,1.9339599609375,2.1917724609375,0,57.90904378890991,9.347278356552124
llama-2-7b,1,2,2 1,int4,True,10,2,0.01568603515625,2.0433349609375,2.3011474609375,0,68.02493357658386,9.208925724029541
llama-2-7b,1,2,2 1,int4,True,20,2,0.030188719431559246,2.0433349609375,2.3011474609375,0,68.02493357658386,9.659176111221313
llama-2-7b,1,2,1 1,int4_gptq,False,10,1,0.013423522313435873,1.8323974609375,2.0902099609375,0,40.41141414642334,9.246540069580078
llama-2-7b,1,2,1 1,int4_gptq,False,20,1,0.02595798174540202,1.8323974609375,2.0902099609375,0,40.41141414642334,9.341528177261353
llama-2-7b,1,2,2 1,int4_gptq,False,10,1,0.015549977620442709,1.9320068359375,2.1898193359375,0,42.813637018203735,9.409796953201294
llama-2-7b,1,2,2 1,int4_gptq,False,20,1,0.02979429562886556,1.9320068359375,2.1898193359375,0,42.813637018203735,9.414102554321289
llama-2-7b,1,2,1 1,int4_gptq,False,10,2,0.013647715250651041,1.9730224609375,2.2308349609375,0,43.15739130973816,9.352061033248901
llama-2-7b,1,2,1 1,int4_gptq,False,20,2,0.02604063351949056,1.9730224609375,2.2308349609375,0,43.15739130973816,9.800780773162842
llama-2-7b,1,2,2 1,int4_gptq,False,10,2,0.015730778376261394,2.0745849609375,2.3323974609375,0,45.12166738510132,9.47228455543518
llama-2-7b,1,2,2 1,int4_gptq,False,20,2,0.030129432678222656,2.0745849609375,2.3323974609375,0,45.12166738510132,9.401048183441162
llama-2-7b,2,1,1,float16,False,10,1,0.013995488484700521,2.1390380859375,2.840576171875,0,31.966758489608765,8.944669961929321
llama-2-7b,2,1,1,float16,False,20,1,0.02330954869588216,2.1390380859375,2.840576171875,0,31.966758489608765,8.949596405029297
llama-2-7b,2,1,2,float16,False,10,1,0.018058061599731445,2.5140380859375,3.215576171875,0,33.002461194992065,9.23324704170227
llama-2-7b,2,1,2,float16,False,20,1,0.03104710578918457,2.5140380859375,3.217529296875,0,33.002461194992065,9.250773906707764
llama-2-7b,2,1,1,float16,False,10,2,0.014115333557128906,2.2210693359375,2.957763671875,0,31.431721210479736,8.694101810455322
llama-2-7b,2,1,1,float16,False,20,2,0.023320674896240234,2.2210693359375,2.957763671875,0,31.431721210479736,8.772559642791748
llama-2-7b,2,1,2,float16,False,10,2,0.01788981755574544,2.5960693359375,3.332763671875,0,33.58062672615051,9.014784574508667
llama-2-7b,2,1,2,float16,False,20,2,0.031113386154174805,2.5960693359375,3.332763671875,0,33.58062672615051,9.095380306243896
llama-2-7b,2,1,1,float16,True,10,1,0.014160553614298502,2.1546630859375,2.852294921875,0,39.84534692764282,8.84411096572876
llama-2-7b,2,1,1,float16,True,20,1,0.02354113260904948,2.1546630859375,2.852294921875,0,39.84534692764282,8.875727415084839
llama-2-7b,2,1,2,float16,True,10,1,0.017903645833333332,2.5296630859375,3.231201171875,0,42.33785271644592,9.06067180633545
llama-2-7b,2,1,2,float16,True,20,1,0.03153332074483236,2.5296630859375,3.231201171875,0,42.33785271644592,9.119222640991211
llama-2-7b,2,1,1,float16,True,10,2,0.01415403683980306,2.2406005859375,2.942138671875,0,37.24890756607056,8.855577230453491
llama-2-7b,2,1,1,float16,True,20,2,0.023584445317586262,2.2406005859375,2.942138671875,0,37.24890756607056,9.041284322738647
llama-2-7b,2,1,2,float16,True,10,2,0.018293301264444988,2.6273193359375,3.330810546875,0,40.93516755104065,8.972949981689453
llama-2-7b,2,1,2,float16,True,20,2,0.03153252601623535,2.6273193359375,3.328857421875,0,40.93516755104065,9.034657955169678
llama-2-7b,2,1,1,int8,False,10,1,0.012479941050211588,1.9437255859375,2.645263671875,0,34.96472430229187,8.705114841461182
llama-2-7b,2,1,1,int8,False,20,1,0.020182212193806965,1.9437255859375,2.645263671875,0,34.96472430229187,8.743339538574219
llama-2-7b,2,1,2,int8,False,10,1,0.01495361328125,2.1351318359375,2.836669921875,0,37.39537286758423,8.844620943069458
llama-2-7b,2,1,2,int8,False,20,1,0.0247800350189209,2.1351318359375,2.838623046875,0,37.39537286758423,8.940081119537354
llama-2-7b,2,1,1,int8,False,10,2,0.012665589650472006,2.0023193359375,2.739013671875,0,36.121187925338745,8.907476663589478
llama-2-7b,2,1,1,int8,False,20,2,0.020449002583821613,2.0023193359375,2.739013671875,0,36.121187925338745,8.843847513198853
llama-2-7b,2,1,2,int8,False,10,2,0.015005350112915039,2.2093505859375,2.946044921875,0,38.69006681442261,9.049925327301025
llama-2-7b,2,1,2,int8,False,20,2,0.025083541870117188,2.2093505859375,2.946044921875,0,38.69006681442261,8.971237182617188
llama-2-7b,2,1,1,int8,True,10,1,0.012550036112467447,1.9437255859375,2.641357421875,0,43.89501738548279,9.111571073532104
llama-2-7b,2,1,1,int8,True,20,1,0.02013556162516276,1.9437255859375,2.641357421875,0,43.89501738548279,8.779383420944214
llama-2-7b,2,1,2,int8,True,10,1,0.01480261484781901,2.1351318359375,2.832763671875,0,52.595717430114746,8.980353593826294
llama-2-7b,2,1,2,int8,True,20,1,0.0251461664835612,2.1351318359375,2.832763671875,0,52.595717430114746,9.043010711669922
llama-2-7b,2,1,1,int8,True,10,2,0.012416521708170572,2.0023193359375,2.703857421875,0,46.202901124954224,8.793793439865112
llama-2-7b,2,1,1,int8,True,20,2,0.020469268163045246,2.0023193359375,2.703857421875,0,46.202901124954224,9.058665990829468
llama-2-7b,2,1,2,int8,True,10,2,0.014978249867757162,2.2093505859375,2.912841796875,0,53.61345863342285,8.926773309707642
llama-2-7b,2,1,2,int8,True,20,2,0.02535271644592285,2.2093505859375,2.912841796875,0,53.61345863342285,9.0715970993042
llama-2-7b,2,1,1,int4,False,10,1,0.011697610219319662,1.8499755859375,2.551513671875,0,34.87779641151428,8.95457911491394
llama-2-7b,2,1,1,int4,False,20,1,0.01888887087504069,1.8499755859375,2.551513671875,0,34.87779641151428,8.69478178024292
llama-2-7b,2,1,2,int4,False,10,1,0.013286670049031576,1.9437255859375,2.645263671875,0,39.42330193519592,8.87593412399292
llama-2-7b,2,1,2,int4,False,20,1,0.021927754084269207,1.9437255859375,2.645263671875,0,39.42330193519592,8.83535885810852
llama-2-7b,2,1,1,int4,False,10,2,0.011678457260131836,1.9085693359375,2.645263671875,0,36.658761501312256,8.698975563049316
llama-2-7b,2,1,1,int4,False,20,2,0.019071102142333984,1.9085693359375,2.645263671875,0,36.658761501312256,8.713052749633789
llama-2-7b,2,1,2,int4,False,10,2,0.01361687978108724,2.0179443359375,2.754638671875,0,40.21273970603943,8.832541942596436
llama-2-7b,2,1,2,int4,False,20,2,0.022380272547403973,2.0179443359375,2.754638671875,0,40.21273970603943,8.830281257629395
llama-2-7b,2,1,1,int4,True,10,1,0.011740605036417643,1.8499755859375,2.547607421875,0,44.40345907211304,8.963357210159302
llama-2-7b,2,1,1,int4,True,20,1,0.01894688606262207,1.8499755859375,2.547607421875,0,44.40345907211304,8.74544095993042
llama-2-7b,2,1,2,int4,True,10,1,0.013359467188517252,1.9437255859375,2.645263671875,0,54.16046142578125,8.640011072158813
llama-2-7b,2,1,2,int4,True,20,1,0.022002220153808594,1.9437255859375,2.645263671875,0,54.16046142578125,8.784561157226562
llama-2-7b,2,1,1,int4,True,10,2,0.011935790379842123,1.9085693359375,2.610107421875,0,45.013795614242554,8.824439287185669
llama-2-7b,2,1,1,int4,True,20,2,0.019092639287312824,1.9085693359375,2.610107421875,0,45.013795614242554,8.971965789794922
llama-2-7b,2,1,2,int4,True,10,2,0.013704856236775717,2.0179443359375,2.719482421875,0,55.09231877326965,8.724309921264648
llama-2-7b,2,1,2,int4,True,20,2,0.022496541341145832,2.0179443359375,2.719482421875,0,55.09231877326965,8.781844854354858
llama-2-7b,2,1,1,int4_gptq,False,10,1,0.011699199676513672,1.8577880859375,2.559326171875,0,32.96233367919922,8.75209665298462
llama-2-7b,2,1,1,int4_gptq,False,20,1,0.018904844919840496,1.8577880859375,2.559326171875,0,32.96233367919922,8.64015507698059
llama-2-7b,2,1,2,int4_gptq,False,10,1,0.01352532704671224,1.9554443359375,2.656982421875,0,34.52875804901123,8.852911233901978
llama-2-7b,2,1,2,int4_gptq,False,20,1,0.022253036499023438,1.9554443359375,2.656982421875,0,34.52875804901123,8.789756298065186
llama-2-7b,2,1,1,int4_gptq,False,10,2,0.01197520891825358,1.9320068359375,2.668701171875,0,33.85300278663635,8.71260404586792
llama-2-7b,2,1,1,int4_gptq,False,20,2,0.018992900848388672,1.9320068359375,2.668701171875,0,33.85300278663635,8.818641424179077
llama-2-7b,2,1,2,int4_gptq,False,10,2,0.013717095057169596,2.0296630859375,2.766357421875,0,35.85925602912903,8.633922576904297
llama-2-7b,2,1,2,int4_gptq,False,20,2,0.02261066436767578,2.0296630859375,2.766357421875,0,35.85925602912903,8.812196493148804
llama-2-13b,1,1,1,float16,False,10,1,0.019248247146606445,1.64764404296875,1.72186279296875,14.764769077301025,32.96003317832947,8.00895619392395
llama-2-13b,1,1,1,float16,False,20,1,0.03749306996663412,1.64764404296875,1.72186279296875,14.764769077301025,32.96003317832947,8.103015899658203
llama-2-13b,1,1,2,float16,False,10,1,0.029307047526041668,2.25311279296875,2.32733154296875,15.80940866470337,36.54167866706848,8.946823835372925
llama-2-13b,1,1,2,float16,False,20,1,0.057294368743896484,2.25311279296875,2.32733154296875,15.80940866470337,36.54167866706848,9.046791791915894
llama-2-13b,1,1,1,float16,False,10,2,0.01895451545715332,1.74139404296875,1.81561279296875,0,33.44380760192871,7.970001220703125
llama-2-13b,1,1,1,float16,False,20,2,0.0368045965830485,1.74139404296875,1.81561279296875,0,33.44380760192871,8.015379667282104
llama-2-13b,1,1,2,float16,False,10,2,0.028992493947347004,2.33319091796875,2.40740966796875,0,36.954089403152466,8.734558582305908
llama-2-13b,1,1,2,float16,False,20,2,0.05655662218729655,2.33319091796875,2.40740966796875,0,36.954089403152466,9.011791229248047
llama-2-13b,1,1,1,float16,True,10,1,0.01925794283548991,1.67303466796875,1.74725341796875,0,39.657108783721924,7.954740762710571
llama-2-13b,1,1,1,float16,True,20,1,0.037668069203694664,1.67303466796875,1.74725341796875,0,39.657108783721924,8.142321109771729
llama-2-13b,1,1,2,float16,True,10,1,0.029416799545288086,2.26287841796875,2.33709716796875,0,44.95958638191223,8.958918333053589
llama-2-13b,1,1,2,float16,True,20,1,0.057639122009277344,2.26287841796875,2.33709716796875,0,44.95958638191223,9.026019096374512
llama-2-13b,1,1,1,float16,True,10,2,0.01911473274230957,1.77459716796875,1.84881591796875,0,42.59411311149597,7.997876167297363
llama-2-13b,1,1,1,float16,True,20,2,0.03703657786051432,1.77459716796875,1.84881591796875,0,42.59411311149597,8.035812377929688
llama-2-13b,1,1,2,float16,True,10,2,0.029051701227823894,2.38592529296875,2.46014404296875,0,44.585216999053955,8.373970746994019
llama-2-13b,1,1,2,float16,True,20,2,0.0569909413655599,2.38592529296875,2.46014404296875,0,44.585216999053955,8.926366090774536
llama-2-13b,1,1,1,int8,False,10,1,0.014402389526367188,1.34490966796875,1.41912841796875,0,44.159284830093384,7.603271007537842
llama-2-13b,1,1,1,int8,False,20,1,0.027969757715861004,1.34490966796875,1.41912841796875,0,44.159284830093384,7.67415714263916
llama-2-13b,1,1,2,int8,False,10,1,0.01971753438313802,1.64569091796875,1.71990966796875,0,49.84929323196411,8.068031787872314
llama-2-13b,1,1,2,int8,False,20,1,0.03832578659057617,1.64569091796875,1.71990966796875,0,49.84929323196411,8.19514775276184
llama-2-13b,1,1,1,int8,False,10,2,0.014401833216349283,1.42694091796875,1.50115966796875,0,49.80759954452515,7.564147710800171
llama-2-13b,1,1,1,int8,False,20,2,0.02769780158996582,1.42694091796875,1.50115966796875,0,49.80759954452515,7.636474847793579
llama-2-13b,1,1,2,int8,False,10,2,0.01991430918375651,1.74334716796875,1.81756591796875,0,55.53338813781738,8.006893396377563
llama-2-13b,1,1,2,int8,False,20,2,0.03845985730489095,1.74334716796875,1.81756591796875,0,55.53338813781738,8.163604259490967
llama-2-13b,1,1,1,int8,True,10,1,0.014494657516479492,1.34490966796875,1.41912841796875,0,53.92196750640869,7.7183897495269775
llama-2-13b,1,1,1,int8,True,20,1,0.0279843012491862,1.34490966796875,1.41912841796875,0,53.92196750640869,7.78022313117981
llama-2-13b,1,1,2,int8,True,10,1,0.01977960268656413,1.64569091796875,1.71990966796875,0,65.84223961830139,8.01451325416565
llama-2-13b,1,1,2,int8,True,20,1,0.03835582733154297,1.64569091796875,1.71990966796875,0,65.84223961830139,8.04965329170227
llama-2-13b,1,1,1,int8,True,10,2,0.014379501342773438,1.42694091796875,1.50115966796875,0,59.86912727355957,7.501418828964233
llama-2-13b,1,1,1,int8,True,20,2,0.02778029441833496,1.42694091796875,1.50115966796875,0,59.86912727355957,7.617664575576782
llama-2-13b,1,1,2,int8,True,10,2,0.019855658213297527,1.74334716796875,1.81756591796875,0,71.34614324569702,7.955167055130005
llama-2-13b,1,1,2,int8,True,20,2,0.038608948389689125,1.74334716796875,1.81756591796875,0,71.34614324569702,8.100828886032104
llama-2-13b,1,1,1,int4,False,10,1,0.012140274047851562,1.19842529296875,1.27264404296875,0,43.09348130226135,7.309109687805176
llama-2-13b,1,1,1,int4,False,20,1,0.02339657147725423,1.19842529296875,1.27264404296875,0,43.09348130226135,7.416954517364502
llama-2-13b,1,1,2,int4,False,10,1,0.015245993932088217,1.34881591796875,1.42303466796875,0,49.656822681427,7.553531885147095
llama-2-13b,1,1,2,int4,False,20,1,0.029391924540201824,1.34881591796875,1.42303466796875,0,49.656822681427,7.640477418899536
llama-2-13b,1,1,1,int4,False,10,2,0.012281020482381185,1.28045654296875,1.35467529296875,0,48.37918281555176,7.195836067199707
llama-2-13b,1,1,1,int4,False,20,2,0.02355194091796875,1.28045654296875,1.35467529296875,0,48.37918281555176,7.380593299865723
llama-2-13b,1,1,2,int4,False,10,2,0.015541394551595053,1.44647216796875,1.52069091796875,0,54.97660040855408,7.379960298538208
llama-2-13b,1,1,2,int4,False,20,2,0.030094464619954426,1.44647216796875,1.52069091796875,0,54.97660040855408,7.565955638885498
llama-2-13b,1,1,1,int4,True,10,1,0.012211322784423828,1.19842529296875,1.27264404296875,0,53.35299730300903,7.21888279914856
llama-2-13b,1,1,1,int4,True,20,1,0.023926337560017902,1.19842529296875,1.27264404296875,0,53.35299730300903,7.347280263900757
llama-2-13b,1,1,2,int4,True,10,1,0.016100565592447918,1.34881591796875,1.42303466796875,0,65.73599243164062,7.501165866851807
llama-2-13b,1,1,2,int4,True,20,1,0.0294342835744222,1.34881591796875,1.42303466796875,0,65.73599243164062,7.680533409118652
llama-2-13b,1,1,1,int4,True,10,2,0.012274742126464844,1.28045654296875,1.35467529296875,0,58.460572242736816,7.203882217407227
llama-2-13b,1,1,1,int4,True,20,2,0.023588101069132488,1.28045654296875,1.35467529296875,0,58.460572242736816,7.32536244392395
llama-2-13b,1,1,2,int4,True,10,2,0.015567700068155924,1.44647216796875,1.52069091796875,0,71.7171995639801,7.543366432189941
llama-2-13b,1,1,2,int4,True,20,2,0.030118624369303387,1.44647216796875,1.52069091796875,0,71.7171995639801,7.606213569641113
llama-2-13b,1,1,1,int4_gptq,False,10,1,0.01251379648844401,1.21014404296875,1.28436279296875,0,39.59612035751343,7.275999546051025
llama-2-13b,1,1,1,int4_gptq,False,20,1,0.02432727813720703,1.21014404296875,1.28436279296875,0,39.59612035751343,7.396671533584595
llama-2-13b,1,1,2,int4_gptq,False,10,1,0.015737136205037434,1.36834716796875,1.44256591796875,0,44.192601442337036,7.652468681335449
llama-2-13b,1,1,2,int4_gptq,False,20,1,0.030631065368652344,1.36834716796875,1.44256591796875,0,44.192601442337036,7.828968524932861
llama-2-13b,1,1,1,int4_gptq,False,10,2,0.01232767105102539,1.30584716796875,1.38006591796875,0,45.2530517578125,7.6977009773254395
llama-2-13b,1,1,1,int4_gptq,False,20,2,0.024088382720947266,1.30584716796875,1.38006591796875,0,45.2530517578125,7.486872434616089
llama-2-13b,1,1,2,int4_gptq,False,10,2,0.016292254130045574,1.46600341796875,1.54022216796875,0,48.240018129348755,7.701271057128906
llama-2-13b,1,1,2,int4_gptq,False,20,2,0.030253887176513672,1.46600341796875,1.54022216796875,0,48.240018129348755,7.564127683639526
llama-2-13b,1,2,1 1,float16,False,10,1,0.029783010482788086,2.9691162109375,3.2308349609375,0,38.48231077194214,10.052369832992554
llama-2-13b,1,2,1 1,float16,False,20,1,0.05842383702596029,2.9691162109375,3.2308349609375,0,38.48231077194214,10.13820743560791
llama-2-13b,1,2,2 1,float16,False,10,1,0.03939175605773926,3.6370849609375,3.8382568359375,16.89724850654602,42.50934910774231,10.500589609146118
llama-2-13b,1,2,2 1,float16,False,20,1,0.07926376660664876,3.6370849609375,3.8382568359375,16.89724850654602,42.50934910774231,10.458073854446411
llama-2-13b,1,2,1 1,float16,False,10,2,0.0296481450398763,3.2034912109375,3.4652099609375,0,38.57195687294006,9.756044626235962
llama-2-13b,1,2,1 1,float16,False,20,2,0.05919790267944336,3.2034912109375,3.4652099609375,0,38.57195687294006,10.059497356414795
llama-2-13b,1,2,2 1,float16,False,10,2,0.039160966873168945,3.8109130859375,4.0140380859375,0,42.10544276237488,10.229586124420166
llama-2-13b,1,2,2 1,float16,False,20,2,0.07715829213460286,3.8109130859375,4.0140380859375,0,42.10544276237488,10.658724308013916
llama-2-13b,1,2,1 1,float16,True,10,1,0.030422767003377277,3.0198974609375,3.2816162109375,0,45.355775594711304,9.99366283416748
llama-2-13b,1,2,1 1,float16,True,20,1,0.059592882792154946,3.0198974609375,3.2816162109375,0,45.355775594711304,10.07052731513977
llama-2-13b,1,2,2 1,float16,True,10,1,0.03958336512247721,3.6722412109375,3.8753662109375,0,50.872952461242676,10.531728982925415
llama-2-13b,1,2,2 1,float16,True,20,1,0.07918310165405273,3.6722412109375,3.8753662109375,0,50.872952461242676,10.765496730804443
llama-2-13b,1,2,1 1,float16,True,10,2,0.029619296391805012,3.2425537109375,3.5042724609375,0,46.194560050964355,9.680380821228027
llama-2-13b,1,2,1 1,float16,True,20,2,0.05848987897237142,3.2425537109375,3.5042724609375,0,46.194560050964355,9.880335092544556
llama-2-13b,1,2,2 1,float16,True,10,2,0.0395204226175944,3.8968505859375,4.0999755859375,0,50.796184062957764,11.02839207649231
llama-2-13b,1,2,2 1,float16,True,20,2,0.07784644762674968,3.8968505859375,4.0999755859375,0,50.796184062957764,10.893733978271484
llama-2-13b,1,2,1 1,int8,False,10,1,0.020428816477457683,2.3616943359375,2.6195068359375,0,53.13923668861389,9.691259145736694
llama-2-13b,1,2,1 1,int8,False,20,1,0.03934343655904134,2.3616943359375,2.6195068359375,0,53.13923668861389,9.609822034835815
llama-2-13b,1,2,2 1,int8,False,10,1,0.02539714177449544,2.7288818359375,2.9261474609375,0,57.83120846748352,9.956809043884277
llama-2-13b,1,2,2 1,int8,False,20,1,0.04926379521687826,2.7288818359375,2.9261474609375,0,57.83120846748352,10.007277011871338
llama-2-13b,1,2,1 1,int8,False,10,2,0.02080694834391276,2.5316162109375,2.7894287109375,0,56.594725608825684,9.54264760017395
llama-2-13b,1,2,1 1,int8,False,20,2,0.04009056091308594,2.5316162109375,2.7894287109375,0,56.594725608825684,9.736075162887573
llama-2-13b,1,2,2 1,int8,False,10,2,0.02552652359008789,2.9085693359375,3.1058349609375,0,63.26208543777466,9.834348678588867
llama-2-13b,1,2,2 1,int8,False,20,2,0.04980349540710449,2.9085693359375,3.1058349609375,0,63.26208543777466,9.966547012329102
llama-2-13b,1,2,1 1,int8,True,10,1,0.020328203837076824,2.3616943359375,2.6195068359375,0,63.38999891281128,9.608527421951294
llama-2-13b,1,2,1 1,int8,True,20,1,0.03954919179280599,2.3616943359375,2.6195068359375,0,63.38999891281128,9.625409841537476
llama-2-13b,1,2,2 1,int8,True,10,1,0.02532045046488444,2.7288818359375,2.9261474609375,0,75.03203797340393,9.962911128997803
llama-2-13b,1,2,2 1,int8,True,20,1,0.05100123087565104,2.7288818359375,2.9261474609375,0,75.03203797340393,10.388390064239502
llama-2-13b,1,2,1 1,int8,True,10,2,0.02068010965983073,2.5316162109375,2.7894287109375,0,69.44698596000671,9.624483585357666
llama-2-13b,1,2,1 1,int8,True,20,2,0.04006632169087728,2.5316162109375,2.7894287109375,0,69.44698596000671,9.711140394210815
llama-2-13b,1,2,2 1,int8,True,10,2,0.025574604670206707,2.9085693359375,3.1058349609375,0,80.54307770729065,9.916026830673218
llama-2-13b,1,2,2 1,int8,True,20,2,0.05001966158548991,2.9085693359375,3.1058349609375,0,80.54307770729065,9.956126689910889
llama-2-13b,1,2,1 1,int4,False,10,1,0.015824556350708008,2.0687255859375,2.3265380859375,0,53.122615575790405,9.533507347106934
llama-2-13b,1,2,1 1,int4,False,20,1,0.03071316083272298,2.0687255859375,2.3265380859375,0,53.122615575790405,9.783885478973389
llama-2-13b,1,2,2 1,int4,False,10,1,0.01863416035970052,2.2249755859375,2.4827880859375,0,60.0353844165802,9.666249513626099
llama-2-13b,1,2,2 1,int4,False,20,1,0.0360870361328125,2.2445068359375,2.4827880859375,0,60.0353844165802,9.654814720153809
llama-2-13b,1,2,1 1,int4,False,10,2,0.0165707270304362,2.2386474609375,2.4964599609375,0,56.99168372154236,9.561462640762329
llama-2-13b,1,2,1 1,int4,False,20,2,0.0313873291015625,2.2386474609375,2.4964599609375,0,56.99168372154236,9.55153512954712
llama-2-13b,1,2,2 1,int4,False,10,2,0.01922774314880371,2.4046630859375,2.6624755859375,0,64.44493269920349,9.809502363204956
llama-2-13b,1,2,2 1,int4,False,20,2,0.03717684745788574,2.4046630859375,2.6624755859375,0,64.44493269920349,9.863993406295776
llama-2-13b,1,2,1 1,int4,True,10,1,0.015969276428222656,2.0687255859375,2.3265380859375,0,64.48208785057068,9.526742935180664
llama-2-13b,1,2,1 1,int4,True,20,1,0.03072841962178548,2.0687255859375,2.3265380859375,0,64.48208785057068,9.52371597290039
llama-2-13b,1,2,2 1,int4,True,10,1,0.018753925959269207,2.2445068359375,2.4827880859375,0,76.78091931343079,9.724998474121094
llama-2-13b,1,2,2 1,int4,True,20,1,0.03634746869405111,2.2249755859375,2.4827880859375,0,76.78091931343079,9.777915000915527
llama-2-13b,1,2,1 1,int4,True,10,2,0.016500393549601238,2.2386474609375,2.4964599609375,0,70.1455614566803,9.308552742004395
llama-2-13b,1,2,1 1,int4,True,20,2,0.03146227200826009,2.2386474609375,2.4964599609375,0,70.1455614566803,9.462357759475708
llama-2-13b,1,2,2 1,int4,True,10,2,0.020176410675048828,2.4046630859375,2.6624755859375,0,82.59994959831238,9.401498556137085
llama-2-13b,1,2,2 1,int4,True,20,2,0.03722055753072103,2.4046630859375,2.6624755859375,0,82.59994959831238,9.785145998001099
llama-2-13b,1,2,1 1,int4_gptq,False,10,1,0.01626269022623698,2.0980224609375,2.3558349609375,0,45.436657190322876,9.259401082992554
llama-2-13b,1,2,1 1,int4_gptq,False,20,1,0.03156510988871256,2.0980224609375,2.3558349609375,0,45.436657190322876,9.322693109512329
llama-2-13b,1,2,2 1,int4_gptq,False,10,1,0.020409345626831055,2.2542724609375,2.5120849609375,0,48.70082449913025,9.380352973937988
llama-2-13b,1,2,2 1,int4_gptq,False,20,1,0.03723621368408203,2.2542724609375,2.5120849609375,0,48.70082449913025,9.861802339553833
llama-2-13b,1,2,1 1,int4_gptq,False,10,2,0.016283194224039715,2.2894287109375,2.5472412109375,0,51.12229013442993,9.355082273483276
llama-2-13b,1,2,1 1,int4_gptq,False,20,2,0.031449476877848305,2.2894287109375,2.5472412109375,0,51.12229013442993,9.315407276153564
llama-2-13b,1,2,2 1,int4_gptq,False,10,2,0.019396225611368816,2.4476318359375,2.7054443359375,0,54.81021213531494,9.407541751861572
llama-2-13b,1,2,2 1,int4_gptq,False,20,2,0.037378787994384766,2.4476318359375,2.7054443359375,0,54.81021213531494,9.5708589553833
llama-2-13b,2,1,1,float16,False,10,1,0.016093333562215168,2.5570068359375,3.293701171875,0,33.201844215393066,9.200976371765137
llama-2-13b,2,1,1,float16,False,20,1,0.027683496475219727,2.5570068359375,3.293701171875,0,33.201844215393066,9.240139961242676
llama-2-13b,2,1,2,float16,False,10,1,0.021863301595052082,3.1468505859375,3.883544921875,0,35.87071943283081,9.594552755355835
llama-2-13b,2,1,2,float16,False,20,1,0.03893589973449707,3.1468505859375,3.883544921875,0,35.87071943283081,9.541176557540894
llama-2-13b,2,1,1,float16,False,10,2,0.016221364339192707,2.7230224609375,3.459716796875,0,32.831501722335815,9.217334747314453
llama-2-13b,2,1,1,float16,False,20,2,0.02794488271077474,2.7230224609375,3.459716796875,0,32.831501722335815,9.189549922943115
llama-2-13b,2,1,2,float16,False,10,2,0.02206722895304362,3.2640380859375,4.000732421875,0,36.76352858543396,9.428344964981079
llama-2-13b,2,1,2,float16,False,20,2,0.039407968521118164,3.2640380859375,4.000732421875,0,36.76352858543396,9.714864492416382
llama-2-13b,2,1,1,float16,True,10,1,0.016321500142415363,2.5765380859375,3.274169921875,0,40.0623562335968,9.515371084213257
llama-2-13b,2,1,1,float16,True,20,1,0.028083244959513348,2.5765380859375,3.276123046875,0,40.0623562335968,9.306082010269165
llama-2-13b,2,1,2,float16,True,10,1,0.02207485834757487,3.1663818359375,3.867919921875,0,44.27337312698364,9.546951293945312
llama-2-13b,2,1,2,float16,True,20,1,0.039461215337117515,3.1663818359375,3.867919921875,0,44.27337312698364,9.802977800369263
llama-2-13b,2,1,1,float16,True,10,2,0.01640597979227702,2.6820068359375,3.418701171875,0,40.85563111305237,9.22676157951355
llama-2-13b,2,1,1,float16,True,20,2,0.028295040130615234,2.6820068359375,3.418701171875,0,40.85563111305237,9.262119770050049
llama-2-13b,2,1,2,float16,True,10,2,0.022229671478271484,3.3031005859375,4.039794921875,0,44.071619749069214,9.477038383483887
llama-2-13b,2,1,2,float16,True,20,2,0.03967746098836263,3.3031005859375,4.039794921875,0,44.071619749069214,9.9868643283844
llama-2-13b,2,1,1,int8,False,10,1,0.013821760813395182,2.2562255859375,2.992919921875,0,39.946434020996094,8.982566356658936
llama-2-13b,2,1,1,int8,False,20,1,0.022770404815673828,2.2562255859375,2.992919921875,0,39.946434020996094,9.011990785598755
llama-2-13b,2,1,2,int8,False,10,1,0.016826629638671875,2.5491943359375,3.285888671875,0,45.49994683265686,9.0795578956604
llama-2-13b,2,1,2,int8,False,20,1,0.029042959213256836,2.5491943359375,3.285888671875,0,45.49994683265686,9.09778356552124
llama-2-13b,2,1,1,int8,False,10,2,0.013957023620605469,2.3265380859375,3.063232421875,0,43.08624768257141,8.91424298286438
llama-2-13b,2,1,1,int8,False,20,2,0.023143688837687176,2.3265380859375,3.063232421875,0,43.08624768257141,9.15949010848999
llama-2-13b,2,1,2,int8,False,10,2,0.017227888107299805,2.6585693359375,3.395263671875,0,48.411112785339355,9.187646389007568
llama-2-13b,2,1,2,int8,False,20,2,0.030153195063273113,2.6585693359375,3.395263671875,0,48.411112785339355,9.18287444114685
llama-2-13b,2,1,1,int8,True,10,1,0.013719956080118815,2.2562255859375,2.955810546875,0,50.52083706855774,9.049595832824707
llama-2-13b,2,1,1,int8,True,20,1,0.022855838139851887,2.2562255859375,2.955810546875,0,50.52083706855774,9.021520376205444
llama-2-13b,2,1,2,int8,True,10,1,0.016923030217488606,2.5491943359375,3.250732421875,0,61.52985405921936,9.237025737762451
llama-2-13b,2,1,2,int8,True,20,1,0.02917194366455078,2.5491943359375,3.250732421875,0,61.52985405921936,9.180565357208252
llama-2-13b,2,1,1,int8,True,10,2,0.013825734456380209,2.3265380859375,3.063232421875,0,53.574387311935425,8.962339162826538
llama-2-13b,2,1,1,int8,True,20,2,0.023262500762939453,2.3265380859375,3.063232421875,0,53.574387311935425,8.920358419418335
llama-2-13b,2,1,2,int8,True,10,2,0.017325719197591145,2.6585693359375,3.395263671875,0,64.45409369468689,9.041879415512085
llama-2-13b,2,1,2,int8,True,20,2,0.02989649772644043,2.6585693359375,3.395263671875,0,64.45409369468689,9.262181758880615
llama-2-13b,2,1,1,int4,False,10,1,0.012836456298828125,2.1077880859375,2.844482421875,0,40.679837465286255,8.866052865982056
llama-2-13b,2,1,1,int4,False,20,1,0.020543018976847332,2.1077880859375,2.844482421875,0,40.679837465286255,8.905458450317383
llama-2-13b,2,1,2,int4,False,10,1,0.014577388763427734,2.2562255859375,2.992919921875,0,45.69157791137695,9.245359659194946
llama-2-13b,2,1,2,int4,False,20,1,0.024581432342529297,2.2562255859375,2.992919921875,0,45.69157791137695,9.011067628860474
llama-2-13b,2,1,1,int4,False,10,2,0.012812376022338867,2.1781005859375,2.914794921875,0,42.3210973739624,8.966247081756592
llama-2-13b,2,1,1,int4,False,20,2,0.02104496955871582,2.1781005859375,2.914794921875,0,42.3210973739624,8.972037553787231
llama-2-13b,2,1,2,int4,False,10,2,0.015082359313964844,2.3656005859375,3.102294921875,0,48.498525619506836,8.95968246459961
llama-2-13b,2,1,2,int4,False,20,2,0.025508721669514973,2.3656005859375,3.102294921875,0,48.498525619506836,9.240538597106934
llama-2-13b,2,1,1,int4,True,10,1,0.012631575266520182,2.1077880859375,2.807373046875,0,50.41864061355591,8.976792335510254
llama-2-13b,2,1,1,int4,True,20,1,0.020610968271891277,2.1077880859375,2.805419921875,0,50.41864061355591,8.892191648483276
llama-2-13b,2,1,2,int4,True,10,1,0.01478123664855957,2.2562255859375,2.957763671875,0,61.68019962310791,8.919178247451782
llama-2-13b,2,1,2,int4,True,20,1,0.024614810943603516,2.2562255859375,2.957763671875,0,61.68019962310791,9.050894975662231
llama-2-13b,2,1,1,int4,True,10,2,0.012882073720296225,2.1781005859375,2.914794921875,0,52.43650412559509,8.939030170440674
llama-2-13b,2,1,1,int4,True,20,2,0.02112571398417155,2.1781005859375,2.914794921875,0,52.43650412559509,8.826956987380981
llama-2-13b,2,1,2,int4,True,10,2,0.015187899271647135,2.3656005859375,3.102294921875,0,64.41229677200317,8.99804401397705
llama-2-13b,2,1,2,int4,True,20,2,0.025601545969645183,2.3656005859375,3.102294921875,0,64.41229677200317,9.185378074645996
llama-2-13b,2,1,1,int4_gptq,False,10,1,0.012829939524332682,2.1156005859375,2.852294921875,0,36.527182817459106,8.774983406066895
llama-2-13b,2,1,1,int4_gptq,False,20,1,0.02126940091451009,2.1156005859375,2.852294921875,0,36.527182817459106,9.006308555603027
llama-2-13b,2,1,2,int4_gptq,False,10,1,0.015082518259684244,2.2718505859375,3.008544921875,0,39.161956787109375,9.009938716888428
llama-2-13b,2,1,2,int4_gptq,False,20,1,0.02546064058939616,2.2718505859375,3.008544921875,0,39.161956787109375,9.150131464004517
llama-2-13b,2,1,1,int4_gptq,False,10,2,0.012937227884928385,2.2249755859375,2.961669921875,0,39.35252809524536,9.151398181915283
llama-2-13b,2,1,1,int4_gptq,False,20,2,0.02134251594543457,2.2249755859375,2.961669921875,0,39.35252809524536,8.938281774520874
llama-2-13b,2,1,2,int4_gptq,False,10,2,0.015180428822835287,2.3812255859375,3.117919921875,0,42.451428174972534,9.006191730499268
llama-2-13b,2,1,2,int4_gptq,False,20,2,0.025830825169881184,2.3812255859375,3.117919921875,0,42.451428174972534,9.113259077072144
llama-2-70b,1,1,1,float16,False,10,1,0.03815468152364095,3.10272216796875,3.15740966796875,133.28270959854126,39.34688401222229,10.056871891021729
llama-2-70b,1,1,1,float16,False,20,1,0.07475034395853679,3.10272216796875,3.15740966796875,133.28270959854126,39.34688401222229,10.414892435073853
llama-2-70b,1,1,2,float16,False,10,1,0.06333462397257487,4.69842529296875,4.75506591796875,133.58373618125916,50.45593023300171,12.239621639251709
llama-2-70b,1,1,2,float16,False,20,1,0.1257476011912028,4.69842529296875,4.75506591796875,133.58373618125916,50.45593023300171,12.854840755462646
llama-2-70b,1,1,1,float16,False,10,2,0.03815642992655436,3.29803466796875,3.35467529296875,0,41.788381576538086,9.964910745620728
llama-2-70b,1,1,1,float16,False,20,2,0.07438151041666667,3.29803466796875,3.35467529296875,0,41.788381576538086,10.30118989944458
llama-2-70b,1,1,2,float16,False,10,2,0.06359378496805827,4.89373779296875,4.95037841796875,0,50.62396550178528,12.30032753944397
llama-2-70b,1,1,2,float16,False,20,2,0.12702218691507974,4.89373779296875,4.95037841796875,0,50.62396550178528,12.858426332473755
llama-2-70b,1,1,1,float16,True,10,1,0.03782804807027181,3.14178466796875,3.19647216796875,0,51.83391880989075,9.842944383621216
llama-2-70b,1,1,1,float16,True,20,1,0.074584166208903,3.14178466796875,3.19647216796875,0,51.83391880989075,10.121766328811646
llama-2-70b,1,1,2,float16,True,10,1,0.06332874298095703,4.75311279296875,4.80780029296875,0,65.60172510147095,11.905271291732788
llama-2-70b,1,1,2,float16,True,20,1,0.1256580352783203,4.75311279296875,4.80780029296875,0,65.60172510147095,12.676657438278198
llama-2-70b,1,1,1,float16,True,10,2,0.03815293312072754,3.37615966796875,3.43280029296875,0,51.80064344406128,9.819761514663696
llama-2-70b,1,1,1,float16,True,20,2,0.07503803571065266,3.37615966796875,3.43280029296875,0,51.80064344406128,10.11242413520813
llama-2-70b,1,1,2,float16,True,10,2,0.06536610921223958,4.97186279296875,5.02850341796875,0,64.34599184989929,12.258136510848999
llama-2-70b,1,1,2,float16,True,20,2,0.12686896324157715,4.97186279296875,5.02850341796875,0,64.34599184989929,12.607605457305908
llama-2-70b,1,1,1,int8,False,10,1,0.024907430013020832,2.29217529296875,2.34686279296875,0,62.73623466491699,8.763342142105103
llama-2-70b,1,1,1,int8,False,20,1,0.048900445302327476,2.29217529296875,2.34686279296875,0,62.73623466491699,8.901469945907593
llama-2-70b,1,1,2,int8,False,10,1,0.03772385915120443,3.10467529296875,3.16131591796875,0,78.61187171936035,10.028488874435425
llama-2-70b,1,1,2,int8,False,20,1,0.07431586583455403,3.10467529296875,3.16131591796875,0,78.61187171936035,10.253384351730347
llama-2-70b,1,1,1,int8,False,10,2,0.024681647618611652,2.47186279296875,2.52850341796875,0,74.50089073181152,8.828675031661987
llama-2-70b,1,1,1,int8,False,20,2,0.04826958974202474,2.47186279296875,2.52850341796875,0,74.50089073181152,8.985838174819946
llama-2-70b,1,1,2,int8,False,10,2,0.037728468577067055,3.29998779296875,3.35662841796875,0,90.03587508201599,10.051903486251831
llama-2-70b,1,1,2,int8,False,20,2,0.07425936063130696,3.29998779296875,3.35662841796875,0,90.03587508201599,10.358845949172974
llama-2-70b,1,1,1,int8,True,10,1,0.025016625722249348,2.29217529296875,2.34686279296875,0,76.6278383731842,8.755328178405762
llama-2-70b,1,1,1,int8,True,20,1,0.04887286822001139,2.29217529296875,2.34686279296875,0,76.6278383731842,8.956749439239502
llama-2-70b,1,1,2,int8,True,10,1,0.03787398338317871,3.10467529296875,3.15936279296875,0,100.6171555519104,10.029016494750977
llama-2-70b,1,1,2,int8,True,20,1,0.07528320948282878,3.10467529296875,3.15936279296875,0,100.6171555519104,10.291652202606201
llama-2-70b,1,1,1,int8,True,10,2,0.024697621663411457,2.47186279296875,2.52850341796875,0,87.49397563934326,8.667245626449585
llama-2-70b,1,1,1,int8,True,20,2,0.04834421475728353,2.47186279296875,2.52850341796875,0,87.49397563934326,8.885504961013794
llama-2-70b,1,1,2,int8,True,10,2,0.038650194803873696,3.29998779296875,3.35662841796875,0,112.86697483062744,9.841611385345459
llama-2-70b,1,1,2,int8,True,20,2,0.07429130872090657,3.29998779296875,3.35662841796875,0,112.86697483062744,10.12858533859253
llama-2-70b,1,1,1,int4,False,10,1,0.018936713536580402,1.89373779296875,1.94842529296875,0,63.468740463256836,8.092341423034668
llama-2-70b,1,1,1,int4,False,20,1,0.03715157508850098,1.89373779296875,1.94842529296875,0,63.468740463256836,8.26054835319519
llama-2-70b,1,1,2,int4,False,10,1,0.02591864267985026,2.30780029296875,2.36444091796875,0,80.67904210090637,8.839436769485474
llama-2-70b,1,1,2,int4,False,20,1,0.050564845403035484,2.30780029296875,2.36444091796875,0,80.67904210090637,9.0116605758667
llama-2-70b,1,1,1,int4,False,10,2,0.01885191599527995,2.07342529296875,2.13006591796875,0,74.23211073875427,8.24471402168274
llama-2-70b,1,1,1,int4,False,20,2,0.03697840372721354,2.07342529296875,2.13006591796875,0,74.23211073875427,8.395060777664185
llama-2-70b,1,1,2,int4,False,10,2,0.026296456654866535,2.50311279296875,2.55975341796875,0,91.59638738632202,8.837072610855103
llama-2-70b,1,1,2,int4,False,20,2,0.05132142702738444,2.50311279296875,2.55975341796875,0,91.59638738632202,9.044665813446045
llama-2-70b,1,1,1,int4,True,10,1,0.019007205963134766,1.89373779296875,1.94842529296875,0,75.65062928199768,8.12971544265747
llama-2-70b,1,1,1,int4,True,20,1,0.037035862604777016,1.89373779296875,1.94842529296875,0,75.65062928199768,8.281434535980225
llama-2-70b,1,1,2,int4,True,10,1,0.025974512100219727,2.30780029296875,2.36248779296875,0,102.83478450775146,8.731783866882324
llama-2-70b,1,1,2,int4,True,20,1,0.05081041653951009,2.30780029296875,2.36248779296875,0,102.83478450775146,8.93396520614624
llama-2-70b,1,1,1,int4,True,10,2,0.018990119298299152,2.07342529296875,2.13006591796875,0,87.04456305503845,8.111762762069702
llama-2-70b,1,1,1,int4,True,20,2,0.03691983222961426,2.07342529296875,2.13006591796875,0,87.04456305503845,8.254614114761353
llama-2-70b,1,1,2,int4,True,10,2,0.026222864786783855,2.50311279296875,2.55975341796875,0,114.13621878623962,8.658081293106079
llama-2-70b,1,1,2,int4,True,20,2,0.05190714200337728,2.50311279296875,2.55975341796875,0,114.13621878623962,8.929256677627563
llama-2-70b,1,1,1,int4_gptq,False,10,1,0.01950724919637044,1.93280029296875,1.98748779296875,0,54.97475242614746,8.16016936302185
llama-2-70b,1,1,1,int4_gptq,False,20,1,0.037719408671061196,1.93280029296875,1.98748779296875,0,54.97475242614746,8.368793964385986
llama-2-70b,1,1,2,int4_gptq,False,10,1,0.026839176813761394,2.35662841796875,2.41326904296875,0,63.851908922195435,8.834630250930786
llama-2-70b,1,1,2,int4_gptq,False,20,1,0.052564541498819985,2.35662841796875,2.41326904296875,0,63.851908922195435,9.071354866027832
llama-2-70b,1,1,1,int4_gptq,False,10,2,0.019240935643513996,2.12811279296875,2.18475341796875,0,64.56292867660522,8.270971298217773
llama-2-70b,1,1,1,int4_gptq,False,20,2,0.03741749127705892,2.12811279296875,2.18475341796875,0,64.56292867660522,8.405732870101929
llama-2-70b,1,1,2,int4_gptq,False,10,2,0.026745160420735676,2.55194091796875,2.60858154296875,0,73.27709007263184,8.756073236465454
llama-2-70b,1,1,2,int4_gptq,False,20,2,0.053129990895589195,2.55194091796875,2.60858154296875,0,73.27709007263184,8.958660364151001
llama-2-70b,1,2,1 1,float16,False,10,1,0.06389538447062175,5.5159912109375,5.7386474609375,0,48.222219467163086,10.884807348251343
llama-2-70b,1,2,1 1,float16,False,20,1,0.12705143292744955,5.5159912109375,5.7386474609375,0,48.222219467163086,11.508476734161377
llama-2-70b,1,2,2 1,float16,False,10,1,0.08944114049275716,7.1624755859375,7.3343505859375,137.46407175064087,59.00845170021057,12.550700426101685
llama-2-70b,1,2,2 1,float16,False,20,1,0.1775059700012207,7.1527099609375,7.3343505859375,137.46407175064087,59.00845170021057,13.303460597991943
llama-2-70b,1,2,1 1,float16,False,10,2,0.06519269943237305,5.9066162109375,6.1312255859375,0,49.28840780258179,11.045085430145264
llama-2-70b,1,2,1 1,float16,False,20,2,0.12773958841959634,5.9066162109375,6.1312255859375,0,49.28840780258179,11.646231651306152
llama-2-70b,1,2,2 1,float16,False,10,2,0.0912934939066569,7.5452880859375,7.7308349609375,0,59.24485158920288,12.491208791732788
llama-2-70b,1,2,2 1,float16,False,20,2,0.17885915438334146,7.5550537109375,7.7288818359375,0,59.24485158920288,13.182994365692139
llama-2-70b,1,2,1 1,float16,True,10,1,0.06411377588907878,5.5941162109375,5.8167724609375,0,62.89532923698425,11.052670240402222
llama-2-70b,1,2,1 1,float16,True,20,1,0.12735939025878906,5.5941162109375,5.8167724609375,0,62.89532923698425,11.665117263793945
llama-2-70b,1,2,2 1,float16,True,10,1,0.08936492602030437,7.2464599609375,7.4281005859375,0,76.21264576911926,13.046665668487549
llama-2-70b,1,2,2 1,float16,True,20,1,0.1774160067240397,7.2562255859375,7.4281005859375,0,76.21264576911926,13.443516254425049
llama-2-70b,1,2,1 1,float16,True,10,2,0.0643765131632487,6.0628662109375,6.2874755859375,0,63.20082402229309,11.098652124404907
llama-2-70b,1,2,1 1,float16,True,20,2,0.12853050231933594,6.0628662109375,6.2874755859375,0,63.20082402229309,11.708232641220093
llama-2-70b,1,2,2 1,float16,True,10,2,0.09167949358622234,7.7015380859375,7.8851318359375,0,76.53245830535889,12.450959920883179
llama-2-70b,1,2,2 1,float16,True,20,2,0.1792011260986328,7.7015380859375,7.8831787109375,0,76.53245830535889,13.152974605560303
llama-2-70b,1,2,1 1,int8,False,10,1,0.038457632064819336,3.8948974609375,4.1136474609375,0,79.56477069854736,10.247872352600098
llama-2-70b,1,2,1 1,int8,False,20,1,0.07552846272786458,3.8948974609375,4.1136474609375,0,79.56477069854736,10.58308482170105
llama-2-70b,1,2,2 1,int8,False,10,1,0.051010847091674805,4.7484130859375,4.9261474609375,0,95.38237476348877,10.995014190673828
llama-2-70b,1,2,2 1,int8,False,20,1,0.10060564676920573,4.7484130859375,4.9261474609375,0,95.38237476348877,11.518315553665161
llama-2-70b,1,2,1 1,int8,False,10,2,0.03825974464416504,4.2542724609375,4.4749755859375,0,90.0218186378479,10.19771409034729
llama-2-70b,1,2,1 1,int8,False,20,2,0.07589983940124512,4.2542724609375,4.4749755859375,0,90.0218186378479,10.673480987548828
llama-2-70b,1,2,2 1,int8,False,10,2,0.05118966102600098,5.1253662109375,5.3050537109375,0,105.99014902114868,11.036190271377563
llama-2-70b,1,2,2 1,int8,False,20,2,0.10130937894185384,5.1253662109375,5.3050537109375,0,105.99014902114868,11.424973249435425
llama-2-70b,1,2,1 1,int8,True,10,1,0.038562615712483726,3.8948974609375,4.1136474609375,0,95.36345744132996,10.29239821434021
llama-2-70b,1,2,1 1,int8,True,20,1,0.07570624351501465,3.8948974609375,4.1136474609375,0,95.36345744132996,10.45194149017334
llama-2-70b,1,2,2 1,int8,True,10,1,0.051073551177978516,4.7484130859375,4.9261474609375,0,121.62540054321289,11.102347373962402
llama-2-70b,1,2,2 1,int8,True,20,1,0.10076038042704265,4.7484130859375,4.9261474609375,0,121.62540054321289,11.44077754020691
llama-2-70b,1,2,1 1,int8,True,10,2,0.03844658533732096,4.2542724609375,4.4749755859375,0,108.87826371192932,10.474246263504028
llama-2-70b,1,2,1 1,int8,True,20,2,0.07565005620320638,4.2542724609375,4.4749755859375,0,108.87826371192932,10.775541543960571
llama-2-70b,1,2,2 1,int8,True,10,2,0.052177747090657554,5.1253662109375,5.3031005859375,0,134.00287199020386,10.971635103225708
llama-2-70b,1,2,2 1,int8,True,20,2,0.10112508138020833,5.1253662109375,5.3031005859375,0,134.00287199020386,11.290244340896606
llama-2-70b,1,2,1 1,int4,False,10,1,0.026568174362182617,3.0980224609375,3.3167724609375,0,82.43830633163452,10.06415581703186
llama-2-70b,1,2,1 1,int4,False,20,1,0.05180772145589193,3.0980224609375,3.3167724609375,0,82.43830633163452,10.108821392059326
llama-2-70b,1,2,2 1,int4,False,10,1,0.03320813179016113,3.5531005859375,3.7308349609375,0,101.6789801120758,10.319040536880493
llama-2-70b,1,2,2 1,int4,False,20,1,0.06488180160522461,3.5531005859375,3.7308349609375,0,101.6789801120758,10.498435497283936
llama-2-70b,1,2,1 1,int4,False,10,2,0.02701870600382487,3.4573974609375,3.6781005859375,0,94.25939297676086,9.938174962997437
llama-2-70b,1,2,1 1,int4,False,20,2,0.05276942253112793,3.4573974609375,3.6781005859375,0,94.25939297676086,10.08016061782837
llama-2-70b,1,2,2 1,int4,False,10,2,0.034136692682902016,3.9300537109375,4.1097412109375,0,112.03130531311035,10.293586730957031
llama-2-70b,1,2,2 1,int4,False,20,2,0.06678128242492676,3.9281005859375,4.1097412109375,0,112.03130531311035,10.651666641235352
llama-2-70b,1,2,1 1,int4,True,10,1,0.026549657185872395,3.0980224609375,3.3167724609375,0,100.80442929267883,9.861656904220581
llama-2-70b,1,2,1 1,int4,True,20,1,0.051897923151652016,3.0980224609375,3.3167724609375,0,100.80442929267883,10.146498918533325
llama-2-70b,1,2,2 1,int4,True,10,1,0.0333249568939209,3.5531005859375,3.7308349609375,0,128.71095776557922,10.684520959854126
llama-2-70b,1,2,2 1,int4,True,20,1,0.06634918848673503,3.5531005859375,3.7308349609375,0,128.71095776557922,10.731438636779785
llama-2-70b,1,2,1 1,int4,True,10,2,0.027050256729125977,3.4573974609375,3.6781005859375,0,112.07405686378479,10.14612627029419
llama-2-70b,1,2,1 1,int4,True,20,2,0.05332628885904948,3.4573974609375,3.6781005859375,0,112.07405686378479,10.171089172363281
llama-2-70b,1,2,2 1,int4,True,10,2,0.03391559918721517,3.9300537109375,4.1077880859375,0,141.22283124923706,10.370508193969727
llama-2-70b,1,2,2 1,int4,True,20,2,0.06670753161112468,3.9281005859375,4.1077880859375,0,141.22283124923706,10.320550918579102
llama-2-70b,1,2,1 1,int4_gptq,False,10,1,0.027460177739461262,3.1761474609375,3.3948974609375,0,63.74603271484375,10.118418455123901
llama-2-70b,1,2,1 1,int4_gptq,False,20,1,0.05350971221923828,3.1761474609375,3.3948974609375,0,63.74603271484375,10.204826831817627
llama-2-70b,1,2,2 1,int4_gptq,False,10,1,0.03438385327657064,3.6409912109375,3.8187255859375,0,71.94716262817383,10.273659467697144
llama-2-70b,1,2,2 1,int4_gptq,False,20,1,0.06847190856933594,3.6409912109375,3.8187255859375,0,71.94716262817383,10.441975593566895
llama-2-70b,1,2,1 1,int4_gptq,False,10,2,0.02765488624572754,3.5667724609375,3.7874755859375,0,75.07957148551941,10.088387489318848
llama-2-70b,1,2,1 1,int4_gptq,False,20,2,0.05382990837097168,3.5667724609375,3.7874755859375,0,75.07957148551941,10.053616046905518
llama-2-70b,1,2,2 1,int4_gptq,False,10,2,0.0346833070119222,4.0335693359375,4.2132568359375,0,86.01133322715759,10.248175859451294
llama-2-70b,1,2,2 1,int4_gptq,False,20,2,0.067871888478597,4.0316162109375,4.2132568359375,0,86.01133322715759,10.55620551109314
llama-2-70b,2,1,1,float16,False,10,1,0.025661389032999676,4.1898193359375,4.887451171875,0,39.76901888847351,10.119378805160522
llama-2-70b,2,1,1,float16,False,20,1,0.04646547635396322,4.1898193359375,4.887451171875,0,39.76901888847351,10.534246683120728
llama-2-70b,2,1,2,float16,False,10,1,0.03928788503011068,5.8402099609375,6.496826171875,0,47.04430675506592,11.130991697311401
llama-2-70b,2,1,2,float16,False,20,1,0.07472991943359375,5.7991943359375,6.496826171875,0,47.04430675506592,11.277395963668823
llama-2-70b,2,1,1,float16,False,10,2,0.025652964909871418,4.2230224609375,5.117919921875,0,40.386770486831665,10.188578128814697
llama-2-70b,2,1,1,float16,False,20,2,0.04698101679484049,4.4163818359375,5.117919921875,0,40.386770486831665,10.479787826538086
llama-2-70b,2,1,2,float16,False,10,2,0.03939286867777506,6.0101318359375,6.711669921875,0,49.00926685333252,11.057759046554565
llama-2-70b,2,1,2,float16,False,20,2,0.07364805539449056,6.0101318359375,6.711669921875,0,49.00926685333252,11.098965406417847
llama-2-70b,2,1,1,float16,True,10,1,0.025707801183064777,4.2464599609375,4.903076171875,0,50.42452383041382,10.111237049102783
llama-2-70b,2,1,1,float16,True,20,1,0.047579685846964516,4.2054443359375,4.903076171875,0,50.42452383041382,10.151772499084473
llama-2-70b,2,1,2,float16,True,10,1,0.03964869181315104,5.7991943359375,6.496826171875,0,63.30769228935242,10.98108720779419
llama-2-70b,2,1,2,float16,True,20,1,0.07549254099527995,5.8402099609375,6.496826171875,0,63.30769228935242,11.435669422149658
llama-2-70b,2,1,1,float16,True,10,2,0.025937636693318684,4.5042724609375,5.164794921875,0,50.59536933898926,10.135460138320923
llama-2-70b,2,1,1,float16,True,20,2,0.04742781321207682,4.4632568359375,5.164794921875,0,50.59536933898926,10.417644262313843
llama-2-70b,2,1,2,float16,True,10,2,0.03946868578592936,6.1605224609375,6.821044921875,0,61.52716851234436,11.018970012664795
llama-2-70b,2,1,2,float16,True,20,2,0.07514532407124837,6.1605224609375,6.821044921875,0,61.52716851234436,11.563343524932861
llama-2-70b,2,1,1,int8,False,10,1,0.01896381378173828,3.3948974609375,4.051513671875,0,55.94845247268677,9.766186714172363
llama-2-70b,2,1,1,int8,False,20,1,0.033304293950398765,3.3948974609375,4.051513671875,0,55.94845247268677,9.687182903289795
llama-2-70b,2,1,2,int8,False,10,1,0.025988658269246418,4.2230224609375,4.879638671875,0,69.78411531448364,10.164220333099365
llama-2-70b,2,1,2,int8,False,20,1,0.04752620061238607,4.1820068359375,4.879638671875,0,69.78411531448364,10.235109567642212
llama-2-70b,2,1,1,int8,False,10,2,0.01968836784362793,3.5570068359375,4.258544921875,0,61.385878801345825,9.777303218841553
llama-2-70b,2,1,1,int8,False,20,2,0.0336007277170817,3.3636474609375,4.258544921875,0,61.385878801345825,9.804551601409912
llama-2-70b,2,1,2,int8,False,10,2,0.026315848032633465,4.4573974609375,5.117919921875,0,75.88932538032532,10.408222675323486
llama-2-70b,2,1,2,int8,False,20,2,0.048273166020711265,4.4163818359375,5.117919921875,0,75.88932538032532,10.223009586334229
llama-2-70b,2,1,1,int8,True,10,1,0.018756866455078125,3.3538818359375,4.051513671875,0,68.15355157852173,9.662500381469727
llama-2-70b,2,1,1,int8,True,20,1,0.03347984949747721,3.3538818359375,4.051513671875,0,68.15355157852173,9.51286792755127
llama-2-70b,2,1,2,int8,True,10,1,0.025904178619384766,4.1820068359375,4.879638671875,0,92.39384198188782,10.160835266113281
llama-2-70b,2,1,2,int8,True,20,1,0.04774173100789388,3.9886474609375,4.879638671875,0,92.39384198188782,10.202474355697632
llama-2-70b,2,1,1,int8,True,10,2,0.019258896509806316,3.5980224609375,4.258544921875,0,74.88712406158447,10.133581399917603
llama-2-70b,2,1,1,int8,True,20,2,0.033576250076293945,3.5980224609375,4.258544921875,0,74.88712406158447,9.990778684616089
llama-2-70b,2,1,2,int8,True,10,2,0.026345252990722656,4.4163818359375,5.117919921875,0,97.92431616783142,10.05062747001648
llama-2-70b,2,1,2,int8,True,20,2,0.047637383143107094,4.4163818359375,5.117919921875,0,97.92431616783142,10.270345449447632
llama-2-70b,2,1,1,int4,False,10,1,0.015745004018147785,2.9964599609375,3.653076171875,0,57.2799813747406,9.450676202774048
llama-2-70b,2,1,1,int4,False,20,1,0.027292807896931965,2.9554443359375,3.653076171875,0,57.2799813747406,9.634241819381714
llama-2-70b,2,1,2,int4,False,10,1,0.020114342371622723,3.3851318359375,4.082763671875,0,74.41231560707092,9.658599853515625
llama-2-70b,2,1,2,int4,False,20,1,0.03541747728983561,3.3851318359375,4.082763671875,0,74.41231560707092,9.784647941589355
llama-2-70b,2,1,1,int4,False,10,2,0.017460743586222332,3.1585693359375,3.860107421875,0,62.933534145355225,9.809147119522095
llama-2-70b,2,1,1,int4,False,20,2,0.028410911560058594,3.1585693359375,3.860107421875,0,62.933534145355225,9.715420961380005
llama-2-70b,2,1,2,int4,False,10,2,0.020905812581380207,3.6195068359375,4.321044921875,0,79.53729963302612,9.696752071380615
llama-2-70b,2,1,2,int4,False,20,2,0.03720808029174805,3.6195068359375,4.321044921875,0,79.53729963302612,9.812661409378052
llama-2-70b,2,1,1,int4,True,10,1,0.016631205876668293,2.9964599609375,3.653076171875,0,70.36808252334595,9.477643728256226
llama-2-70b,2,1,1,int4,True,20,1,0.02787939707438151,2.9964599609375,3.653076171875,0,70.36808252334595,9.737566709518433
llama-2-70b,2,1,2,int4,True,10,1,0.02014954884847005,3.1917724609375,4.082763671875,0,97.25004386901855,9.657263278961182
llama-2-70b,2,1,2,int4,True,20,1,0.035751899083455406,3.3851318359375,4.082763671875,0,97.25004386901855,9.894902229309082
llama-2-70b,2,1,1,int4,True,10,2,0.016538063685099285,3.1585693359375,3.860107421875,0,75.44992327690125,9.487783432006836
llama-2-70b,2,1,1,int4,True,20,2,0.02803206443786621,3.1995849609375,3.860107421875,0,75.44992327690125,9.472068786621094
llama-2-70b,2,1,2,int4,True,10,2,0.02083428700764974,3.6195068359375,4.321044921875,0,103.91647458076477,9.793829202651978
llama-2-70b,2,1,2,int4,True,20,2,0.03657341003417969,3.6195068359375,4.321044921875,0,103.91647458076477,9.832535982131958
llama-2-70b,2,1,1,int4_gptq,False,10,1,0.016497691472371418,3.0101318359375,3.707763671875,0,48.22197151184082,9.492089748382568
llama-2-70b,2,1,1,int4_gptq,False,20,1,0.02792247136433919,3.0101318359375,3.707763671875,0,48.22197151184082,9.913265705108643
llama-2-70b,2,1,2,int4_gptq,False,10,1,0.020757595698038738,3.4320068359375,4.129638671875,0,56.20743799209595,9.802304744720459
llama-2-70b,2,1,2,int4_gptq,False,20,1,0.03732768694559733,3.4320068359375,4.129638671875,0,56.20743799209595,9.945496082305908
llama-2-70b,2,1,1,int4_gptq,False,10,2,0.016819000244140625,3.2445068359375,3.946044921875,0,54.6361186504364,9.592233419418335
llama-2-70b,2,1,1,int4_gptq,False,20,2,0.028177420298258465,3.2855224609375,3.946044921875,0,54.6361186504364,9.634600639343262
llama-2-70b,2,1,2,int4_gptq,False,10,2,0.02117808659871419,3.6663818359375,4.367919921875,0,62.26019525527954,9.796123027801514
llama-2-70b,2,1,2,int4_gptq,False,20,2,0.03741288185119629,3.7073974609375,4.367919921875,0,62.26019525527954,9.942872762680054
